0.45116,0.45116,0.45116,0.45116
0,0,0,0
-10,-10,-10,-10
0.11719,0.11719,0.11719,0.11719
1,1,1,1
0.43801,0.43801,0.43801,0.43801
0,0,0,0
-9,-9,-9,-9
0.11719,0.11719,0.11719,0.11719
1,1,1,1
0.42403,0.42403,0.42403,0.42403
1.3625e+05,1.3625e+05,1.3625e+05,1.3625e+05
-8,-8,-8,-8
0.11719,0.11719,0.11719,0.11719
1,1,1,1
0.41479,0.41479,0.41479,0.41479
7.9802e+05,7.9802e+05,7.9802e+05,7.9802e+05
-7,-7,-7,-7
0.11719,0.11719,0.11719,0.11719
1,1,1,1
0.36459,0.36459,0.36459,0.36459
9.5374e+05,9.5374e+05,9.5374e+05,9.5374e+05
-6,-6,-6,-6
0.11719,0.11719,0.11719,0.11719
1,1,1,1
0.26905,0.26905,0.26905,0.26905
1.5571e+06,1.5571e+06,1.5571e+06,1.5571e+06
-5,-5,-5,-5
0.11719,0.11719,0.11719,0.11719
1,1,1,1
0.23709,0.23709,0.23709,0.23709
1.5571e+06,1.5571e+06,1.5571e+06,1.5571e+06
-4,-4,-4,-4
0.11719,0.11719,0.11719,0.11719
1,1,1,1
0.16563,0.16563,0.16563,0.16563
1.9853e+06,1.9853e+06,1.9853e+06,1.9853e+06
-3,-3,-3,-3
0.11719,0.11719,0.11719,0.11719
1,1,1,1
0,0,0,0
3.1142e+06,3.1142e+06,3.1142e+06,3.1142e+06
-2,-2,-2,-2
0.11719,0.11719,0.11719,0.11719
1,1,1,1
0,0,0,0
3.1142e+06,3.1142e+06,3.1142e+06,3.1142e+06
-1,-1,-1,-1
0.11719,0.11719,0.11719,0.11719
1,1,1,1
0,0,0,0
3.1142e+06,3.1142e+06,3.1142e+06,3.1142e+06
0,0,0,0
0.11719,0.11719,0.11719,0.11719
1,1,1,1
0,0,0,0
3.1142e+06,3.1142e+06,3.1142e+06,3.1142e+06
1,1,1,1
0.11719,0.11719,0.11719,0.11719
1,1,1,1
0,0,0,0
3.1142e+06,3.1142e+06,3.1142e+06,3.1142e+06
2,2,2,2
0.11719,0.11719,0.11719,0.11719
1,1,1,1
0,0,0,0
3.1142e+06,3.1142e+06,3.1142e+06,3.1142e+06
3,3,3,3
0.11719,0.11719,0.11719,0.11719
1,1,1,1
0,0,0,0
3.1142e+06,3.1142e+06,3.1142e+06,3.1142e+06
4,4,4,4
0.11719,0.11719,0.11719,0.11719
1,1,1,1
0,0,0,0
3.1142e+06,3.1142e+06,3.1142e+06,3.1142e+06
5,5,5,5
0.11719,0.11719,0.11719,0.11719
1,1,1,1
0,0,0,0
3.1142e+06,3.1142e+06,3.1142e+06,3.1142e+06
6,6,6,6
0.11719,0.11719,0.11719,0.11719
1,1,1,1
0,0,0,0
3.1142e+06,3.1142e+06,3.1142e+06,3.1142e+06
7,7,7,7
0.11719,0.11719,0.11719,0.11719
1,1,1,1
0,0,0,0
3.1142e+06,3.1142e+06,3.1142e+06,3.1142e+06
8,8,8,8
0.11719,0.11719,0.11719,0.11719
1,1,1,1
0,0,0,0
3.1142e+06,3.1142e+06,3.1142e+06,3.1142e+06
9,9,9,9
0.11719,0.11719,0.11719,0.11719
1,1,1,1
0,0,0,0
3.1142e+06,3.1142e+06,3.1142e+06,3.1142e+06
10,10,10,10
0.11719,0.11719,0.11719,0.11719
1,1,1,1
0,0,0,0
3.1142e+06,3.1142e+06,3.1142e+06,3.1142e+06
11,11,11,11
0.11719,0.11719,0.11719,0.11719
1,1,1,1
0,0,0,0
3.1142e+06,3.1142e+06,3.1142e+06,3.1142e+06
12,12,12,12
0.11719,0.11719,0.11719,0.11719
1,1,1,1
0,0,0,0
3.1142e+06,3.1142e+06,3.1142e+06,3.1142e+06
13,13,13,13
0.11719,0.11719,0.11719,0.11719
1,1,1,1
0,0,0,0
3.1142e+06,3.1142e+06,3.1142e+06,3.1142e+06
14,14,14,14
0.11719,0.11719,0.11719,0.11719
1,1,1,1
0,0,0,0
3.1142e+06,3.1142e+06,3.1142e+06,3.1142e+06
15,15,15,15
0.11719,0.11719,0.11719,0.11719
1,1,1,1
0,0,0,0
3.1142e+06,3.1142e+06,3.1142e+06,3.1142e+06
16,16,16,16
0.11719,0.11719,0.11719,0.11719
1,1,1,1
0,0,0,0
3.1142e+06,3.1142e+06,3.1142e+06,3.1142e+06
17,17,17,17
0.11719,0.11719,0.11719,0.11719
1,1,1,1
0,0,0,0
3.1142e+06,3.1142e+06,3.1142e+06,3.1142e+06
18,18,18,18
0.11719,0.11719,0.11719,0.11719
1,1,1,1
0,0,0,0
3.1142e+06,3.1142e+06,3.1142e+06,3.1142e+06
19,19,19,19
0.11719,0.11719,0.11719,0.11719
1,1,1,1
0,0,0,0
3.1142e+06,3.1142e+06,3.1142e+06,3.1142e+06
20,20,20,20
0.11719,0.11719,0.11719,0.11719
1,1,1,1
0,0,0,0
3.1142e+06,3.1142e+06,3.1142e+06,3.1142e+06
21,21,21,21
0.11719,0.11719,0.11719,0.11719
1,1,1,1
0,0,0,0
3.1142e+06,3.1142e+06,3.1142e+06,3.1142e+06
22,22,22,22
0.11719,0.11719,0.11719,0.11719
1,1,1,1
0,0,0,0
3.1142e+06,3.1142e+06,3.1142e+06,3.1142e+06
23,23,23,23
0.11719,0.11719,0.11719,0.11719
1,1,1,1
0,0,0,0
3.1142e+06,3.1142e+06,3.1142e+06,3.1142e+06
24,24,24,24
0.11719,0.11719,0.11719,0.11719
1,1,1,1
0,0,0,0
3.1142e+06,3.1142e+06,3.1142e+06,3.1142e+06
25,25,25,25
0.11719,0.11719,0.11719,0.11719
1,1,1,1
0,0,0,0
3.1142e+06,3.1142e+06,3.1142e+06,3.1142e+06
26,26,26,26
0.11719,0.11719,0.11719,0.11719
1,1,1,1
0,0,0,0
3.1142e+06,3.1142e+06,3.1142e+06,3.1142e+06
27,27,27,27
0.11719,0.11719,0.11719,0.11719
1,1,1,1
0,0,0,0
3.1142e+06,3.1142e+06,3.1142e+06,3.1142e+06
28,28,28,28
0.11719,0.11719,0.11719,0.11719
1,1,1,1
0,0,0,0
3.1142e+06,3.1142e+06,3.1142e+06,3.1142e+06
29,29,29,29
0.11719,0.11719,0.11719,0.11719
1,1,1,1
0,0,0,0
3.1142e+06,3.1142e+06,3.1142e+06,3.1142e+06
30,30,30,30
0.11719,0.11719,0.11719,0.11719
1,1,1,1
0,0,0,0
3.1142e+06,3.1142e+06,3.1142e+06,3.1142e+06
31,31,31,31
0.11719,0.11719,0.11719,0.11719
1,1,1,1
0,0,0,0
3.1142e+06,3.1142e+06,3.1142e+06,3.1142e+06
32,32,32,32
0.11719,0.11719,0.11719,0.11719
1,1,1,1
0,0,0,0
3.1142e+06,3.1142e+06,3.1142e+06,3.1142e+06
33,33,33,33
0.11719,0.11719,0.11719,0.11719
1,1,1,1
0,0,0,0
3.1142e+06,3.1142e+06,3.1142e+06,3.1142e+06
34,34,34,34
0.11719,0.11719,0.11719,0.11719
1,1,1,1
0,0,0,0
3.1142e+06,3.1142e+06,3.1142e+06,3.1142e+06
35,35,35,35
0.11719,0.11719,0.11719,0.11719
1,1,1,1
0,0,0,0
3.1142e+06,3.1142e+06,3.1142e+06,3.1142e+06
36,36,36,36
0.11719,0.11719,0.11719,0.11719
1,1,1,1
0,0,0,0
3.1142e+06,3.1142e+06,3.1142e+06,3.1142e+06
37,37,37,37
0.11719,0.11719,0.11719,0.11719
1,1,1,1
0,0,0,0
3.1142e+06,3.1142e+06,3.1142e+06,3.1142e+06
38,38,38,38
0.11719,0.11719,0.11719,0.11719
1,1,1,1
0,0,0,0
3.1142e+06,3.1142e+06,3.1142e+06,3.1142e+06
39,39,39,39
0.11719,0.11719,0.11719,0.11719
1,1,1,1
0,0,0,0
3.1142e+06,3.1142e+06,3.1142e+06,3.1142e+06
40,40,40,40
0.11719,0.11719,0.11719,0.11719
1,1,1,1
0.44945,0.44945,0.44945,0.44945
0,0,0,0
-10,-10,-10,-10
0.23438,0.23438,0.23438,0.23438
1,1,1,1
0.44173,0.44173,0.44173,0.44173
0,0,0,0
-9,-9,-9,-9
0.23438,0.23438,0.23438,0.23438
1,1,1,1
0.43259,0.43259,0.43259,0.43259
0,0,0,0
-8,-8,-8,-8
0.23438,0.23438,0.23438,0.23438
1,1,1,1
0.42216,0.42216,0.42216,0.42216
0,0,0,0
-7,-7,-7,-7
0.23438,0.23438,0.23438,0.23438
1,1,1,1
0.41106,0.41106,0.41106,0.41106
2.7272e+05,2.7272e+05,2.7272e+05,2.7272e+05
-6,-6,-6,-6
0.23438,0.23438,0.23438,0.23438
1,1,1,1
0.40681,0.40681,0.40681,0.40681
1.4805e+06,1.4805e+06,1.4805e+06,1.4805e+06
-5,-5,-5,-5
0.23438,0.23438,0.23438,0.23438
1,1,1,1
0.35163,0.35163,0.35163,0.35163
1.8701e+06,1.8701e+06,1.8701e+06,1.8701e+06
-4,-4,-4,-4
0.23438,0.23438,0.23438,0.23438
1,1,1,1
0.30763,0.30763,0.30763,0.30763
2.7272e+06,2.7272e+06,2.7272e+06,2.7272e+06
-3,-3,-3,-3
0.23438,0.23438,0.23438,0.23438
1,1,1,1
0.25153,0.25153,0.25153,0.25153
3.1168e+06,3.1168e+06,3.1168e+06,3.1168e+06
-2,-2,-2,-2
0.23438,0.23438,0.23438,0.23438
1,1,1,1
0.23625,0.23625,0.23625,0.23625
3.1168e+06,3.1168e+06,3.1168e+06,3.1168e+06
-1,-1,-1,-1
0.23438,0.23438,0.23438,0.23438
1,1,1,1
0.194,0.194,0.194,0.194
3.6233e+06,3.6233e+06,3.6233e+06,3.6233e+06
0,0,0,0
0.23438,0.23438,0.23438,0.23438
1,1,1,1
0,0,0,0
6.2336e+06,6.2336e+06,6.2336e+06,6.2336e+06
1,1,1,1
0.23438,0.23438,0.23438,0.23438
1,1,1,1
0,0,0,0
6.2336e+06,6.2336e+06,6.2336e+06,6.2336e+06
2,2,2,2
0.23438,0.23438,0.23438,0.23438
1,1,1,1
0,0,0,0
6.2336e+06,6.2336e+06,6.2336e+06,6.2336e+06
3,3,3,3
0.23438,0.23438,0.23438,0.23438
1,1,1,1
0,0,0,0
6.2336e+06,6.2336e+06,6.2336e+06,6.2336e+06
4,4,4,4
0.23438,0.23438,0.23438,0.23438
1,1,1,1
0,0,0,0
6.2336e+06,6.2336e+06,6.2336e+06,6.2336e+06
5,5,5,5
0.23438,0.23438,0.23438,0.23438
1,1,1,1
0,0,0,0
6.2336e+06,6.2336e+06,6.2336e+06,6.2336e+06
6,6,6,6
0.23438,0.23438,0.23438,0.23438
1,1,1,1
0,0,0,0
6.2336e+06,6.2336e+06,6.2336e+06,6.2336e+06
7,7,7,7
0.23438,0.23438,0.23438,0.23438
1,1,1,1
0,0,0,0
6.2336e+06,6.2336e+06,6.2336e+06,6.2336e+06
8,8,8,8
0.23438,0.23438,0.23438,0.23438
1,1,1,1
0,0,0,0
6.2336e+06,6.2336e+06,6.2336e+06,6.2336e+06
9,9,9,9
0.23438,0.23438,0.23438,0.23438
1,1,1,1
0,0,0,0
6.2336e+06,6.2336e+06,6.2336e+06,6.2336e+06
10,10,10,10
0.23438,0.23438,0.23438,0.23438
1,1,1,1
0,0,0,0
6.2336e+06,6.2336e+06,6.2336e+06,6.2336e+06
11,11,11,11
0.23438,0.23438,0.23438,0.23438
1,1,1,1
0,0,0,0
6.2336e+06,6.2336e+06,6.2336e+06,6.2336e+06
12,12,12,12
0.23438,0.23438,0.23438,0.23438
1,1,1,1
0,0,0,0
6.2336e+06,6.2336e+06,6.2336e+06,6.2336e+06
13,13,13,13
0.23438,0.23438,0.23438,0.23438
1,1,1,1
0,0,0,0
6.2336e+06,6.2336e+06,6.2336e+06,6.2336e+06
14,14,14,14
0.23438,0.23438,0.23438,0.23438
1,1,1,1
0,0,0,0
6.2336e+06,6.2336e+06,6.2336e+06,6.2336e+06
15,15,15,15
0.23438,0.23438,0.23438,0.23438
1,1,1,1
0,0,0,0
6.2336e+06,6.2336e+06,6.2336e+06,6.2336e+06
16,16,16,16
0.23438,0.23438,0.23438,0.23438
1,1,1,1
0,0,0,0
6.2336e+06,6.2336e+06,6.2336e+06,6.2336e+06
17,17,17,17
0.23438,0.23438,0.23438,0.23438
1,1,1,1
0,0,0,0
6.2336e+06,6.2336e+06,6.2336e+06,6.2336e+06
18,18,18,18
0.23438,0.23438,0.23438,0.23438
1,1,1,1
0,0,0,0
6.2336e+06,6.2336e+06,6.2336e+06,6.2336e+06
19,19,19,19
0.23438,0.23438,0.23438,0.23438
1,1,1,1
0,0,0,0
6.2336e+06,6.2336e+06,6.2336e+06,6.2336e+06
20,20,20,20
0.23438,0.23438,0.23438,0.23438
1,1,1,1
0,0,0,0
6.2336e+06,6.2336e+06,6.2336e+06,6.2336e+06
21,21,21,21
0.23438,0.23438,0.23438,0.23438
1,1,1,1
0,0,0,0
6.2336e+06,6.2336e+06,6.2336e+06,6.2336e+06
22,22,22,22
0.23438,0.23438,0.23438,0.23438
1,1,1,1
0,0,0,0
6.2336e+06,6.2336e+06,6.2336e+06,6.2336e+06
23,23,23,23
0.23438,0.23438,0.23438,0.23438
1,1,1,1
0,0,0,0
6.2336e+06,6.2336e+06,6.2336e+06,6.2336e+06
24,24,24,24
0.23438,0.23438,0.23438,0.23438
1,1,1,1
0,0,0,0
6.2336e+06,6.2336e+06,6.2336e+06,6.2336e+06
25,25,25,25
0.23438,0.23438,0.23438,0.23438
1,1,1,1
0,0,0,0
6.2336e+06,6.2336e+06,6.2336e+06,6.2336e+06
26,26,26,26
0.23438,0.23438,0.23438,0.23438
1,1,1,1
0,0,0,0
6.2336e+06,6.2336e+06,6.2336e+06,6.2336e+06
27,27,27,27
0.23438,0.23438,0.23438,0.23438
1,1,1,1
0,0,0,0
6.2336e+06,6.2336e+06,6.2336e+06,6.2336e+06
28,28,28,28
0.23438,0.23438,0.23438,0.23438
1,1,1,1
0,0,0,0
6.2336e+06,6.2336e+06,6.2336e+06,6.2336e+06
29,29,29,29
0.23438,0.23438,0.23438,0.23438
1,1,1,1
0,0,0,0
6.2336e+06,6.2336e+06,6.2336e+06,6.2336e+06
30,30,30,30
0.23438,0.23438,0.23438,0.23438
1,1,1,1
0,0,0,0
6.2336e+06,6.2336e+06,6.2336e+06,6.2336e+06
31,31,31,31
0.23438,0.23438,0.23438,0.23438
1,1,1,1
0,0,0,0
6.2336e+06,6.2336e+06,6.2336e+06,6.2336e+06
32,32,32,32
0.23438,0.23438,0.23438,0.23438
1,1,1,1
0,0,0,0
6.2336e+06,6.2336e+06,6.2336e+06,6.2336e+06
33,33,33,33
0.23438,0.23438,0.23438,0.23438
1,1,1,1
0,0,0,0
6.2336e+06,6.2336e+06,6.2336e+06,6.2336e+06
34,34,34,34
0.23438,0.23438,0.23438,0.23438
1,1,1,1
0,0,0,0
6.2336e+06,6.2336e+06,6.2336e+06,6.2336e+06
35,35,35,35
0.23438,0.23438,0.23438,0.23438
1,1,1,1
0,0,0,0
6.2336e+06,6.2336e+06,6.2336e+06,6.2336e+06
36,36,36,36
0.23438,0.23438,0.23438,0.23438
1,1,1,1
0,0,0,0
6.2336e+06,6.2336e+06,6.2336e+06,6.2336e+06
37,37,37,37
0.23438,0.23438,0.23438,0.23438
1,1,1,1
0,0,0,0
6.2336e+06,6.2336e+06,6.2336e+06,6.2336e+06
38,38,38,38
0.23438,0.23438,0.23438,0.23438
1,1,1,1
0,0,0,0
6.2336e+06,6.2336e+06,6.2336e+06,6.2336e+06
39,39,39,39
0.23438,0.23438,0.23438,0.23438
1,1,1,1
0,0,0,0
6.2336e+06,6.2336e+06,6.2336e+06,6.2336e+06
40,40,40,40
0.23438,0.23438,0.23438,0.23438
1,1,1,1
0.45172,0.45172,0.45172,0.45172
0,0,0,0
-10,-10,-10,-10
0.29297,0.29297,0.29297,0.29297
1,1,1,1
0.44612,0.44612,0.44612,0.44612
0,0,0,0
-9,-9,-9,-9
0.29297,0.29297,0.29297,0.29297
1,1,1,1
0.44005,0.44005,0.44005,0.44005
0,0,0,0
-8,-8,-8,-8
0.29297,0.29297,0.29297,0.29297
1,1,1,1
0.43312,0.43312,0.43312,0.43312
0,0,0,0
-7,-7,-7,-7
0.29297,0.29297,0.29297,0.29297
1,1,1,1
0.42498,0.42498,0.42498,0.42498
0,0,0,0
-6,-6,-6,-6
0.29297,0.29297,0.29297,0.29297
1,1,1,1
0.41596,0.41596,0.41596,0.41596
0,0,0,0
-5,-5,-5,-5
0.29297,0.29297,0.29297,0.29297
1,1,1,1
0.40633,0.40633,0.40633,0.40633
0,0,0,0
-4,-4,-4,-4
0.29297,0.29297,0.29297,0.29297
1,1,1,1
0.3952,0.3952,0.3952,0.3952
1.4932e+06,1.4932e+06,1.4932e+06,1.4932e+06
-3,-3,-3,-3
0.29297,0.29297,0.29297,0.29297
1,1,1,1
0.35558,0.35558,0.35558,0.35558
2.3121e+06,2.3121e+06,2.3121e+06,2.3121e+06
-2,-2,-2,-2
0.29297,0.29297,0.29297,0.29297
1,1,1,1
0.32464,0.32464,0.32464,0.32464
2.3121e+06,2.3121e+06,2.3121e+06,2.3121e+06
-1,-1,-1,-1
0.29297,0.29297,0.29297,0.29297
1,1,1,1
0.26645,0.26645,0.26645,0.26645
3.5163e+06,3.5163e+06,3.5163e+06,3.5163e+06
0,0,0,0
0.29297,0.29297,0.29297,0.29297
1,1,1,1
0.23645,0.23645,0.23645,0.23645
3.8534e+06,3.8534e+06,3.8534e+06,3.8534e+06
1,1,1,1
0.29297,0.29297,0.29297,0.29297
1,1,1,1
0.20636,0.20636,0.20636,0.20636
4.0461e+06,4.0461e+06,4.0461e+06,4.0461e+06
2,2,2,2
0.29297,0.29297,0.29297,0.29297
1,1,1,1
0,0,0,0
7.7069e+06,7.7069e+06,7.7069e+06,7.7069e+06
3,3,3,3
0.29297,0.29297,0.29297,0.29297
1,1,1,1
0,0,0,0
7.7069e+06,7.7069e+06,7.7069e+06,7.7069e+06
4,4,4,4
0.29297,0.29297,0.29297,0.29297
1,1,1,1
0,0,0,0
7.7069e+06,7.7069e+06,7.7069e+06,7.7069e+06
5,5,5,5
0.29297,0.29297,0.29297,0.29297
1,1,1,1
0,0,0,0
7.7069e+06,7.7069e+06,7.7069e+06,7.7069e+06
6,6,6,6
0.29297,0.29297,0.29297,0.29297
1,1,1,1
0,0,0,0
7.7069e+06,7.7069e+06,7.7069e+06,7.7069e+06
7,7,7,7
0.29297,0.29297,0.29297,0.29297
1,1,1,1
0,0,0,0
7.7069e+06,7.7069e+06,7.7069e+06,7.7069e+06
8,8,8,8
0.29297,0.29297,0.29297,0.29297
1,1,1,1
0,0,0,0
7.7069e+06,7.7069e+06,7.7069e+06,7.7069e+06
9,9,9,9
0.29297,0.29297,0.29297,0.29297
1,1,1,1
0,0,0,0
7.7069e+06,7.7069e+06,7.7069e+06,7.7069e+06
10,10,10,10
0.29297,0.29297,0.29297,0.29297
1,1,1,1
0,0,0,0
7.7069e+06,7.7069e+06,7.7069e+06,7.7069e+06
11,11,11,11
0.29297,0.29297,0.29297,0.29297
1,1,1,1
0,0,0,0
7.7069e+06,7.7069e+06,7.7069e+06,7.7069e+06
12,12,12,12
0.29297,0.29297,0.29297,0.29297
1,1,1,1
0,0,0,0
7.7069e+06,7.7069e+06,7.7069e+06,7.7069e+06
13,13,13,13
0.29297,0.29297,0.29297,0.29297
1,1,1,1
0,0,0,0
7.7069e+06,7.7069e+06,7.7069e+06,7.7069e+06
14,14,14,14
0.29297,0.29297,0.29297,0.29297
1,1,1,1
0,0,0,0
7.7069e+06,7.7069e+06,7.7069e+06,7.7069e+06
15,15,15,15
0.29297,0.29297,0.29297,0.29297
1,1,1,1
0,0,0,0
7.7069e+06,7.7069e+06,7.7069e+06,7.7069e+06
16,16,16,16
0.29297,0.29297,0.29297,0.29297
1,1,1,1
0,0,0,0
7.7069e+06,7.7069e+06,7.7069e+06,7.7069e+06
17,17,17,17
0.29297,0.29297,0.29297,0.29297
1,1,1,1
0,0,0,0
7.7069e+06,7.7069e+06,7.7069e+06,7.7069e+06
18,18,18,18
0.29297,0.29297,0.29297,0.29297
1,1,1,1
0,0,0,0
7.7069e+06,7.7069e+06,7.7069e+06,7.7069e+06
19,19,19,19
0.29297,0.29297,0.29297,0.29297
1,1,1,1
0,0,0,0
7.7069e+06,7.7069e+06,7.7069e+06,7.7069e+06
20,20,20,20
0.29297,0.29297,0.29297,0.29297
1,1,1,1
0,0,0,0
7.7069e+06,7.7069e+06,7.7069e+06,7.7069e+06
21,21,21,21
0.29297,0.29297,0.29297,0.29297
1,1,1,1
0,0,0,0
7.7069e+06,7.7069e+06,7.7069e+06,7.7069e+06
22,22,22,22
0.29297,0.29297,0.29297,0.29297
1,1,1,1
0,0,0,0
7.7069e+06,7.7069e+06,7.7069e+06,7.7069e+06
23,23,23,23
0.29297,0.29297,0.29297,0.29297
1,1,1,1
0,0,0,0
7.7069e+06,7.7069e+06,7.7069e+06,7.7069e+06
24,24,24,24
0.29297,0.29297,0.29297,0.29297
1,1,1,1
0,0,0,0
7.7069e+06,7.7069e+06,7.7069e+06,7.7069e+06
25,25,25,25
0.29297,0.29297,0.29297,0.29297
1,1,1,1
0,0,0,0
7.7069e+06,7.7069e+06,7.7069e+06,7.7069e+06
26,26,26,26
0.29297,0.29297,0.29297,0.29297
1,1,1,1
0,0,0,0
7.7069e+06,7.7069e+06,7.7069e+06,7.7069e+06
27,27,27,27
0.29297,0.29297,0.29297,0.29297
1,1,1,1
0,0,0,0
7.7069e+06,7.7069e+06,7.7069e+06,7.7069e+06
28,28,28,28
0.29297,0.29297,0.29297,0.29297
1,1,1,1
0,0,0,0
7.7069e+06,7.7069e+06,7.7069e+06,7.7069e+06
29,29,29,29
0.29297,0.29297,0.29297,0.29297
1,1,1,1
0,0,0,0
7.7069e+06,7.7069e+06,7.7069e+06,7.7069e+06
30,30,30,30
0.29297,0.29297,0.29297,0.29297
1,1,1,1
0,0,0,0
7.7069e+06,7.7069e+06,7.7069e+06,7.7069e+06
31,31,31,31
0.29297,0.29297,0.29297,0.29297
1,1,1,1
0,0,0,0
7.7069e+06,7.7069e+06,7.7069e+06,7.7069e+06
32,32,32,32
0.29297,0.29297,0.29297,0.29297
1,1,1,1
0,0,0,0
7.7069e+06,7.7069e+06,7.7069e+06,7.7069e+06
33,33,33,33
0.29297,0.29297,0.29297,0.29297
1,1,1,1
0,0,0,0
7.7069e+06,7.7069e+06,7.7069e+06,7.7069e+06
34,34,34,34
0.29297,0.29297,0.29297,0.29297
1,1,1,1
0,0,0,0
7.7069e+06,7.7069e+06,7.7069e+06,7.7069e+06
35,35,35,35
0.29297,0.29297,0.29297,0.29297
1,1,1,1
0,0,0,0
7.7069e+06,7.7069e+06,7.7069e+06,7.7069e+06
36,36,36,36
0.29297,0.29297,0.29297,0.29297
1,1,1,1
0,0,0,0
7.7069e+06,7.7069e+06,7.7069e+06,7.7069e+06
37,37,37,37
0.29297,0.29297,0.29297,0.29297
1,1,1,1
0,0,0,0
7.7069e+06,7.7069e+06,7.7069e+06,7.7069e+06
38,38,38,38
0.29297,0.29297,0.29297,0.29297
1,1,1,1
0,0,0,0
7.7069e+06,7.7069e+06,7.7069e+06,7.7069e+06
39,39,39,39
0.29297,0.29297,0.29297,0.29297
1,1,1,1
0,0,0,0
7.7069e+06,7.7069e+06,7.7069e+06,7.7069e+06
40,40,40,40
0.29297,0.29297,0.29297,0.29297
1,1,1,1
0.44724,0.44724,0.44724,0.44724
0,0,0,0
-10,-10,-10,-10
0.38086,0.38086,0.38086,0.38086
1,1,1,1
0.44187,0.44187,0.44187,0.44187
0,0,0,0
-9,-9,-9,-9
0.38086,0.38086,0.38086,0.38086
1,1,1,1
0.4362,0.4362,0.4362,0.4362
0,0,0,0
-8,-8,-8,-8
0.38086,0.38086,0.38086,0.38086
1,1,1,1
0.43002,0.43002,0.43002,0.43002
0,0,0,0
-7,-7,-7,-7
0.38086,0.38086,0.38086,0.38086
1,1,1,1
0.42312,0.42312,0.42312,0.42312
0,0,0,0
-6,-6,-6,-6
0.38086,0.38086,0.38086,0.38086
1,1,1,1
0.41525,0.41525,0.41525,0.41525
0,0,0,0
-5,-5,-5,-5
0.38086,0.38086,0.38086,0.38086
1,1,1,1
0.40748,0.40748,0.40748,0.40748
0,0,0,0
-4,-4,-4,-4
0.38086,0.38086,0.38086,0.38086
1,1,1,1
0.39969,0.39969,0.39969,0.39969
0,0,0,0
-3,-3,-3,-3
0.38086,0.38086,0.38086,0.38086
1,1,1,1
0.3907,0.3907,0.3907,0.3907
1.8751e+06,1.8751e+06,1.8751e+06,1.8751e+06
-2,-2,-2,-2
0.38086,0.38086,0.38086,0.38086
1,1,1,1
0.35978,0.35978,0.35978,0.35978
3.0002e+06,3.0002e+06,3.0002e+06,3.0002e+06
-1,-1,-1,-1
0.38086,0.38086,0.38086,0.38086
1,1,1,1
0.33063,0.33063,0.33063,0.33063
3.0002e+06,3.0002e+06,3.0002e+06,3.0002e+06
0,0,0,0
0.38086,0.38086,0.38086,0.38086
1,1,1,1
0.27679,0.27679,0.27679,0.27679
4.6878e+06,4.6878e+06,4.6878e+06,4.6878e+06
1,1,1,1
0.38086,0.38086,0.38086,0.38086
1,1,1,1
0.24146,0.24146,0.24146,0.24146
5.0003e+06,5.0003e+06,5.0003e+06,5.0003e+06
2,2,2,2
0.38086,0.38086,0.38086,0.38086
1,1,1,1
0.23473,0.23473,0.23473,0.23473
5.0003e+06,5.0003e+06,5.0003e+06,5.0003e+06
3,3,3,3
0.38086,0.38086,0.38086,0.38086
1,1,1,1
0.10634,0.10634,0.10634,0.10634
7.3755e+06,7.3755e+06,7.3755e+06,7.3755e+06
4,4,4,4
0.38086,0.38086,0.38086,0.38086
1,1,1,1
0.0031209,0.0031209,0.0031209,0.0031209
9.9381e+06,9.9381e+06,9.9381e+06,9.9381e+06
5,5,5,5
0.38086,0.38086,0.38086,0.38086
1,1,1,1
0,0,0,0
1.0001e+07,1.0001e+07,1.0001e+07,1.0001e+07
6,6,6,6
0.38086,0.38086,0.38086,0.38086
1,1,1,1
0,0,0,0
1.0001e+07,1.0001e+07,1.0001e+07,1.0001e+07
7,7,7,7
0.38086,0.38086,0.38086,0.38086
1,1,1,1
0,0,0,0
1.0001e+07,1.0001e+07,1.0001e+07,1.0001e+07
8,8,8,8
0.38086,0.38086,0.38086,0.38086
1,1,1,1
0,0,0,0
1.0001e+07,1.0001e+07,1.0001e+07,1.0001e+07
9,9,9,9
0.38086,0.38086,0.38086,0.38086
1,1,1,1
0,0,0,0
1.0001e+07,1.0001e+07,1.0001e+07,1.0001e+07
10,10,10,10
0.38086,0.38086,0.38086,0.38086
1,1,1,1
0,0,0,0
1.0001e+07,1.0001e+07,1.0001e+07,1.0001e+07
11,11,11,11
0.38086,0.38086,0.38086,0.38086
1,1,1,1
0,0,0,0
1.0001e+07,1.0001e+07,1.0001e+07,1.0001e+07
12,12,12,12
0.38086,0.38086,0.38086,0.38086
1,1,1,1
0,0,0,0
1.0001e+07,1.0001e+07,1.0001e+07,1.0001e+07
13,13,13,13
0.38086,0.38086,0.38086,0.38086
1,1,1,1
0,0,0,0
1.0001e+07,1.0001e+07,1.0001e+07,1.0001e+07
14,14,14,14
0.38086,0.38086,0.38086,0.38086
1,1,1,1
0,0,0,0
1.0001e+07,1.0001e+07,1.0001e+07,1.0001e+07
15,15,15,15
0.38086,0.38086,0.38086,0.38086
1,1,1,1
0,0,0,0
1.0001e+07,1.0001e+07,1.0001e+07,1.0001e+07
16,16,16,16
0.38086,0.38086,0.38086,0.38086
1,1,1,1
0,0,0,0
1.0001e+07,1.0001e+07,1.0001e+07,1.0001e+07
17,17,17,17
0.38086,0.38086,0.38086,0.38086
1,1,1,1
0,0,0,0
1.0001e+07,1.0001e+07,1.0001e+07,1.0001e+07
18,18,18,18
0.38086,0.38086,0.38086,0.38086
1,1,1,1
0,0,0,0
1.0001e+07,1.0001e+07,1.0001e+07,1.0001e+07
19,19,19,19
0.38086,0.38086,0.38086,0.38086
1,1,1,1
0,0,0,0
1.0001e+07,1.0001e+07,1.0001e+07,1.0001e+07
20,20,20,20
0.38086,0.38086,0.38086,0.38086
1,1,1,1
0,0,0,0
1.0001e+07,1.0001e+07,1.0001e+07,1.0001e+07
21,21,21,21
0.38086,0.38086,0.38086,0.38086
1,1,1,1
0,0,0,0
1.0001e+07,1.0001e+07,1.0001e+07,1.0001e+07
22,22,22,22
0.38086,0.38086,0.38086,0.38086
1,1,1,1
0,0,0,0
1.0001e+07,1.0001e+07,1.0001e+07,1.0001e+07
23,23,23,23
0.38086,0.38086,0.38086,0.38086
1,1,1,1
0,0,0,0
1.0001e+07,1.0001e+07,1.0001e+07,1.0001e+07
24,24,24,24
0.38086,0.38086,0.38086,0.38086
1,1,1,1
0,0,0,0
1.0001e+07,1.0001e+07,1.0001e+07,1.0001e+07
25,25,25,25
0.38086,0.38086,0.38086,0.38086
1,1,1,1
0,0,0,0
1.0001e+07,1.0001e+07,1.0001e+07,1.0001e+07
26,26,26,26
0.38086,0.38086,0.38086,0.38086
1,1,1,1
0,0,0,0
1.0001e+07,1.0001e+07,1.0001e+07,1.0001e+07
27,27,27,27
0.38086,0.38086,0.38086,0.38086
1,1,1,1
0,0,0,0
1.0001e+07,1.0001e+07,1.0001e+07,1.0001e+07
28,28,28,28
0.38086,0.38086,0.38086,0.38086
1,1,1,1
0,0,0,0
1.0001e+07,1.0001e+07,1.0001e+07,1.0001e+07
29,29,29,29
0.38086,0.38086,0.38086,0.38086
1,1,1,1
0,0,0,0
1.0001e+07,1.0001e+07,1.0001e+07,1.0001e+07
30,30,30,30
0.38086,0.38086,0.38086,0.38086
1,1,1,1
0,0,0,0
1.0001e+07,1.0001e+07,1.0001e+07,1.0001e+07
31,31,31,31
0.38086,0.38086,0.38086,0.38086
1,1,1,1
0,0,0,0
1.0001e+07,1.0001e+07,1.0001e+07,1.0001e+07
32,32,32,32
0.38086,0.38086,0.38086,0.38086
1,1,1,1
0,0,0,0
1.0001e+07,1.0001e+07,1.0001e+07,1.0001e+07
33,33,33,33
0.38086,0.38086,0.38086,0.38086
1,1,1,1
0,0,0,0
1.0001e+07,1.0001e+07,1.0001e+07,1.0001e+07
34,34,34,34
0.38086,0.38086,0.38086,0.38086
1,1,1,1
0,0,0,0
1.0001e+07,1.0001e+07,1.0001e+07,1.0001e+07
35,35,35,35
0.38086,0.38086,0.38086,0.38086
1,1,1,1
0,0,0,0
1.0001e+07,1.0001e+07,1.0001e+07,1.0001e+07
36,36,36,36
0.38086,0.38086,0.38086,0.38086
1,1,1,1
0,0,0,0
1.0001e+07,1.0001e+07,1.0001e+07,1.0001e+07
37,37,37,37
0.38086,0.38086,0.38086,0.38086
1,1,1,1
0,0,0,0
1.0001e+07,1.0001e+07,1.0001e+07,1.0001e+07
38,38,38,38
0.38086,0.38086,0.38086,0.38086
1,1,1,1
0,0,0,0
1.0001e+07,1.0001e+07,1.0001e+07,1.0001e+07
39,39,39,39
0.38086,0.38086,0.38086,0.38086
1,1,1,1
0,0,0,0
1.0001e+07,1.0001e+07,1.0001e+07,1.0001e+07
40,40,40,40
0.38086,0.38086,0.38086,0.38086
1,1,1,1
0.44652,0.44652,0.44652,0.44652
0,0,0,0
-10,-10,-10,-10
0.47852,0.47852,0.47852,0.47852
1,1,1,1
0.44158,0.44158,0.44158,0.44158
0,0,0,0
-9,-9,-9,-9
0.47852,0.47852,0.47852,0.47852
1,1,1,1
0.43652,0.43652,0.43652,0.43652
0,0,0,0
-8,-8,-8,-8
0.47852,0.47852,0.47852,0.47852
1,1,1,1
0.43112,0.43112,0.43112,0.43112
0,0,0,0
-7,-7,-7,-7
0.47852,0.47852,0.47852,0.47852
1,1,1,1
0.42519,0.42519,0.42519,0.42519
0,0,0,0
-6,-6,-6,-6
0.47852,0.47852,0.47852,0.47852
1,1,1,1
0.41846,0.41846,0.41846,0.41846
0,0,0,0
-5,-5,-5,-5
0.47852,0.47852,0.47852,0.47852
1,1,1,1
0.4114,0.4114,0.4114,0.4114
0,0,0,0
-4,-4,-4,-4
0.47852,0.47852,0.47852,0.47852
1,1,1,1
0.40444,0.40444,0.40444,0.40444
0,0,0,0
-3,-3,-3,-3
0.47852,0.47852,0.47852,0.47852
1,1,1,1
0.39756,0.39756,0.39756,0.39756
0,0,0,0
-2,-2,-2,-2
0.47852,0.47852,0.47852,0.47852
1,1,1,1
0.39034,0.39034,0.39034,0.39034
2.4927e+06,2.4927e+06,2.4927e+06,2.4927e+06
-1,-1,-1,-1
0.47852,0.47852,0.47852,0.47852
1,1,1,1
0.35609,0.35609,0.35609,0.35609
3.739e+06,3.739e+06,3.739e+06,3.739e+06
0,0,0,0
0.47852,0.47852,0.47852,0.47852
1,1,1,1
0.34278,0.34278,0.34278,0.34278
3.739e+06,3.739e+06,3.739e+06,3.739e+06
1,1,1,1
0.47852,0.47852,0.47852,0.47852
1,1,1,1
0.29116,0.29116,0.29116,0.29116
6.2317e+06,6.2317e+06,6.2317e+06,6.2317e+06
2,2,2,2
0.47852,0.47852,0.47852,0.47852
1,1,1,1
0.26523,0.26523,0.26523,0.26523
6.2317e+06,6.2317e+06,6.2317e+06,6.2317e+06
3,3,3,3
0.47852,0.47852,0.47852,0.47852
1,1,1,1
0.24329,0.24329,0.24329,0.24329
6.2317e+06,6.2317e+06,6.2317e+06,6.2317e+06
4,4,4,4
0.47852,0.47852,0.47852,0.47852
1,1,1,1
0.23555,0.23555,0.23555,0.23555
6.2317e+06,6.2317e+06,6.2317e+06,6.2317e+06
5,5,5,5
0.47852,0.47852,0.47852,0.47852
1,1,1,1
0.24394,0.24394,0.24394,0.24394
6.2317e+06,6.2317e+06,6.2317e+06,6.2317e+06
6,6,6,6
0.47852,0.47852,0.47852,0.47852
1,1,1,1
0.059418,0.059418,0.059418,0.059418
1.0594e+07,1.0594e+07,1.0594e+07,1.0594e+07
7,7,7,7
0.47852,0.47852,0.47852,0.47852
1,1,1,1
0,0,0,0
1.2463e+07,1.2463e+07,1.2463e+07,1.2463e+07
8,8,8,8
0.47852,0.47852,0.47852,0.47852
1,1,1,1
0,0,0,0
1.2463e+07,1.2463e+07,1.2463e+07,1.2463e+07
9,9,9,9
0.47852,0.47852,0.47852,0.47852
1,1,1,1
0,0,0,0
1.2463e+07,1.2463e+07,1.2463e+07,1.2463e+07
10,10,10,10
0.47852,0.47852,0.47852,0.47852
1,1,1,1
0,0,0,0
1.2463e+07,1.2463e+07,1.2463e+07,1.2463e+07
11,11,11,11
0.47852,0.47852,0.47852,0.47852
1,1,1,1
0,0,0,0
1.2463e+07,1.2463e+07,1.2463e+07,1.2463e+07
12,12,12,12
0.47852,0.47852,0.47852,0.47852
1,1,1,1
0,0,0,0
1.2463e+07,1.2463e+07,1.2463e+07,1.2463e+07
13,13,13,13
0.47852,0.47852,0.47852,0.47852
1,1,1,1
0,0,0,0
1.2463e+07,1.2463e+07,1.2463e+07,1.2463e+07
14,14,14,14
0.47852,0.47852,0.47852,0.47852
1,1,1,1
0,0,0,0
1.2463e+07,1.2463e+07,1.2463e+07,1.2463e+07
15,15,15,15
0.47852,0.47852,0.47852,0.47852
1,1,1,1
0,0,0,0
1.2463e+07,1.2463e+07,1.2463e+07,1.2463e+07
16,16,16,16
0.47852,0.47852,0.47852,0.47852
1,1,1,1
0,0,0,0
1.2463e+07,1.2463e+07,1.2463e+07,1.2463e+07
17,17,17,17
0.47852,0.47852,0.47852,0.47852
1,1,1,1
0,0,0,0
1.2463e+07,1.2463e+07,1.2463e+07,1.2463e+07
18,18,18,18
0.47852,0.47852,0.47852,0.47852
1,1,1,1
0,0,0,0
1.2463e+07,1.2463e+07,1.2463e+07,1.2463e+07
19,19,19,19
0.47852,0.47852,0.47852,0.47852
1,1,1,1
0,0,0,0
1.2463e+07,1.2463e+07,1.2463e+07,1.2463e+07
20,20,20,20
0.47852,0.47852,0.47852,0.47852
1,1,1,1
0,0,0,0
1.2463e+07,1.2463e+07,1.2463e+07,1.2463e+07
21,21,21,21
0.47852,0.47852,0.47852,0.47852
1,1,1,1
0,0,0,0
1.2463e+07,1.2463e+07,1.2463e+07,1.2463e+07
22,22,22,22
0.47852,0.47852,0.47852,0.47852
1,1,1,1
0,0,0,0
1.2463e+07,1.2463e+07,1.2463e+07,1.2463e+07
23,23,23,23
0.47852,0.47852,0.47852,0.47852
1,1,1,1
0,0,0,0
1.2463e+07,1.2463e+07,1.2463e+07,1.2463e+07
24,24,24,24
0.47852,0.47852,0.47852,0.47852
1,1,1,1
0,0,0,0
1.2463e+07,1.2463e+07,1.2463e+07,1.2463e+07
25,25,25,25
0.47852,0.47852,0.47852,0.47852
1,1,1,1
0,0,0,0
1.2463e+07,1.2463e+07,1.2463e+07,1.2463e+07
26,26,26,26
0.47852,0.47852,0.47852,0.47852
1,1,1,1
0,0,0,0
1.2463e+07,1.2463e+07,1.2463e+07,1.2463e+07
27,27,27,27
0.47852,0.47852,0.47852,0.47852
1,1,1,1
0,0,0,0
1.2463e+07,1.2463e+07,1.2463e+07,1.2463e+07
28,28,28,28
0.47852,0.47852,0.47852,0.47852
1,1,1,1
0,0,0,0
1.2463e+07,1.2463e+07,1.2463e+07,1.2463e+07
29,29,29,29
0.47852,0.47852,0.47852,0.47852
1,1,1,1
0,0,0,0
1.2463e+07,1.2463e+07,1.2463e+07,1.2463e+07
30,30,30,30
0.47852,0.47852,0.47852,0.47852
1,1,1,1
0,0,0,0
1.2463e+07,1.2463e+07,1.2463e+07,1.2463e+07
31,31,31,31
0.47852,0.47852,0.47852,0.47852
1,1,1,1
0,0,0,0
1.2463e+07,1.2463e+07,1.2463e+07,1.2463e+07
32,32,32,32
0.47852,0.47852,0.47852,0.47852
1,1,1,1
0,0,0,0
1.2463e+07,1.2463e+07,1.2463e+07,1.2463e+07
33,33,33,33
0.47852,0.47852,0.47852,0.47852
1,1,1,1
0,0,0,0
1.2463e+07,1.2463e+07,1.2463e+07,1.2463e+07
34,34,34,34
0.47852,0.47852,0.47852,0.47852
1,1,1,1
0,0,0,0
1.2463e+07,1.2463e+07,1.2463e+07,1.2463e+07
35,35,35,35
0.47852,0.47852,0.47852,0.47852
1,1,1,1
0,0,0,0
1.2463e+07,1.2463e+07,1.2463e+07,1.2463e+07
36,36,36,36
0.47852,0.47852,0.47852,0.47852
1,1,1,1
0,0,0,0
1.2463e+07,1.2463e+07,1.2463e+07,1.2463e+07
37,37,37,37
0.47852,0.47852,0.47852,0.47852
1,1,1,1
0,0,0,0
1.2463e+07,1.2463e+07,1.2463e+07,1.2463e+07
38,38,38,38
0.47852,0.47852,0.47852,0.47852
1,1,1,1
0,0,0,0
1.2463e+07,1.2463e+07,1.2463e+07,1.2463e+07
39,39,39,39
0.47852,0.47852,0.47852,0.47852
1,1,1,1
0,0,0,0
1.2463e+07,1.2463e+07,1.2463e+07,1.2463e+07
40,40,40,40
0.47852,0.47852,0.47852,0.47852
1,1,1,1
0.44681,0.44681,0.44681,0.44681
0,0,0,0
-10,-10,-10,-10
0.53711,0.53711,0.53711,0.53711
1,1,1,1
0.44195,0.44195,0.44195,0.44195
0,0,0,0
-9,-9,-9,-9
0.53711,0.53711,0.53711,0.53711
1,1,1,1
0.43688,0.43688,0.43688,0.43688
0,0,0,0
-8,-8,-8,-8
0.53711,0.53711,0.53711,0.53711
1,1,1,1
0.43166,0.43166,0.43166,0.43166
0,0,0,0
-7,-7,-7,-7
0.53711,0.53711,0.53711,0.53711
1,1,1,1
0.42617,0.42617,0.42617,0.42617
0,0,0,0
-6,-6,-6,-6
0.53711,0.53711,0.53711,0.53711
1,1,1,1
0.42027,0.42027,0.42027,0.42027
0,0,0,0
-5,-5,-5,-5
0.53711,0.53711,0.53711,0.53711
1,1,1,1
0.41365,0.41365,0.41365,0.41365
0,0,0,0
-4,-4,-4,-4
0.53711,0.53711,0.53711,0.53711
1,1,1,1
0.40668,0.40668,0.40668,0.40668
0,0,0,0
-3,-3,-3,-3
0.53711,0.53711,0.53711,0.53711
1,1,1,1
0.39998,0.39998,0.39998,0.39998
0,0,0,0
-2,-2,-2,-2
0.53711,0.53711,0.53711,0.53711
1,1,1,1
0.3931,0.3931,0.3931,0.3931
1.5852e+06,1.5852e+06,1.5852e+06,1.5852e+06
-1,-1,-1,-1
0.53711,0.53711,0.53711,0.53711
1,1,1,1
0.39229,0.39229,0.39229,0.39229
2.818e+06,2.818e+06,2.818e+06,2.818e+06
0,0,0,0
0.53711,0.53711,0.53711,0.53711
1,1,1,1
0.35479,0.35479,0.35479,0.35479
4.2271e+06,4.2271e+06,4.2271e+06,4.2271e+06
1,1,1,1
0.53711,0.53711,0.53711,0.53711
1,1,1,1
0.34409,0.34409,0.34409,0.34409
5.2838e+06,5.2838e+06,5.2838e+06,5.2838e+06
2,2,2,2
0.53711,0.53711,0.53711,0.53711
1,1,1,1
0.29166,0.29166,0.29166,0.29166
7.0451e+06,7.0451e+06,7.0451e+06,7.0451e+06
3,3,3,3
0.53711,0.53711,0.53711,0.53711
1,1,1,1
0.27187,0.27187,0.27187,0.27187
7.0451e+06,7.0451e+06,7.0451e+06,7.0451e+06
4,4,4,4
0.53711,0.53711,0.53711,0.53711
1,1,1,1
0.25271,0.25271,0.25271,0.25271
7.0451e+06,7.0451e+06,7.0451e+06,7.0451e+06
5,5,5,5
0.53711,0.53711,0.53711,0.53711
1,1,1,1
0.24011,0.24011,0.24011,0.24011
7.0451e+06,7.0451e+06,7.0451e+06,7.0451e+06
6,6,6,6
0.53711,0.53711,0.53711,0.53711
1,1,1,1
0.23522,0.23522,0.23522,0.23522
7.0451e+06,7.0451e+06,7.0451e+06,7.0451e+06
7,7,7,7
0.53711,0.53711,0.53711,0.53711
1,1,1,1
0.22805,0.22805,0.22805,0.22805
7.0451e+06,7.0451e+06,7.0451e+06,7.0451e+06
8,8,8,8
0.53711,0.53711,0.53711,0.53711
1,1,1,1
0.056274,0.056274,0.056274,0.056274
1.2065e+07,1.2065e+07,1.2065e+07,1.2065e+07
9,9,9,9
0.53711,0.53711,0.53711,0.53711
1,1,1,1
0,0,0,0
1.409e+07,1.409e+07,1.409e+07,1.409e+07
10,10,10,10
0.53711,0.53711,0.53711,0.53711
1,1,1,1
0,0,0,0
1.409e+07,1.409e+07,1.409e+07,1.409e+07
11,11,11,11
0.53711,0.53711,0.53711,0.53711
1,1,1,1
0,0,0,0
1.409e+07,1.409e+07,1.409e+07,1.409e+07
12,12,12,12
0.53711,0.53711,0.53711,0.53711
1,1,1,1
0,0,0,0
1.409e+07,1.409e+07,1.409e+07,1.409e+07
13,13,13,13
0.53711,0.53711,0.53711,0.53711
1,1,1,1
0,0,0,0
1.409e+07,1.409e+07,1.409e+07,1.409e+07
14,14,14,14
0.53711,0.53711,0.53711,0.53711
1,1,1,1
0,0,0,0
1.409e+07,1.409e+07,1.409e+07,1.409e+07
15,15,15,15
0.53711,0.53711,0.53711,0.53711
1,1,1,1
0,0,0,0
1.409e+07,1.409e+07,1.409e+07,1.409e+07
16,16,16,16
0.53711,0.53711,0.53711,0.53711
1,1,1,1
0,0,0,0
1.409e+07,1.409e+07,1.409e+07,1.409e+07
17,17,17,17
0.53711,0.53711,0.53711,0.53711
1,1,1,1
0,0,0,0
1.409e+07,1.409e+07,1.409e+07,1.409e+07
18,18,18,18
0.53711,0.53711,0.53711,0.53711
1,1,1,1
0,0,0,0
1.409e+07,1.409e+07,1.409e+07,1.409e+07
19,19,19,19
0.53711,0.53711,0.53711,0.53711
1,1,1,1
0,0,0,0
1.409e+07,1.409e+07,1.409e+07,1.409e+07
20,20,20,20
0.53711,0.53711,0.53711,0.53711
1,1,1,1
0,0,0,0
1.409e+07,1.409e+07,1.409e+07,1.409e+07
21,21,21,21
0.53711,0.53711,0.53711,0.53711
1,1,1,1
0,0,0,0
1.409e+07,1.409e+07,1.409e+07,1.409e+07
22,22,22,22
0.53711,0.53711,0.53711,0.53711
1,1,1,1
0,0,0,0
1.409e+07,1.409e+07,1.409e+07,1.409e+07
23,23,23,23
0.53711,0.53711,0.53711,0.53711
1,1,1,1
0,0,0,0
1.409e+07,1.409e+07,1.409e+07,1.409e+07
24,24,24,24
0.53711,0.53711,0.53711,0.53711
1,1,1,1
0,0,0,0
1.409e+07,1.409e+07,1.409e+07,1.409e+07
25,25,25,25
0.53711,0.53711,0.53711,0.53711
1,1,1,1
0,0,0,0
1.409e+07,1.409e+07,1.409e+07,1.409e+07
26,26,26,26
0.53711,0.53711,0.53711,0.53711
1,1,1,1
0,0,0,0
1.409e+07,1.409e+07,1.409e+07,1.409e+07
27,27,27,27
0.53711,0.53711,0.53711,0.53711
1,1,1,1
0,0,0,0
1.409e+07,1.409e+07,1.409e+07,1.409e+07
28,28,28,28
0.53711,0.53711,0.53711,0.53711
1,1,1,1
0,0,0,0
1.409e+07,1.409e+07,1.409e+07,1.409e+07
29,29,29,29
0.53711,0.53711,0.53711,0.53711
1,1,1,1
0,0,0,0
1.409e+07,1.409e+07,1.409e+07,1.409e+07
30,30,30,30
0.53711,0.53711,0.53711,0.53711
1,1,1,1
0,0,0,0
1.409e+07,1.409e+07,1.409e+07,1.409e+07
31,31,31,31
0.53711,0.53711,0.53711,0.53711
1,1,1,1
0,0,0,0
1.409e+07,1.409e+07,1.409e+07,1.409e+07
32,32,32,32
0.53711,0.53711,0.53711,0.53711
1,1,1,1
0,0,0,0
1.409e+07,1.409e+07,1.409e+07,1.409e+07
33,33,33,33
0.53711,0.53711,0.53711,0.53711
1,1,1,1
0,0,0,0
1.409e+07,1.409e+07,1.409e+07,1.409e+07
34,34,34,34
0.53711,0.53711,0.53711,0.53711
1,1,1,1
0,0,0,0
1.409e+07,1.409e+07,1.409e+07,1.409e+07
35,35,35,35
0.53711,0.53711,0.53711,0.53711
1,1,1,1
0,0,0,0
1.409e+07,1.409e+07,1.409e+07,1.409e+07
36,36,36,36
0.53711,0.53711,0.53711,0.53711
1,1,1,1
0,0,0,0
1.409e+07,1.409e+07,1.409e+07,1.409e+07
37,37,37,37
0.53711,0.53711,0.53711,0.53711
1,1,1,1
0,0,0,0
1.409e+07,1.409e+07,1.409e+07,1.409e+07
38,38,38,38
0.53711,0.53711,0.53711,0.53711
1,1,1,1
0,0,0,0
1.409e+07,1.409e+07,1.409e+07,1.409e+07
39,39,39,39
0.53711,0.53711,0.53711,0.53711
1,1,1,1
0,0,0,0
1.409e+07,1.409e+07,1.409e+07,1.409e+07
40,40,40,40
0.53711,0.53711,0.53711,0.53711
1,1,1,1
0.44956,0.44956,0.44956,0.44956
0,0,0,0
-10,-10,-10,-10
0.60547,0.60547,0.60547,0.60547
1,1,1,1
0.44471,0.44471,0.44471,0.44471
0,0,0,0
-9,-9,-9,-9
0.60547,0.60547,0.60547,0.60547
1,1,1,1
0.43973,0.43973,0.43973,0.43973
0,0,0,0
-8,-8,-8,-8
0.60547,0.60547,0.60547,0.60547
1,1,1,1
0.43464,0.43464,0.43464,0.43464
0,0,0,0
-7,-7,-7,-7
0.60547,0.60547,0.60547,0.60547
1,1,1,1
0.42933,0.42933,0.42933,0.42933
0,0,0,0
-6,-6,-6,-6
0.60547,0.60547,0.60547,0.60547
1,1,1,1
0.4237,0.4237,0.4237,0.4237
0,0,0,0
-5,-5,-5,-5
0.60547,0.60547,0.60547,0.60547
1,1,1,1
0.41753,0.41753,0.41753,0.41753
0,0,0,0
-4,-4,-4,-4
0.60547,0.60547,0.60547,0.60547
1,1,1,1
0.41115,0.41115,0.41115,0.41115
0,0,0,0
-3,-3,-3,-3
0.60547,0.60547,0.60547,0.60547
1,1,1,1
0.40465,0.40465,0.40465,0.40465
0,0,0,0
-2,-2,-2,-2
0.60547,0.60547,0.60547,0.60547
1,1,1,1
0.39825,0.39825,0.39825,0.39825
0,0,0,0
-1,-1,-1,-1
0.60547,0.60547,0.60547,0.60547
1,1,1,1
0.39168,0.39168,0.39168,0.39168
2.0078e+06,2.0078e+06,2.0078e+06,2.0078e+06
0,0,0,0
0.60547,0.60547,0.60547,0.60547
1,1,1,1
0.38555,0.38555,0.38555,0.38555
3.2125e+06,3.2125e+06,3.2125e+06,3.2125e+06
1,1,1,1
0.60547,0.60547,0.60547,0.60547
1,1,1,1
0.35249,0.35249,0.35249,0.35249
4.8188e+06,4.8188e+06,4.8188e+06,4.8188e+06
2,2,2,2
0.60547,0.60547,0.60547,0.60547
1,1,1,1
0.33305,0.33305,0.33305,0.33305
6.5255e+06,6.5255e+06,6.5255e+06,6.5255e+06
3,3,3,3
0.60547,0.60547,0.60547,0.60547
1,1,1,1
0.30231,0.30231,0.30231,0.30231
8.0314e+06,8.0314e+06,8.0314e+06,8.0314e+06
4,4,4,4
0.60547,0.60547,0.60547,0.60547
1,1,1,1
0.29132,0.29132,0.29132,0.29132
8.0314e+06,8.0314e+06,8.0314e+06,8.0314e+06
5,5,5,5
0.60547,0.60547,0.60547,0.60547
1,1,1,1
0.27812,0.27812,0.27812,0.27812
8.0314e+06,8.0314e+06,8.0314e+06,8.0314e+06
6,6,6,6
0.60547,0.60547,0.60547,0.60547
1,1,1,1
0.26164,0.26164,0.26164,0.26164
8.0314e+06,8.0314e+06,8.0314e+06,8.0314e+06
7,7,7,7
0.60547,0.60547,0.60547,0.60547
1,1,1,1
0.24468,0.24468,0.24468,0.24468
8.0314e+06,8.0314e+06,8.0314e+06,8.0314e+06
8,8,8,8
0.60547,0.60547,0.60547,0.60547
1,1,1,1
0.23598,0.23598,0.23598,0.23598
8.0314e+06,8.0314e+06,8.0314e+06,8.0314e+06
9,9,9,9
0.60547,0.60547,0.60547,0.60547
1,1,1,1
0.23455,0.23455,0.23455,0.23455
8.1318e+06,8.1318e+06,8.1318e+06,8.1318e+06
10,10,10,10
0.60547,0.60547,0.60547,0.60547
1,1,1,1
0.056171,0.056171,0.056171,0.056171
1.3653e+07,1.3653e+07,1.3653e+07,1.3653e+07
11,11,11,11
0.60547,0.60547,0.60547,0.60547
1,1,1,1
0,0,0,0
1.6063e+07,1.6063e+07,1.6063e+07,1.6063e+07
12,12,12,12
0.60547,0.60547,0.60547,0.60547
1,1,1,1
0,0,0,0
1.6063e+07,1.6063e+07,1.6063e+07,1.6063e+07
13,13,13,13
0.60547,0.60547,0.60547,0.60547
1,1,1,1
0,0,0,0
1.6063e+07,1.6063e+07,1.6063e+07,1.6063e+07
14,14,14,14
0.60547,0.60547,0.60547,0.60547
1,1,1,1
0,0,0,0
1.6063e+07,1.6063e+07,1.6063e+07,1.6063e+07
15,15,15,15
0.60547,0.60547,0.60547,0.60547
1,1,1,1
0,0,0,0
1.6063e+07,1.6063e+07,1.6063e+07,1.6063e+07
16,16,16,16
0.60547,0.60547,0.60547,0.60547
1,1,1,1
0,0,0,0
1.6063e+07,1.6063e+07,1.6063e+07,1.6063e+07
17,17,17,17
0.60547,0.60547,0.60547,0.60547
1,1,1,1
0,0,0,0
1.6063e+07,1.6063e+07,1.6063e+07,1.6063e+07
18,18,18,18
0.60547,0.60547,0.60547,0.60547
1,1,1,1
0,0,0,0
1.6063e+07,1.6063e+07,1.6063e+07,1.6063e+07
19,19,19,19
0.60547,0.60547,0.60547,0.60547
1,1,1,1
0,0,0,0
1.6063e+07,1.6063e+07,1.6063e+07,1.6063e+07
20,20,20,20
0.60547,0.60547,0.60547,0.60547
1,1,1,1
0,0,0,0
1.6063e+07,1.6063e+07,1.6063e+07,1.6063e+07
21,21,21,21
0.60547,0.60547,0.60547,0.60547
1,1,1,1
0,0,0,0
1.6063e+07,1.6063e+07,1.6063e+07,1.6063e+07
22,22,22,22
0.60547,0.60547,0.60547,0.60547
1,1,1,1
0,0,0,0
1.6063e+07,1.6063e+07,1.6063e+07,1.6063e+07
23,23,23,23
0.60547,0.60547,0.60547,0.60547
1,1,1,1
0,0,0,0
1.6063e+07,1.6063e+07,1.6063e+07,1.6063e+07
24,24,24,24
0.60547,0.60547,0.60547,0.60547
1,1,1,1
0,0,0,0
1.6063e+07,1.6063e+07,1.6063e+07,1.6063e+07
25,25,25,25
0.60547,0.60547,0.60547,0.60547
1,1,1,1
0,0,0,0
1.6063e+07,1.6063e+07,1.6063e+07,1.6063e+07
26,26,26,26
0.60547,0.60547,0.60547,0.60547
1,1,1,1
0,0,0,0
1.6063e+07,1.6063e+07,1.6063e+07,1.6063e+07
27,27,27,27
0.60547,0.60547,0.60547,0.60547
1,1,1,1
0,0,0,0
1.6063e+07,1.6063e+07,1.6063e+07,1.6063e+07
28,28,28,28
0.60547,0.60547,0.60547,0.60547
1,1,1,1
0,0,0,0
1.6063e+07,1.6063e+07,1.6063e+07,1.6063e+07
29,29,29,29
0.60547,0.60547,0.60547,0.60547
1,1,1,1
0,0,0,0
1.6063e+07,1.6063e+07,1.6063e+07,1.6063e+07
30,30,30,30
0.60547,0.60547,0.60547,0.60547
1,1,1,1
0,0,0,0
1.6063e+07,1.6063e+07,1.6063e+07,1.6063e+07
31,31,31,31
0.60547,0.60547,0.60547,0.60547
1,1,1,1
0,0,0,0
1.6063e+07,1.6063e+07,1.6063e+07,1.6063e+07
32,32,32,32
0.60547,0.60547,0.60547,0.60547
1,1,1,1
0,0,0,0
1.6063e+07,1.6063e+07,1.6063e+07,1.6063e+07
33,33,33,33
0.60547,0.60547,0.60547,0.60547
1,1,1,1
0,0,0,0
1.6063e+07,1.6063e+07,1.6063e+07,1.6063e+07
34,34,34,34
0.60547,0.60547,0.60547,0.60547
1,1,1,1
0,0,0,0
1.6063e+07,1.6063e+07,1.6063e+07,1.6063e+07
35,35,35,35
0.60547,0.60547,0.60547,0.60547
1,1,1,1
0,0,0,0
1.6063e+07,1.6063e+07,1.6063e+07,1.6063e+07
36,36,36,36
0.60547,0.60547,0.60547,0.60547
1,1,1,1
0,0,0,0
1.6063e+07,1.6063e+07,1.6063e+07,1.6063e+07
37,37,37,37
0.60547,0.60547,0.60547,0.60547
1,1,1,1
0,0,0,0
1.6063e+07,1.6063e+07,1.6063e+07,1.6063e+07
38,38,38,38
0.60547,0.60547,0.60547,0.60547
1,1,1,1
0,0,0,0
1.6063e+07,1.6063e+07,1.6063e+07,1.6063e+07
39,39,39,39
0.60547,0.60547,0.60547,0.60547
1,1,1,1
0,0,0,0
1.6063e+07,1.6063e+07,1.6063e+07,1.6063e+07
40,40,40,40
0.60547,0.60547,0.60547,0.60547
1,1,1,1
0.45295,0.45295,0.45295,0.45295
0,0,0,0
-10,-10,-10,-10
0.70313,0.70313,0.70313,0.70313
1,1,1,1
0.44834,0.44834,0.44834,0.44834
0,0,0,0
-9,-9,-9,-9
0.70313,0.70313,0.70313,0.70313
1,1,1,1
0.44361,0.44361,0.44361,0.44361
0,0,0,0
-8,-8,-8,-8
0.70313,0.70313,0.70313,0.70313
1,1,1,1
0.43871,0.43871,0.43871,0.43871
0,0,0,0
-7,-7,-7,-7
0.70313,0.70313,0.70313,0.70313
1,1,1,1
0.43369,0.43369,0.43369,0.43369
0,0,0,0
-6,-6,-6,-6
0.70313,0.70313,0.70313,0.70313
1,1,1,1
0.42856,0.42856,0.42856,0.42856
0,0,0,0
-5,-5,-5,-5
0.70313,0.70313,0.70313,0.70313
1,1,1,1
0.42303,0.42303,0.42303,0.42303
0,0,0,0
-4,-4,-4,-4
0.70313,0.70313,0.70313,0.70313
1,1,1,1
0.41691,0.41691,0.41691,0.41691
0,0,0,0
-3,-3,-3,-3
0.70313,0.70313,0.70313,0.70313
1,1,1,1
0.41035,0.41035,0.41035,0.41035
0,0,0,0
-2,-2,-2,-2
0.70313,0.70313,0.70313,0.70313
1,1,1,1
0.40372,0.40372,0.40372,0.40372
0,0,0,0
-1,-1,-1,-1
0.70313,0.70313,0.70313,0.70313
1,1,1,1
0.39709,0.39709,0.39709,0.39709
0,0,0,0
0,0,0,0
0.70313,0.70313,0.70313,0.70313
1,1,1,1
0.3907,0.3907,0.3907,0.3907
3.7373e+06,3.7373e+06,3.7373e+06,3.7373e+06
1,1,1,1
0.70313,0.70313,0.70313,0.70313
1,1,1,1
0.3955,0.3955,0.3955,0.3955
4.2045e+06,4.2045e+06,4.2045e+06,4.2045e+06
2,2,2,2
0.70313,0.70313,0.70313,0.70313
1,1,1,1
0.35103,0.35103,0.35103,0.35103
5.606e+06,5.606e+06,5.606e+06,5.606e+06
3,3,3,3
0.70313,0.70313,0.70313,0.70313
1,1,1,1
0.31331,0.31331,0.31331,0.31331
8.993e+06,8.993e+06,8.993e+06,8.993e+06
4,4,4,4
0.70313,0.70313,0.70313,0.70313
1,1,1,1
0.30547,0.30547,0.30547,0.30547
9.3434e+06,9.3434e+06,9.3434e+06,9.3434e+06
5,5,5,5
0.70313,0.70313,0.70313,0.70313
1,1,1,1
0.29741,0.29741,0.29741,0.29741
9.3434e+06,9.3434e+06,9.3434e+06,9.3434e+06
6,6,6,6
0.70313,0.70313,0.70313,0.70313
1,1,1,1
0.28865,0.28865,0.28865,0.28865
9.3434e+06,9.3434e+06,9.3434e+06,9.3434e+06
7,7,7,7
0.70313,0.70313,0.70313,0.70313
1,1,1,1
0.27851,0.27851,0.27851,0.27851
9.3434e+06,9.3434e+06,9.3434e+06,9.3434e+06
8,8,8,8
0.70313,0.70313,0.70313,0.70313
1,1,1,1
0.26624,0.26624,0.26624,0.26624
9.3434e+06,9.3434e+06,9.3434e+06,9.3434e+06
9,9,9,9
0.70313,0.70313,0.70313,0.70313
1,1,1,1
0.25195,0.25195,0.25195,0.25195
9.3434e+06,9.3434e+06,9.3434e+06,9.3434e+06
10,10,10,10
0.70313,0.70313,0.70313,0.70313
1,1,1,1
0.23938,0.23938,0.23938,0.23938
9.3434e+06,9.3434e+06,9.3434e+06,9.3434e+06
11,11,11,11
0.70313,0.70313,0.70313,0.70313
1,1,1,1
0.23472,0.23472,0.23472,0.23472
9.3434e+06,9.3434e+06,9.3434e+06,9.3434e+06
12,12,12,12
0.70313,0.70313,0.70313,0.70313
1,1,1,1
0.087538,0.087538,0.087538,0.087538
1.4365e+07,1.4365e+07,1.4365e+07,1.4365e+07
13,13,13,13
0.70313,0.70313,0.70313,0.70313
1,1,1,1
0,0,0,0
1.8687e+07,1.8687e+07,1.8687e+07,1.8687e+07
14,14,14,14
0.70313,0.70313,0.70313,0.70313
1,1,1,1
0,0,0,0
1.8687e+07,1.8687e+07,1.8687e+07,1.8687e+07
15,15,15,15
0.70313,0.70313,0.70313,0.70313
1,1,1,1
0,0,0,0
1.8687e+07,1.8687e+07,1.8687e+07,1.8687e+07
16,16,16,16
0.70313,0.70313,0.70313,0.70313
1,1,1,1
0,0,0,0
1.8687e+07,1.8687e+07,1.8687e+07,1.8687e+07
17,17,17,17
0.70313,0.70313,0.70313,0.70313
1,1,1,1
0,0,0,0
1.8687e+07,1.8687e+07,1.8687e+07,1.8687e+07
18,18,18,18
0.70313,0.70313,0.70313,0.70313
1,1,1,1
0,0,0,0
1.8687e+07,1.8687e+07,1.8687e+07,1.8687e+07
19,19,19,19
0.70313,0.70313,0.70313,0.70313
1,1,1,1
0,0,0,0
1.8687e+07,1.8687e+07,1.8687e+07,1.8687e+07
20,20,20,20
0.70313,0.70313,0.70313,0.70313
1,1,1,1
0,0,0,0
1.8687e+07,1.8687e+07,1.8687e+07,1.8687e+07
21,21,21,21
0.70313,0.70313,0.70313,0.70313
1,1,1,1
0,0,0,0
1.8687e+07,1.8687e+07,1.8687e+07,1.8687e+07
22,22,22,22
0.70313,0.70313,0.70313,0.70313
1,1,1,1
0,0,0,0
1.8687e+07,1.8687e+07,1.8687e+07,1.8687e+07
23,23,23,23
0.70313,0.70313,0.70313,0.70313
1,1,1,1
0,0,0,0
1.8687e+07,1.8687e+07,1.8687e+07,1.8687e+07
24,24,24,24
0.70313,0.70313,0.70313,0.70313
1,1,1,1
0,0,0,0
1.8687e+07,1.8687e+07,1.8687e+07,1.8687e+07
25,25,25,25
0.70313,0.70313,0.70313,0.70313
1,1,1,1
0,0,0,0
1.8687e+07,1.8687e+07,1.8687e+07,1.8687e+07
26,26,26,26
0.70313,0.70313,0.70313,0.70313
1,1,1,1
0,0,0,0
1.8687e+07,1.8687e+07,1.8687e+07,1.8687e+07
27,27,27,27
0.70313,0.70313,0.70313,0.70313
1,1,1,1
0,0,0,0
1.8687e+07,1.8687e+07,1.8687e+07,1.8687e+07
28,28,28,28
0.70313,0.70313,0.70313,0.70313
1,1,1,1
0,0,0,0
1.8687e+07,1.8687e+07,1.8687e+07,1.8687e+07
29,29,29,29
0.70313,0.70313,0.70313,0.70313
1,1,1,1
0,0,0,0
1.8687e+07,1.8687e+07,1.8687e+07,1.8687e+07
30,30,30,30
0.70313,0.70313,0.70313,0.70313
1,1,1,1
0,0,0,0
1.8687e+07,1.8687e+07,1.8687e+07,1.8687e+07
31,31,31,31
0.70313,0.70313,0.70313,0.70313
1,1,1,1
0,0,0,0
1.8687e+07,1.8687e+07,1.8687e+07,1.8687e+07
32,32,32,32
0.70313,0.70313,0.70313,0.70313
1,1,1,1
0,0,0,0
1.8687e+07,1.8687e+07,1.8687e+07,1.8687e+07
33,33,33,33
0.70313,0.70313,0.70313,0.70313
1,1,1,1
0,0,0,0
1.8687e+07,1.8687e+07,1.8687e+07,1.8687e+07
34,34,34,34
0.70313,0.70313,0.70313,0.70313
1,1,1,1
0,0,0,0
1.8687e+07,1.8687e+07,1.8687e+07,1.8687e+07
35,35,35,35
0.70313,0.70313,0.70313,0.70313
1,1,1,1
0,0,0,0
1.8687e+07,1.8687e+07,1.8687e+07,1.8687e+07
36,36,36,36
0.70313,0.70313,0.70313,0.70313
1,1,1,1
0,0,0,0
1.8687e+07,1.8687e+07,1.8687e+07,1.8687e+07
37,37,37,37
0.70313,0.70313,0.70313,0.70313
1,1,1,1
0,0,0,0
1.8687e+07,1.8687e+07,1.8687e+07,1.8687e+07
38,38,38,38
0.70313,0.70313,0.70313,0.70313
1,1,1,1
0,0,0,0
1.8687e+07,1.8687e+07,1.8687e+07,1.8687e+07
39,39,39,39
0.70313,0.70313,0.70313,0.70313
1,1,1,1
0,0,0,0
1.8687e+07,1.8687e+07,1.8687e+07,1.8687e+07
40,40,40,40
0.70313,0.70313,0.70313,0.70313
1,1,1,1
0.45668,0.45668,0.45668,0.45668
0,0,0,0
-10,-10,-10,-10
0.80078,0.80078,0.80078,0.80078
1,1,1,1
0.45216,0.45216,0.45216,0.45216
0,0,0,0
-9,-9,-9,-9
0.80078,0.80078,0.80078,0.80078
1,1,1,1
0.44746,0.44746,0.44746,0.44746
0,0,0,0
-8,-8,-8,-8
0.80078,0.80078,0.80078,0.80078
1,1,1,1
0.4426,0.4426,0.4426,0.4426
0,0,0,0
-7,-7,-7,-7
0.80078,0.80078,0.80078,0.80078
1,1,1,1
0.43767,0.43767,0.43767,0.43767
0,0,0,0
-6,-6,-6,-6
0.80078,0.80078,0.80078,0.80078
1,1,1,1
0.43261,0.43261,0.43261,0.43261
0,0,0,0
-5,-5,-5,-5
0.80078,0.80078,0.80078,0.80078
1,1,1,1
0.42726,0.42726,0.42726,0.42726
0,0,0,0
-4,-4,-4,-4
0.80078,0.80078,0.80078,0.80078
1,1,1,1
0.42152,0.42152,0.42152,0.42152
0,0,0,0
-3,-3,-3,-3
0.80078,0.80078,0.80078,0.80078
1,1,1,1
0.41501,0.41501,0.41501,0.41501
0,0,0,0
-2,-2,-2,-2
0.80078,0.80078,0.80078,0.80078
1,1,1,1
0.40835,0.40835,0.40835,0.40835
0,0,0,0
-1,-1,-1,-1
0.80078,0.80078,0.80078,0.80078
1,1,1,1
0.40188,0.40188,0.40188,0.40188
0,0,0,0
0,0,0,0
0.80078,0.80078,0.80078,0.80078
1,1,1,1
0.3955,0.3955,0.3955,0.3955
1.8365e+06,1.8365e+06,1.8365e+06,1.8365e+06
1,1,1,1
0.80078,0.80078,0.80078,0.80078
1,1,1,1
0.38938,0.38938,0.38938,0.38938
4.1976e+06,4.1976e+06,4.1976e+06,4.1976e+06
2,2,2,2
0.80078,0.80078,0.80078,0.80078
1,1,1,1
0.37953,0.37953,0.37953,0.37953
6.0341e+06,6.0341e+06,6.0341e+06,6.0341e+06
3,3,3,3
0.80078,0.80078,0.80078,0.80078
1,1,1,1
0.3501,0.3501,0.3501,0.3501
6.2964e+06,6.2964e+06,6.2964e+06,6.2964e+06
4,4,4,4
0.80078,0.80078,0.80078,0.80078
1,1,1,1
0.31651,0.31651,0.31651,0.31651
1.0101e+07,1.0101e+07,1.0101e+07,1.0101e+07
5,5,5,5
0.80078,0.80078,0.80078,0.80078
1,1,1,1
0.3068,0.3068,0.3068,0.3068
1.0494e+07,1.0494e+07,1.0494e+07,1.0494e+07
6,6,6,6
0.80078,0.80078,0.80078,0.80078
1,1,1,1
0.30022,0.30022,0.30022,0.30022
1.0494e+07,1.0494e+07,1.0494e+07,1.0494e+07
7,7,7,7
0.80078,0.80078,0.80078,0.80078
1,1,1,1
0.29342,0.29342,0.29342,0.29342
1.0494e+07,1.0494e+07,1.0494e+07,1.0494e+07
8,8,8,8
0.80078,0.80078,0.80078,0.80078
1,1,1,1
0.28598,0.28598,0.28598,0.28598
1.0494e+07,1.0494e+07,1.0494e+07,1.0494e+07
9,9,9,9
0.80078,0.80078,0.80078,0.80078
1,1,1,1
0.2771,0.2771,0.2771,0.2771
1.0494e+07,1.0494e+07,1.0494e+07,1.0494e+07
10,10,10,10
0.80078,0.80078,0.80078,0.80078
1,1,1,1
0.26586,0.26586,0.26586,0.26586
1.0494e+07,1.0494e+07,1.0494e+07,1.0494e+07
11,11,11,11
0.80078,0.80078,0.80078,0.80078
1,1,1,1
0.25203,0.25203,0.25203,0.25203
1.0494e+07,1.0494e+07,1.0494e+07,1.0494e+07
12,12,12,12
0.80078,0.80078,0.80078,0.80078
1,1,1,1
0.23942,0.23942,0.23942,0.23942
1.0494e+07,1.0494e+07,1.0494e+07,1.0494e+07
13,13,13,13
0.80078,0.80078,0.80078,0.80078
1,1,1,1
0.23487,0.23487,0.23487,0.23487
1.0494e+07,1.0494e+07,1.0494e+07,1.0494e+07
14,14,14,14
0.80078,0.80078,0.80078,0.80078
1,1,1,1
0.09374,0.09374,0.09374,0.09374
1.6003e+07,1.6003e+07,1.6003e+07,1.6003e+07
15,15,15,15
0.80078,0.80078,0.80078,0.80078
1,1,1,1
0,0,0,0
2.0988e+07,2.0988e+07,2.0988e+07,2.0988e+07
16,16,16,16
0.80078,0.80078,0.80078,0.80078
1,1,1,1
0,0,0,0
2.0988e+07,2.0988e+07,2.0988e+07,2.0988e+07
17,17,17,17
0.80078,0.80078,0.80078,0.80078
1,1,1,1
0,0,0,0
2.0988e+07,2.0988e+07,2.0988e+07,2.0988e+07
18,18,18,18
0.80078,0.80078,0.80078,0.80078
1,1,1,1
0,0,0,0
2.0988e+07,2.0988e+07,2.0988e+07,2.0988e+07
19,19,19,19
0.80078,0.80078,0.80078,0.80078
1,1,1,1
0,0,0,0
2.0988e+07,2.0988e+07,2.0988e+07,2.0988e+07
20,20,20,20
0.80078,0.80078,0.80078,0.80078
1,1,1,1
0,0,0,0
2.0988e+07,2.0988e+07,2.0988e+07,2.0988e+07
21,21,21,21
0.80078,0.80078,0.80078,0.80078
1,1,1,1
0,0,0,0
2.0988e+07,2.0988e+07,2.0988e+07,2.0988e+07
22,22,22,22
0.80078,0.80078,0.80078,0.80078
1,1,1,1
0,0,0,0
2.0988e+07,2.0988e+07,2.0988e+07,2.0988e+07
23,23,23,23
0.80078,0.80078,0.80078,0.80078
1,1,1,1
0,0,0,0
2.0988e+07,2.0988e+07,2.0988e+07,2.0988e+07
24,24,24,24
0.80078,0.80078,0.80078,0.80078
1,1,1,1
0,0,0,0
2.0988e+07,2.0988e+07,2.0988e+07,2.0988e+07
25,25,25,25
0.80078,0.80078,0.80078,0.80078
1,1,1,1
0,0,0,0
2.0988e+07,2.0988e+07,2.0988e+07,2.0988e+07
26,26,26,26
0.80078,0.80078,0.80078,0.80078
1,1,1,1
0,0,0,0
2.0988e+07,2.0988e+07,2.0988e+07,2.0988e+07
27,27,27,27
0.80078,0.80078,0.80078,0.80078
1,1,1,1
0,0,0,0
2.0988e+07,2.0988e+07,2.0988e+07,2.0988e+07
28,28,28,28
0.80078,0.80078,0.80078,0.80078
1,1,1,1
0,0,0,0
2.0988e+07,2.0988e+07,2.0988e+07,2.0988e+07
29,29,29,29
0.80078,0.80078,0.80078,0.80078
1,1,1,1
0,0,0,0
2.0988e+07,2.0988e+07,2.0988e+07,2.0988e+07
30,30,30,30
0.80078,0.80078,0.80078,0.80078
1,1,1,1
0,0,0,0
2.0988e+07,2.0988e+07,2.0988e+07,2.0988e+07
31,31,31,31
0.80078,0.80078,0.80078,0.80078
1,1,1,1
0,0,0,0
2.0988e+07,2.0988e+07,2.0988e+07,2.0988e+07
32,32,32,32
0.80078,0.80078,0.80078,0.80078
1,1,1,1
0,0,0,0
2.0988e+07,2.0988e+07,2.0988e+07,2.0988e+07
33,33,33,33
0.80078,0.80078,0.80078,0.80078
1,1,1,1
0,0,0,0
2.0988e+07,2.0988e+07,2.0988e+07,2.0988e+07
34,34,34,34
0.80078,0.80078,0.80078,0.80078
1,1,1,1
0,0,0,0
2.0988e+07,2.0988e+07,2.0988e+07,2.0988e+07
35,35,35,35
0.80078,0.80078,0.80078,0.80078
1,1,1,1
0,0,0,0
2.0988e+07,2.0988e+07,2.0988e+07,2.0988e+07
36,36,36,36
0.80078,0.80078,0.80078,0.80078
1,1,1,1
0,0,0,0
2.0988e+07,2.0988e+07,2.0988e+07,2.0988e+07
37,37,37,37
0.80078,0.80078,0.80078,0.80078
1,1,1,1
0,0,0,0
2.0988e+07,2.0988e+07,2.0988e+07,2.0988e+07
38,38,38,38
0.80078,0.80078,0.80078,0.80078
1,1,1,1
0,0,0,0
2.0988e+07,2.0988e+07,2.0988e+07,2.0988e+07
39,39,39,39
0.80078,0.80078,0.80078,0.80078
1,1,1,1
0,0,0,0
2.0988e+07,2.0988e+07,2.0988e+07,2.0988e+07
40,40,40,40
0.80078,0.80078,0.80078,0.80078
1,1,1,1
