0.49164,0.49164,0.49164,0.49164
0,0,0,0
-20,-20,-20,-20
0.11719,0.11719,0.11719,0.11719
1,1,1,1
0.48953,0.48953,0.48953,0.48953
0,0,0,0
-19,-19,-19,-19
0.11719,0.11719,0.11719,0.11719
1,1,1,1
0.48735,0.48735,0.48735,0.48735
0,0,0,0
-18,-18,-18,-18
0.11719,0.11719,0.11719,0.11719
1,1,1,1
0.48116,0.48116,0.48116,0.48116
0,0,0,0
-17,-17,-17,-17
0.11719,0.11719,0.11719,0.11719
1,1,1,1
0.47438,0.47438,0.47438,0.47438
0,0,0,0
-16,-16,-16,-16
0.11719,0.11719,0.11719,0.11719
1,1,1,1
0.46647,0.46647,0.46647,0.46647
0,0,0,0
-15,-15,-15,-15
0.11719,0.11719,0.11719,0.11719
1,1,1,1
0.4567,0.4567,0.4567,0.4567
0,0,0,0
-14,-14,-14,-14
0.11719,0.11719,0.11719,0.11719
1,1,1,1
0.44484,0.44484,0.44484,0.44484
0,0,0,0
-13,-13,-13,-13
0.11719,0.11719,0.11719,0.11719
1,1,1,1
0.42852,0.42852,0.42852,0.42852
15,15,15,15
-12,-12,-12,-12
0.11719,0.11719,0.11719,0.11719
1,1,1,1
0.40507,0.40507,0.40507,0.40507
30,30,30,30
-11,-11,-11,-11
0.11719,0.11719,0.11719,0.11719
1,1,1,1
0.30142,0.30142,0.30142,0.30142
40,40,40,40
-10,-10,-10,-10
0.11719,0.11719,0.11719,0.11719
1,1,1,1
0.2016,0.2016,0.2016,0.2016
40,40,40,40
-9,-9,-9,-9
0.11719,0.11719,0.11719,0.11719
1,1,1,1
0.02495,0.02495,0.02495,0.02495
95,95,95,95
-8,-8,-8,-8
0.11719,0.11719,0.11719,0.11719
1,1,1,1
0,0,0,0
100,100,100,100
-7,-7,-7,-7
0.11719,0.11719,0.11719,0.11719
1,1,1,1
0,0,0,0
100,100,100,100
-6,-6,-6,-6
0.11719,0.11719,0.11719,0.11719
1,1,1,1
0,0,0,0
100,100,100,100
-5,-5,-5,-5
0.11719,0.11719,0.11719,0.11719
1,1,1,1
0,0,0,0
100,100,100,100
-4,-4,-4,-4
0.11719,0.11719,0.11719,0.11719
1,1,1,1
0,0,0,0
100,100,100,100
-3,-3,-3,-3
0.11719,0.11719,0.11719,0.11719
1,1,1,1
0,0,0,0
100,100,100,100
-2,-2,-2,-2
0.11719,0.11719,0.11719,0.11719
1,1,1,1
0,0,0,0
100,100,100,100
-1,-1,-1,-1
0.11719,0.11719,0.11719,0.11719
1,1,1,1
0,0,0,0
100,100,100,100
0,0,0,0
0.11719,0.11719,0.11719,0.11719
1,1,1,1
0,0,0,0
100,100,100,100
1,1,1,1
0.11719,0.11719,0.11719,0.11719
1,1,1,1
0,0,0,0
100,100,100,100
2,2,2,2
0.11719,0.11719,0.11719,0.11719
1,1,1,1
0,0,0,0
100,100,100,100
3,3,3,3
0.11719,0.11719,0.11719,0.11719
1,1,1,1
0,0,0,0
100,100,100,100
4,4,4,4
0.11719,0.11719,0.11719,0.11719
1,1,1,1
0,0,0,0
100,100,100,100
5,5,5,5
0.11719,0.11719,0.11719,0.11719
1,1,1,1
0,0,0,0
100,100,100,100
6,6,6,6
0.11719,0.11719,0.11719,0.11719
1,1,1,1
0,0,0,0
100,100,100,100
7,7,7,7
0.11719,0.11719,0.11719,0.11719
1,1,1,1
0,0,0,0
100,100,100,100
8,8,8,8
0.11719,0.11719,0.11719,0.11719
1,1,1,1
0,0,0,0
100,100,100,100
9,9,9,9
0.11719,0.11719,0.11719,0.11719
1,1,1,1
0,0,0,0
100,100,100,100
10,10,10,10
0.11719,0.11719,0.11719,0.11719
1,1,1,1
0,0,0,0
100,100,100,100
11,11,11,11
0.11719,0.11719,0.11719,0.11719
1,1,1,1
0,0,0,0
100,100,100,100
12,12,12,12
0.11719,0.11719,0.11719,0.11719
1,1,1,1
0,0,0,0
100,100,100,100
13,13,13,13
0.11719,0.11719,0.11719,0.11719
1,1,1,1
0,0,0,0
100,100,100,100
14,14,14,14
0.11719,0.11719,0.11719,0.11719
1,1,1,1
0,0,0,0
100,100,100,100
15,15,15,15
0.11719,0.11719,0.11719,0.11719
1,1,1,1
0,0,0,0
100,100,100,100
16,16,16,16
0.11719,0.11719,0.11719,0.11719
1,1,1,1
0,0,0,0
100,100,100,100
17,17,17,17
0.11719,0.11719,0.11719,0.11719
1,1,1,1
0,0,0,0
100,100,100,100
18,18,18,18
0.11719,0.11719,0.11719,0.11719
1,1,1,1
0,0,0,0
100,100,100,100
19,19,19,19
0.11719,0.11719,0.11719,0.11719
1,1,1,1
0,0,0,0
100,100,100,100
20,20,20,20
0.11719,0.11719,0.11719,0.11719
1,1,1,1
0.48228,0.48228,0.48228,0.48228
0,0,0,0
-20,-20,-20,-20
0.23438,0.23438,0.23438,0.23438
1,1,1,1
0.47888,0.47888,0.47888,0.47888
0,0,0,0
-19,-19,-19,-19
0.23438,0.23438,0.23438,0.23438
1,1,1,1
0.47581,0.47581,0.47581,0.47581
0,0,0,0
-18,-18,-18,-18
0.23438,0.23438,0.23438,0.23438
1,1,1,1
0.46367,0.46367,0.46367,0.46367
0,0,0,0
-17,-17,-17,-17
0.23438,0.23438,0.23438,0.23438
1,1,1,1
0.45729,0.45729,0.45729,0.45729
0,0,0,0
-16,-16,-16,-16
0.23438,0.23438,0.23438,0.23438
1,1,1,1
0.45062,0.45062,0.45062,0.45062
0,0,0,0
-15,-15,-15,-15
0.23438,0.23438,0.23438,0.23438
1,1,1,1
0.44358,0.44358,0.44358,0.44358
0,0,0,0
-14,-14,-14,-14
0.23438,0.23438,0.23438,0.23438
1,1,1,1
0.43543,0.43543,0.43543,0.43543
0,0,0,0
-13,-13,-13,-13
0.23438,0.23438,0.23438,0.23438
1,1,1,1
0.42603,0.42603,0.42603,0.42603
0,0,0,0
-12,-12,-12,-12
0.23438,0.23438,0.23438,0.23438
1,1,1,1
0.41594,0.41594,0.41594,0.41594
0,0,0,0
-11,-11,-11,-11
0.23438,0.23438,0.23438,0.23438
1,1,1,1
0.40247,0.40247,0.40247,0.40247
5,5,5,5
-10,-10,-10,-10
0.23438,0.23438,0.23438,0.23438
1,1,1,1
0.3866,0.3866,0.3866,0.3866
20,20,20,20
-9,-9,-9,-9
0.23438,0.23438,0.23438,0.23438
1,1,1,1
0.30999,0.30999,0.30999,0.30999
40,40,40,40
-8,-8,-8,-8
0.23438,0.23438,0.23438,0.23438
1,1,1,1
0.25847,0.25847,0.25847,0.25847
40,40,40,40
-7,-7,-7,-7
0.23438,0.23438,0.23438,0.23438
1,1,1,1
0.19478,0.19478,0.19478,0.19478
40,40,40,40
-6,-6,-6,-6
0.23438,0.23438,0.23438,0.23438
1,1,1,1
0.024921,0.024921,0.024921,0.024921
95,95,95,95
-5,-5,-5,-5
0.23438,0.23438,0.23438,0.23438
1,1,1,1
0,0,0,0
100,100,100,100
-4,-4,-4,-4
0.23438,0.23438,0.23438,0.23438
1,1,1,1
0,0,0,0
100,100,100,100
-3,-3,-3,-3
0.23438,0.23438,0.23438,0.23438
1,1,1,1
0,0,0,0
100,100,100,100
-2,-2,-2,-2
0.23438,0.23438,0.23438,0.23438
1,1,1,1
0,0,0,0
100,100,100,100
-1,-1,-1,-1
0.23438,0.23438,0.23438,0.23438
1,1,1,1
0,0,0,0
100,100,100,100
0,0,0,0
0.23438,0.23438,0.23438,0.23438
1,1,1,1
0,0,0,0
100,100,100,100
1,1,1,1
0.23438,0.23438,0.23438,0.23438
1,1,1,1
0,0,0,0
100,100,100,100
2,2,2,2
0.23438,0.23438,0.23438,0.23438
1,1,1,1
0,0,0,0
100,100,100,100
3,3,3,3
0.23438,0.23438,0.23438,0.23438
1,1,1,1
0,0,0,0
100,100,100,100
4,4,4,4
0.23438,0.23438,0.23438,0.23438
1,1,1,1
0,0,0,0
100,100,100,100
5,5,5,5
0.23438,0.23438,0.23438,0.23438
1,1,1,1
0,0,0,0
100,100,100,100
6,6,6,6
0.23438,0.23438,0.23438,0.23438
1,1,1,1
0,0,0,0
100,100,100,100
7,7,7,7
0.23438,0.23438,0.23438,0.23438
1,1,1,1
0,0,0,0
100,100,100,100
8,8,8,8
0.23438,0.23438,0.23438,0.23438
1,1,1,1
0,0,0,0
100,100,100,100
9,9,9,9
0.23438,0.23438,0.23438,0.23438
1,1,1,1
0,0,0,0
100,100,100,100
10,10,10,10
0.23438,0.23438,0.23438,0.23438
1,1,1,1
0,0,0,0
100,100,100,100
11,11,11,11
0.23438,0.23438,0.23438,0.23438
1,1,1,1
0,0,0,0
100,100,100,100
12,12,12,12
0.23438,0.23438,0.23438,0.23438
1,1,1,1
0,0,0,0
100,100,100,100
13,13,13,13
0.23438,0.23438,0.23438,0.23438
1,1,1,1
0,0,0,0
100,100,100,100
14,14,14,14
0.23438,0.23438,0.23438,0.23438
1,1,1,1
0,0,0,0
100,100,100,100
15,15,15,15
0.23438,0.23438,0.23438,0.23438
1,1,1,1
0,0,0,0
100,100,100,100
16,16,16,16
0.23438,0.23438,0.23438,0.23438
1,1,1,1
0,0,0,0
100,100,100,100
17,17,17,17
0.23438,0.23438,0.23438,0.23438
1,1,1,1
0,0,0,0
100,100,100,100
18,18,18,18
0.23438,0.23438,0.23438,0.23438
1,1,1,1
0,0,0,0
100,100,100,100
19,19,19,19
0.23438,0.23438,0.23438,0.23438
1,1,1,1
0,0,0,0
100,100,100,100
20,20,20,20
0.23438,0.23438,0.23438,0.23438
1,1,1,1
0.48818,0.48818,0.48818,0.48818
0,0,0,0
-20,-20,-20,-20
0.29297,0.29297,0.29297,0.29297
1,1,1,1
0.48586,0.48586,0.48586,0.48586
0,0,0,0
-19,-19,-19,-19
0.29297,0.29297,0.29297,0.29297
1,1,1,1
0.48074,0.48074,0.48074,0.48074
0,0,0,0
-18,-18,-18,-18
0.29297,0.29297,0.29297,0.29297
1,1,1,1
0.47404,0.47404,0.47404,0.47404
0,0,0,0
-17,-17,-17,-17
0.29297,0.29297,0.29297,0.29297
1,1,1,1
0.46517,0.46517,0.46517,0.46517
0,0,0,0
-16,-16,-16,-16
0.29297,0.29297,0.29297,0.29297
1,1,1,1
0.45816,0.45816,0.45816,0.45816
0,0,0,0
-15,-15,-15,-15
0.29297,0.29297,0.29297,0.29297
1,1,1,1
0.45013,0.45013,0.45013,0.45013
0,0,0,0
-14,-14,-14,-14
0.29297,0.29297,0.29297,0.29297
1,1,1,1
0.44102,0.44102,0.44102,0.44102
0,0,0,0
-13,-13,-13,-13
0.29297,0.29297,0.29297,0.29297
1,1,1,1
0.43056,0.43056,0.43056,0.43056
0,0,0,0
-12,-12,-12,-12
0.29297,0.29297,0.29297,0.29297
1,1,1,1
0.4198,0.4198,0.4198,0.4198
0,0,0,0
-11,-11,-11,-11
0.29297,0.29297,0.29297,0.29297
1,1,1,1
0.40779,0.40779,0.40779,0.40779
0,0,0,0
-10,-10,-10,-10
0.29297,0.29297,0.29297,0.29297
1,1,1,1
0.39359,0.39359,0.39359,0.39359
2.5,2.5,2.5,2.5
-9,-9,-9,-9
0.29297,0.29297,0.29297,0.29297
1,1,1,1
0.37667,0.37667,0.37667,0.37667
20,20,20,20
-8,-8,-8,-8
0.29297,0.29297,0.29297,0.29297
1,1,1,1
0.30065,0.30065,0.30065,0.30065
40,40,40,40
-7,-7,-7,-7
0.29297,0.29297,0.29297,0.29297
1,1,1,1
0.25173,0.25173,0.25173,0.25173
40,40,40,40
-6,-6,-6,-6
0.29297,0.29297,0.29297,0.29297
1,1,1,1
0.20304,0.20304,0.20304,0.20304
40,40,40,40
-5,-5,-5,-5
0.29297,0.29297,0.29297,0.29297
1,1,1,1
0.10016,0.10016,0.10016,0.10016
72.5,72.5,72.5,72.5
-4,-4,-4,-4
0.29297,0.29297,0.29297,0.29297
1,1,1,1
0,0,0,0
100,100,100,100
-3,-3,-3,-3
0.29297,0.29297,0.29297,0.29297
1,1,1,1
0,0,0,0
100,100,100,100
-2,-2,-2,-2
0.29297,0.29297,0.29297,0.29297
1,1,1,1
0,0,0,0
100,100,100,100
-1,-1,-1,-1
0.29297,0.29297,0.29297,0.29297
1,1,1,1
0,0,0,0
100,100,100,100
0,0,0,0
0.29297,0.29297,0.29297,0.29297
1,1,1,1
0,0,0,0
100,100,100,100
1,1,1,1
0.29297,0.29297,0.29297,0.29297
1,1,1,1
0,0,0,0
100,100,100,100
2,2,2,2
0.29297,0.29297,0.29297,0.29297
1,1,1,1
0,0,0,0
100,100,100,100
3,3,3,3
0.29297,0.29297,0.29297,0.29297
1,1,1,1
0,0,0,0
100,100,100,100
4,4,4,4
0.29297,0.29297,0.29297,0.29297
1,1,1,1
0,0,0,0
100,100,100,100
5,5,5,5
0.29297,0.29297,0.29297,0.29297
1,1,1,1
0,0,0,0
100,100,100,100
6,6,6,6
0.29297,0.29297,0.29297,0.29297
1,1,1,1
0,0,0,0
100,100,100,100
7,7,7,7
0.29297,0.29297,0.29297,0.29297
1,1,1,1
0,0,0,0
100,100,100,100
8,8,8,8
0.29297,0.29297,0.29297,0.29297
1,1,1,1
0,0,0,0
100,100,100,100
9,9,9,9
0.29297,0.29297,0.29297,0.29297
1,1,1,1
0,0,0,0
100,100,100,100
10,10,10,10
0.29297,0.29297,0.29297,0.29297
1,1,1,1
0,0,0,0
100,100,100,100
11,11,11,11
0.29297,0.29297,0.29297,0.29297
1,1,1,1
0,0,0,0
100,100,100,100
12,12,12,12
0.29297,0.29297,0.29297,0.29297
1,1,1,1
0,0,0,0
100,100,100,100
13,13,13,13
0.29297,0.29297,0.29297,0.29297
1,1,1,1
0,0,0,0
100,100,100,100
14,14,14,14
0.29297,0.29297,0.29297,0.29297
1,1,1,1
0,0,0,0
100,100,100,100
15,15,15,15
0.29297,0.29297,0.29297,0.29297
1,1,1,1
0,0,0,0
100,100,100,100
16,16,16,16
0.29297,0.29297,0.29297,0.29297
1,1,1,1
0,0,0,0
100,100,100,100
17,17,17,17
0.29297,0.29297,0.29297,0.29297
1,1,1,1
0,0,0,0
100,100,100,100
18,18,18,18
0.29297,0.29297,0.29297,0.29297
1,1,1,1
0,0,0,0
100,100,100,100
19,19,19,19
0.29297,0.29297,0.29297,0.29297
1,1,1,1
0,0,0,0
100,100,100,100
20,20,20,20
0.29297,0.29297,0.29297,0.29297
1,1,1,1
0.48293,0.48293,0.48293,0.48293
0,0,0,0
-20,-20,-20,-20
0.38086,0.38086,0.38086,0.38086
1,1,1,1
0.47899,0.47899,0.47899,0.47899
0,0,0,0
-19,-19,-19,-19
0.38086,0.38086,0.38086,0.38086
1,1,1,1
0.46917,0.46917,0.46917,0.46917
0,0,0,0
-18,-18,-18,-18
0.38086,0.38086,0.38086,0.38086
1,1,1,1
0.45949,0.45949,0.45949,0.45949
0,0,0,0
-17,-17,-17,-17
0.38086,0.38086,0.38086,0.38086
1,1,1,1
0.45302,0.45302,0.45302,0.45302
0,0,0,0
-16,-16,-16,-16
0.38086,0.38086,0.38086,0.38086
1,1,1,1
0.44618,0.44618,0.44618,0.44618
0,0,0,0
-15,-15,-15,-15
0.38086,0.38086,0.38086,0.38086
1,1,1,1
0.4383,0.4383,0.4383,0.4383
0,0,0,0
-14,-14,-14,-14
0.38086,0.38086,0.38086,0.38086
1,1,1,1
0.43006,0.43006,0.43006,0.43006
0,0,0,0
-13,-13,-13,-13
0.38086,0.38086,0.38086,0.38086
1,1,1,1
0.42129,0.42129,0.42129,0.42129
0,0,0,0
-12,-12,-12,-12
0.38086,0.38086,0.38086,0.38086
1,1,1,1
0.41225,0.41225,0.41225,0.41225
0,0,0,0
-11,-11,-11,-11
0.38086,0.38086,0.38086,0.38086
1,1,1,1
0.40293,0.40293,0.40293,0.40293
0,0,0,0
-10,-10,-10,-10
0.38086,0.38086,0.38086,0.38086
1,1,1,1
0.39286,0.39286,0.39286,0.39286
0,0,0,0
-9,-9,-9,-9
0.38086,0.38086,0.38086,0.38086
1,1,1,1
0.38214,0.38214,0.38214,0.38214
2.5,2.5,2.5,2.5
-8,-8,-8,-8
0.38086,0.38086,0.38086,0.38086
1,1,1,1
0.36829,0.36829,0.36829,0.36829
20,20,20,20
-7,-7,-7,-7
0.38086,0.38086,0.38086,0.38086
1,1,1,1
0.29482,0.29482,0.29482,0.29482
40,40,40,40
-6,-6,-6,-6
0.38086,0.38086,0.38086,0.38086
1,1,1,1
0.25952,0.25952,0.25952,0.25952
40,40,40,40
-5,-5,-5,-5
0.38086,0.38086,0.38086,0.38086
1,1,1,1
0.21439,0.21439,0.21439,0.21439
40,40,40,40
-4,-4,-4,-4
0.38086,0.38086,0.38086,0.38086
1,1,1,1
0.16423,0.16423,0.16423,0.16423
52.5,52.5,52.5,52.5
-3,-3,-3,-3
0.38086,0.38086,0.38086,0.38086
1,1,1,1
0.025,0.025,0.025,0.025
95,95,95,95
-2,-2,-2,-2
0.38086,0.38086,0.38086,0.38086
1,1,1,1
0,0,0,0
100,100,100,100
-1,-1,-1,-1
0.38086,0.38086,0.38086,0.38086
1,1,1,1
0,0,0,0
100,100,100,100
0,0,0,0
0.38086,0.38086,0.38086,0.38086
1,1,1,1
0,0,0,0
100,100,100,100
1,1,1,1
0.38086,0.38086,0.38086,0.38086
1,1,1,1
0,0,0,0
100,100,100,100
2,2,2,2
0.38086,0.38086,0.38086,0.38086
1,1,1,1
0,0,0,0
100,100,100,100
3,3,3,3
0.38086,0.38086,0.38086,0.38086
1,1,1,1
0,0,0,0
100,100,100,100
4,4,4,4
0.38086,0.38086,0.38086,0.38086
1,1,1,1
0,0,0,0
100,100,100,100
5,5,5,5
0.38086,0.38086,0.38086,0.38086
1,1,1,1
0,0,0,0
100,100,100,100
6,6,6,6
0.38086,0.38086,0.38086,0.38086
1,1,1,1
0,0,0,0
100,100,100,100
7,7,7,7
0.38086,0.38086,0.38086,0.38086
1,1,1,1
0,0,0,0
100,100,100,100
8,8,8,8
0.38086,0.38086,0.38086,0.38086
1,1,1,1
0,0,0,0
100,100,100,100
9,9,9,9
0.38086,0.38086,0.38086,0.38086
1,1,1,1
0,0,0,0
100,100,100,100
10,10,10,10
0.38086,0.38086,0.38086,0.38086
1,1,1,1
0,0,0,0
100,100,100,100
11,11,11,11
0.38086,0.38086,0.38086,0.38086
1,1,1,1
0,0,0,0
100,100,100,100
12,12,12,12
0.38086,0.38086,0.38086,0.38086
1,1,1,1
0,0,0,0
100,100,100,100
13,13,13,13
0.38086,0.38086,0.38086,0.38086
1,1,1,1
0,0,0,0
100,100,100,100
14,14,14,14
0.38086,0.38086,0.38086,0.38086
1,1,1,1
0,0,0,0
100,100,100,100
15,15,15,15
0.38086,0.38086,0.38086,0.38086
1,1,1,1
0,0,0,0
100,100,100,100
16,16,16,16
0.38086,0.38086,0.38086,0.38086
1,1,1,1
0,0,0,0
100,100,100,100
17,17,17,17
0.38086,0.38086,0.38086,0.38086
1,1,1,1
0,0,0,0
100,100,100,100
18,18,18,18
0.38086,0.38086,0.38086,0.38086
1,1,1,1
0,0,0,0
100,100,100,100
19,19,19,19
0.38086,0.38086,0.38086,0.38086
1,1,1,1
0,0,0,0
100,100,100,100
20,20,20,20
0.38086,0.38086,0.38086,0.38086
1,1,1,1
0.48177,0.48177,0.48177,0.48177
0,0,0,0
-20,-20,-20,-20
0.47852,0.47852,0.47852,0.47852
1,1,1,1
0.47859,0.47859,0.47859,0.47859
0,0,0,0
-19,-19,-19,-19
0.47852,0.47852,0.47852,0.47852
1,1,1,1
0.47396,0.47396,0.47396,0.47396
0,0,0,0
-18,-18,-18,-18
0.47852,0.47852,0.47852,0.47852
1,1,1,1
0.46158,0.46158,0.46158,0.46158
0,0,0,0
-17,-17,-17,-17
0.47852,0.47852,0.47852,0.47852
1,1,1,1
0.45259,0.45259,0.45259,0.45259
0,0,0,0
-16,-16,-16,-16
0.47852,0.47852,0.47852,0.47852
1,1,1,1
0.44557,0.44557,0.44557,0.44557
0,0,0,0
-15,-15,-15,-15
0.47852,0.47852,0.47852,0.47852
1,1,1,1
0.43791,0.43791,0.43791,0.43791
0,0,0,0
-14,-14,-14,-14
0.47852,0.47852,0.47852,0.47852
1,1,1,1
0.42996,0.42996,0.42996,0.42996
0,0,0,0
-13,-13,-13,-13
0.47852,0.47852,0.47852,0.47852
1,1,1,1
0.42159,0.42159,0.42159,0.42159
0,0,0,0
-12,-12,-12,-12
0.47852,0.47852,0.47852,0.47852
1,1,1,1
0.41283,0.41283,0.41283,0.41283
0,0,0,0
-11,-11,-11,-11
0.47852,0.47852,0.47852,0.47852
1,1,1,1
0.40379,0.40379,0.40379,0.40379
0,0,0,0
-10,-10,-10,-10
0.47852,0.47852,0.47852,0.47852
1,1,1,1
0.39398,0.39398,0.39398,0.39398
0,0,0,0
-9,-9,-9,-9
0.47852,0.47852,0.47852,0.47852
1,1,1,1
0.38417,0.38417,0.38417,0.38417
0,0,0,0
-8,-8,-8,-8
0.47852,0.47852,0.47852,0.47852
1,1,1,1
0.37343,0.37343,0.37343,0.37343
7.5,7.5,7.5,7.5
-7,-7,-7,-7
0.47852,0.47852,0.47852,0.47852
1,1,1,1
0.36076,0.36076,0.36076,0.36076
20,20,20,20
-6,-6,-6,-6
0.47852,0.47852,0.47852,0.47852
1,1,1,1
0.28913,0.28913,0.28913,0.28913
40,40,40,40
-5,-5,-5,-5
0.47852,0.47852,0.47852,0.47852
1,1,1,1
0.26009,0.26009,0.26009,0.26009
40,40,40,40
-4,-4,-4,-4
0.47852,0.47852,0.47852,0.47852
1,1,1,1
0.23364,0.23364,0.23364,0.23364
40,40,40,40
-3,-3,-3,-3
0.47852,0.47852,0.47852,0.47852
1,1,1,1
0.19931,0.19931,0.19931,0.19931
40,40,40,40
-2,-2,-2,-2
0.47852,0.47852,0.47852,0.47852
1,1,1,1
0.050918,0.050918,0.050918,0.050918
87.5,87.5,87.5,87.5
-1,-1,-1,-1
0.47852,0.47852,0.47852,0.47852
1,1,1,1
0.025026,0.025026,0.025026,0.025026
95,95,95,95
0,0,0,0
0.47852,0.47852,0.47852,0.47852
1,1,1,1
0,0,0,0
100,100,100,100
1,1,1,1
0.47852,0.47852,0.47852,0.47852
1,1,1,1
0,0,0,0
100,100,100,100
2,2,2,2
0.47852,0.47852,0.47852,0.47852
1,1,1,1
0,0,0,0
100,100,100,100
3,3,3,3
0.47852,0.47852,0.47852,0.47852
1,1,1,1
0,0,0,0
100,100,100,100
4,4,4,4
0.47852,0.47852,0.47852,0.47852
1,1,1,1
0,0,0,0
100,100,100,100
5,5,5,5
0.47852,0.47852,0.47852,0.47852
1,1,1,1
0,0,0,0
100,100,100,100
6,6,6,6
0.47852,0.47852,0.47852,0.47852
1,1,1,1
0,0,0,0
100,100,100,100
7,7,7,7
0.47852,0.47852,0.47852,0.47852
1,1,1,1
0,0,0,0
100,100,100,100
8,8,8,8
0.47852,0.47852,0.47852,0.47852
1,1,1,1
0,0,0,0
100,100,100,100
9,9,9,9
0.47852,0.47852,0.47852,0.47852
1,1,1,1
0,0,0,0
100,100,100,100
10,10,10,10
0.47852,0.47852,0.47852,0.47852
1,1,1,1
0,0,0,0
100,100,100,100
11,11,11,11
0.47852,0.47852,0.47852,0.47852
1,1,1,1
0,0,0,0
100,100,100,100
12,12,12,12
0.47852,0.47852,0.47852,0.47852
1,1,1,1
0,0,0,0
100,100,100,100
13,13,13,13
0.47852,0.47852,0.47852,0.47852
1,1,1,1
0,0,0,0
100,100,100,100
14,14,14,14
0.47852,0.47852,0.47852,0.47852
1,1,1,1
0,0,0,0
100,100,100,100
15,15,15,15
0.47852,0.47852,0.47852,0.47852
1,1,1,1
0,0,0,0
100,100,100,100
16,16,16,16
0.47852,0.47852,0.47852,0.47852
1,1,1,1
0,0,0,0
100,100,100,100
17,17,17,17
0.47852,0.47852,0.47852,0.47852
1,1,1,1
0,0,0,0
100,100,100,100
18,18,18,18
0.47852,0.47852,0.47852,0.47852
1,1,1,1
0,0,0,0
100,100,100,100
19,19,19,19
0.47852,0.47852,0.47852,0.47852
1,1,1,1
0,0,0,0
100,100,100,100
20,20,20,20
0.47852,0.47852,0.47852,0.47852
1,1,1,1
0.48135,0.48135,0.48135,0.48135
0,0,0,0
-20,-20,-20,-20
0.53711,0.53711,0.53711,0.53711
1,1,1,1
0.47769,0.47769,0.47769,0.47769
0,0,0,0
-19,-19,-19,-19
0.53711,0.53711,0.53711,0.53711
1,1,1,1
0.4719,0.4719,0.4719,0.4719
0,0,0,0
-18,-18,-18,-18
0.53711,0.53711,0.53711,0.53711
1,1,1,1
0.45979,0.45979,0.45979,0.45979
0,0,0,0
-17,-17,-17,-17
0.53711,0.53711,0.53711,0.53711
1,1,1,1
0.45272,0.45272,0.45272,0.45272
0,0,0,0
-16,-16,-16,-16
0.53711,0.53711,0.53711,0.53711
1,1,1,1
0.4454,0.4454,0.4454,0.4454
0,0,0,0
-15,-15,-15,-15
0.53711,0.53711,0.53711,0.53711
1,1,1,1
0.43733,0.43733,0.43733,0.43733
0,0,0,0
-14,-14,-14,-14
0.53711,0.53711,0.53711,0.53711
1,1,1,1
0.42938,0.42938,0.42938,0.42938
0,0,0,0
-13,-13,-13,-13
0.53711,0.53711,0.53711,0.53711
1,1,1,1
0.42083,0.42083,0.42083,0.42083
0,0,0,0
-12,-12,-12,-12
0.53711,0.53711,0.53711,0.53711
1,1,1,1
0.41218,0.41218,0.41218,0.41218
0,0,0,0
-11,-11,-11,-11
0.53711,0.53711,0.53711,0.53711
1,1,1,1
0.40337,0.40337,0.40337,0.40337
0,0,0,0
-10,-10,-10,-10
0.53711,0.53711,0.53711,0.53711
1,1,1,1
0.39448,0.39448,0.39448,0.39448
0,0,0,0
-9,-9,-9,-9
0.53711,0.53711,0.53711,0.53711
1,1,1,1
0.38532,0.38532,0.38532,0.38532
0,0,0,0
-8,-8,-8,-8
0.53711,0.53711,0.53711,0.53711
1,1,1,1
0.37635,0.37635,0.37635,0.37635
0,0,0,0
-7,-7,-7,-7
0.53711,0.53711,0.53711,0.53711
1,1,1,1
0.36599,0.36599,0.36599,0.36599
20,20,20,20
-6,-6,-6,-6
0.53711,0.53711,0.53711,0.53711
1,1,1,1
0.3548,0.3548,0.3548,0.3548
20,20,20,20
-5,-5,-5,-5
0.53711,0.53711,0.53711,0.53711
1,1,1,1
0.273,0.273,0.273,0.273
40,40,40,40
-4,-4,-4,-4
0.53711,0.53711,0.53711,0.53711
1,1,1,1
0.25577,0.25577,0.25577,0.25577
40,40,40,40
-3,-3,-3,-3
0.53711,0.53711,0.53711,0.53711
1,1,1,1
0.23225,0.23225,0.23225,0.23225
40,40,40,40
-2,-2,-2,-2
0.53711,0.53711,0.53711,0.53711
1,1,1,1
0.19844,0.19844,0.19844,0.19844
40,40,40,40
-1,-1,-1,-1
0.53711,0.53711,0.53711,0.53711
1,1,1,1
0.13867,0.13867,0.13867,0.13867
62.5,62.5,62.5,62.5
0,0,0,0
0.53711,0.53711,0.53711,0.53711
1,1,1,1
0.025155,0.025155,0.025155,0.025155
95,95,95,95
1,1,1,1
0.53711,0.53711,0.53711,0.53711
1,1,1,1
0,0,0,0
100,100,100,100
2,2,2,2
0.53711,0.53711,0.53711,0.53711
1,1,1,1
0,0,0,0
100,100,100,100
3,3,3,3
0.53711,0.53711,0.53711,0.53711
1,1,1,1
0,0,0,0
100,100,100,100
4,4,4,4
0.53711,0.53711,0.53711,0.53711
1,1,1,1
0,0,0,0
100,100,100,100
5,5,5,5
0.53711,0.53711,0.53711,0.53711
1,1,1,1
0,0,0,0
100,100,100,100
6,6,6,6
0.53711,0.53711,0.53711,0.53711
1,1,1,1
0,0,0,0
100,100,100,100
7,7,7,7
0.53711,0.53711,0.53711,0.53711
1,1,1,1
0,0,0,0
100,100,100,100
8,8,8,8
0.53711,0.53711,0.53711,0.53711
1,1,1,1
0,0,0,0
100,100,100,100
9,9,9,9
0.53711,0.53711,0.53711,0.53711
1,1,1,1
0,0,0,0
100,100,100,100
10,10,10,10
0.53711,0.53711,0.53711,0.53711
1,1,1,1
0,0,0,0
100,100,100,100
11,11,11,11
0.53711,0.53711,0.53711,0.53711
1,1,1,1
0,0,0,0
100,100,100,100
12,12,12,12
0.53711,0.53711,0.53711,0.53711
1,1,1,1
0,0,0,0
100,100,100,100
13,13,13,13
0.53711,0.53711,0.53711,0.53711
1,1,1,1
0,0,0,0
100,100,100,100
14,14,14,14
0.53711,0.53711,0.53711,0.53711
1,1,1,1
0,0,0,0
100,100,100,100
15,15,15,15
0.53711,0.53711,0.53711,0.53711
1,1,1,1
0,0,0,0
100,100,100,100
16,16,16,16
0.53711,0.53711,0.53711,0.53711
1,1,1,1
0,0,0,0
100,100,100,100
17,17,17,17
0.53711,0.53711,0.53711,0.53711
1,1,1,1
0,0,0,0
100,100,100,100
18,18,18,18
0.53711,0.53711,0.53711,0.53711
1,1,1,1
0,0,0,0
100,100,100,100
19,19,19,19
0.53711,0.53711,0.53711,0.53711
1,1,1,1
0,0,0,0
100,100,100,100
20,20,20,20
0.53711,0.53711,0.53711,0.53711
1,1,1,1
0.48296,0.48296,0.48296,0.48296
0,0,0,0
-20,-20,-20,-20
0.58594,0.58594,0.58594,0.58594
1,1,1,1
0.47918,0.47918,0.47918,0.47918
0,0,0,0
-19,-19,-19,-19
0.58594,0.58594,0.58594,0.58594
1,1,1,1
0.47394,0.47394,0.47394,0.47394
0,0,0,0
-18,-18,-18,-18
0.58594,0.58594,0.58594,0.58594
1,1,1,1
0.46237,0.46237,0.46237,0.46237
0,0,0,0
-17,-17,-17,-17
0.58594,0.58594,0.58594,0.58594
1,1,1,1
0.45278,0.45278,0.45278,0.45278
0,0,0,0
-16,-16,-16,-16
0.58594,0.58594,0.58594,0.58594
1,1,1,1
0.44543,0.44543,0.44543,0.44543
0,0,0,0
-15,-15,-15,-15
0.58594,0.58594,0.58594,0.58594
1,1,1,1
0.43773,0.43773,0.43773,0.43773
0,0,0,0
-14,-14,-14,-14
0.58594,0.58594,0.58594,0.58594
1,1,1,1
0.42934,0.42934,0.42934,0.42934
0,0,0,0
-13,-13,-13,-13
0.58594,0.58594,0.58594,0.58594
1,1,1,1
0.42086,0.42086,0.42086,0.42086
0,0,0,0
-12,-12,-12,-12
0.58594,0.58594,0.58594,0.58594
1,1,1,1
0.41236,0.41236,0.41236,0.41236
0,0,0,0
-11,-11,-11,-11
0.58594,0.58594,0.58594,0.58594
1,1,1,1
0.40387,0.40387,0.40387,0.40387
0,0,0,0
-10,-10,-10,-10
0.58594,0.58594,0.58594,0.58594
1,1,1,1
0.39511,0.39511,0.39511,0.39511
0,0,0,0
-9,-9,-9,-9
0.58594,0.58594,0.58594,0.58594
1,1,1,1
0.38632,0.38632,0.38632,0.38632
0,0,0,0
-8,-8,-8,-8
0.58594,0.58594,0.58594,0.58594
1,1,1,1
0.37792,0.37792,0.37792,0.37792
0,0,0,0
-7,-7,-7,-7
0.58594,0.58594,0.58594,0.58594
1,1,1,1
0.36823,0.36823,0.36823,0.36823
10,10,10,10
-6,-6,-6,-6
0.58594,0.58594,0.58594,0.58594
1,1,1,1
0.35756,0.35756,0.35756,0.35756
20,20,20,20
-5,-5,-5,-5
0.58594,0.58594,0.58594,0.58594
1,1,1,1
0.30462,0.30462,0.30462,0.30462
40,40,40,40
-4,-4,-4,-4
0.58594,0.58594,0.58594,0.58594
1,1,1,1
0.26436,0.26436,0.26436,0.26436
40,40,40,40
-3,-3,-3,-3
0.58594,0.58594,0.58594,0.58594
1,1,1,1
0.24931,0.24931,0.24931,0.24931
40,40,40,40
-2,-2,-2,-2
0.58594,0.58594,0.58594,0.58594
1,1,1,1
0.22369,0.22369,0.22369,0.22369
40,40,40,40
-1,-1,-1,-1
0.58594,0.58594,0.58594,0.58594
1,1,1,1
0.19773,0.19773,0.19773,0.19773
40,40,40,40
0,0,0,0
0.58594,0.58594,0.58594,0.58594
1,1,1,1
0.1145,0.1145,0.1145,0.1145
75,75,75,75
1,1,1,1
0.58594,0.58594,0.58594,0.58594
1,1,1,1
0.025057,0.025057,0.025057,0.025057
95,95,95,95
2,2,2,2
0.58594,0.58594,0.58594,0.58594
1,1,1,1
0,0,0,0
100,100,100,100
3,3,3,3
0.58594,0.58594,0.58594,0.58594
1,1,1,1
0,0,0,0
100,100,100,100
4,4,4,4
0.58594,0.58594,0.58594,0.58594
1,1,1,1
0,0,0,0
100,100,100,100
5,5,5,5
0.58594,0.58594,0.58594,0.58594
1,1,1,1
0,0,0,0
100,100,100,100
6,6,6,6
0.58594,0.58594,0.58594,0.58594
1,1,1,1
0,0,0,0
100,100,100,100
7,7,7,7
0.58594,0.58594,0.58594,0.58594
1,1,1,1
0,0,0,0
100,100,100,100
8,8,8,8
0.58594,0.58594,0.58594,0.58594
1,1,1,1
0,0,0,0
100,100,100,100
9,9,9,9
0.58594,0.58594,0.58594,0.58594
1,1,1,1
0,0,0,0
100,100,100,100
10,10,10,10
0.58594,0.58594,0.58594,0.58594
1,1,1,1
0,0,0,0
100,100,100,100
11,11,11,11
0.58594,0.58594,0.58594,0.58594
1,1,1,1
0,0,0,0
100,100,100,100
12,12,12,12
0.58594,0.58594,0.58594,0.58594
1,1,1,1
0,0,0,0
100,100,100,100
13,13,13,13
0.58594,0.58594,0.58594,0.58594
1,1,1,1
0,0,0,0
100,100,100,100
14,14,14,14
0.58594,0.58594,0.58594,0.58594
1,1,1,1
0,0,0,0
100,100,100,100
15,15,15,15
0.58594,0.58594,0.58594,0.58594
1,1,1,1
0,0,0,0
100,100,100,100
16,16,16,16
0.58594,0.58594,0.58594,0.58594
1,1,1,1
0,0,0,0
100,100,100,100
17,17,17,17
0.58594,0.58594,0.58594,0.58594
1,1,1,1
0,0,0,0
100,100,100,100
18,18,18,18
0.58594,0.58594,0.58594,0.58594
1,1,1,1
0,0,0,0
100,100,100,100
19,19,19,19
0.58594,0.58594,0.58594,0.58594
1,1,1,1
0,0,0,0
100,100,100,100
20,20,20,20
0.58594,0.58594,0.58594,0.58594
1,1,1,1
0.48297,0.48297,0.48297,0.48297
0,0,0,0
-20,-20,-20,-20
0.64453,0.64453,0.64453,0.64453
1,1,1,1
0.47874,0.47874,0.47874,0.47874
0,0,0,0
-19,-19,-19,-19
0.64453,0.64453,0.64453,0.64453
1,1,1,1
0.47218,0.47218,0.47218,0.47218
0,0,0,0
-18,-18,-18,-18
0.64453,0.64453,0.64453,0.64453
1,1,1,1
0.46558,0.46558,0.46558,0.46558
0,0,0,0
-17,-17,-17,-17
0.64453,0.64453,0.64453,0.64453
1,1,1,1
0.45682,0.45682,0.45682,0.45682
0,0,0,0
-16,-16,-16,-16
0.64453,0.64453,0.64453,0.64453
1,1,1,1
0.44979,0.44979,0.44979,0.44979
0,0,0,0
-15,-15,-15,-15
0.64453,0.64453,0.64453,0.64453
1,1,1,1
0.44281,0.44281,0.44281,0.44281
0,0,0,0
-14,-14,-14,-14
0.64453,0.64453,0.64453,0.64453
1,1,1,1
0.4354,0.4354,0.4354,0.4354
0,0,0,0
-13,-13,-13,-13
0.64453,0.64453,0.64453,0.64453
1,1,1,1
0.42742,0.42742,0.42742,0.42742
0,0,0,0
-12,-12,-12,-12
0.64453,0.64453,0.64453,0.64453
1,1,1,1
0.41951,0.41951,0.41951,0.41951
0,0,0,0
-11,-11,-11,-11
0.64453,0.64453,0.64453,0.64453
1,1,1,1
0.41109,0.41109,0.41109,0.41109
0,0,0,0
-10,-10,-10,-10
0.64453,0.64453,0.64453,0.64453
1,1,1,1
0.40253,0.40253,0.40253,0.40253
0,0,0,0
-9,-9,-9,-9
0.64453,0.64453,0.64453,0.64453
1,1,1,1
0.39411,0.39411,0.39411,0.39411
0,0,0,0
-8,-8,-8,-8
0.64453,0.64453,0.64453,0.64453
1,1,1,1
0.38548,0.38548,0.38548,0.38548
0,0,0,0
-7,-7,-7,-7
0.64453,0.64453,0.64453,0.64453
1,1,1,1
0.37642,0.37642,0.37642,0.37642
0,0,0,0
-6,-6,-6,-6
0.64453,0.64453,0.64453,0.64453
1,1,1,1
0.36626,0.36626,0.36626,0.36626
20,20,20,20
-5,-5,-5,-5
0.64453,0.64453,0.64453,0.64453
1,1,1,1
0.35658,0.35658,0.35658,0.35658
20,20,20,20
-4,-4,-4,-4
0.64453,0.64453,0.64453,0.64453
1,1,1,1
0.27899,0.27899,0.27899,0.27899
40,40,40,40
-3,-3,-3,-3
0.64453,0.64453,0.64453,0.64453
1,1,1,1
0.26682,0.26682,0.26682,0.26682
40,40,40,40
-2,-2,-2,-2
0.64453,0.64453,0.64453,0.64453
1,1,1,1
0.25006,0.25006,0.25006,0.25006
40,40,40,40
-1,-1,-1,-1
0.64453,0.64453,0.64453,0.64453
1,1,1,1
0.23208,0.23208,0.23208,0.23208
40,40,40,40
0,0,0,0
0.64453,0.64453,0.64453,0.64453
1,1,1,1
0.20191,0.20191,0.20191,0.20191
40,40,40,40
1,1,1,1
0.64453,0.64453,0.64453,0.64453
1,1,1,1
0.090216,0.090216,0.090216,0.090216
67.5,67.5,67.5,67.5
2,2,2,2
0.64453,0.64453,0.64453,0.64453
1,1,1,1
0.025104,0.025104,0.025104,0.025104
95,95,95,95
3,3,3,3
0.64453,0.64453,0.64453,0.64453
1,1,1,1
0,0,0,0
100,100,100,100
4,4,4,4
0.64453,0.64453,0.64453,0.64453
1,1,1,1
0,0,0,0
100,100,100,100
5,5,5,5
0.64453,0.64453,0.64453,0.64453
1,1,1,1
0,0,0,0
100,100,100,100
6,6,6,6
0.64453,0.64453,0.64453,0.64453
1,1,1,1
0,0,0,0
100,100,100,100
7,7,7,7
0.64453,0.64453,0.64453,0.64453
1,1,1,1
0,0,0,0
100,100,100,100
8,8,8,8
0.64453,0.64453,0.64453,0.64453
1,1,1,1
0,0,0,0
100,100,100,100
9,9,9,9
0.64453,0.64453,0.64453,0.64453
1,1,1,1
0,0,0,0
100,100,100,100
10,10,10,10
0.64453,0.64453,0.64453,0.64453
1,1,1,1
0,0,0,0
100,100,100,100
11,11,11,11
0.64453,0.64453,0.64453,0.64453
1,1,1,1
0,0,0,0
100,100,100,100
12,12,12,12
0.64453,0.64453,0.64453,0.64453
1,1,1,1
0,0,0,0
100,100,100,100
13,13,13,13
0.64453,0.64453,0.64453,0.64453
1,1,1,1
0,0,0,0
100,100,100,100
14,14,14,14
0.64453,0.64453,0.64453,0.64453
1,1,1,1
0,0,0,0
100,100,100,100
15,15,15,15
0.64453,0.64453,0.64453,0.64453
1,1,1,1
0,0,0,0
100,100,100,100
16,16,16,16
0.64453,0.64453,0.64453,0.64453
1,1,1,1
0,0,0,0
100,100,100,100
17,17,17,17
0.64453,0.64453,0.64453,0.64453
1,1,1,1
0,0,0,0
100,100,100,100
18,18,18,18
0.64453,0.64453,0.64453,0.64453
1,1,1,1
0,0,0,0
100,100,100,100
19,19,19,19
0.64453,0.64453,0.64453,0.64453
1,1,1,1
0,0,0,0
100,100,100,100
20,20,20,20
0.64453,0.64453,0.64453,0.64453
1,1,1,1
0.48436,0.48436,0.48436,0.48436
0,0,0,0
-20,-20,-20,-20
0.70313,0.70313,0.70313,0.70313
1,1,1,1
0.48085,0.48085,0.48085,0.48085
0,0,0,0
-19,-19,-19,-19
0.70313,0.70313,0.70313,0.70313
1,1,1,1
0.47087,0.47087,0.47087,0.47087
0,0,0,0
-18,-18,-18,-18
0.70313,0.70313,0.70313,0.70313
1,1,1,1
0.46598,0.46598,0.46598,0.46598
0,0,0,0
-17,-17,-17,-17
0.70313,0.70313,0.70313,0.70313
1,1,1,1
0.46011,0.46011,0.46011,0.46011
0,0,0,0
-16,-16,-16,-16
0.70313,0.70313,0.70313,0.70313
1,1,1,1
0.45328,0.45328,0.45328,0.45328
0,0,0,0
-15,-15,-15,-15
0.70313,0.70313,0.70313,0.70313
1,1,1,1
0.44686,0.44686,0.44686,0.44686
0,0,0,0
-14,-14,-14,-14
0.70313,0.70313,0.70313,0.70313
1,1,1,1
0.43965,0.43965,0.43965,0.43965
0,0,0,0
-13,-13,-13,-13
0.70313,0.70313,0.70313,0.70313
1,1,1,1
0.43218,0.43218,0.43218,0.43218
0,0,0,0
-12,-12,-12,-12
0.70313,0.70313,0.70313,0.70313
1,1,1,1
0.42445,0.42445,0.42445,0.42445
0,0,0,0
-11,-11,-11,-11
0.70313,0.70313,0.70313,0.70313
1,1,1,1
0.41637,0.41637,0.41637,0.41637
0,0,0,0
-10,-10,-10,-10
0.70313,0.70313,0.70313,0.70313
1,1,1,1
0.40805,0.40805,0.40805,0.40805
0,0,0,0
-9,-9,-9,-9
0.70313,0.70313,0.70313,0.70313
1,1,1,1
0.3997,0.3997,0.3997,0.3997
0,0,0,0
-8,-8,-8,-8
0.70313,0.70313,0.70313,0.70313
1,1,1,1
0.39129,0.39129,0.39129,0.39129
0,0,0,0
-7,-7,-7,-7
0.70313,0.70313,0.70313,0.70313
1,1,1,1
0.38267,0.38267,0.38267,0.38267
0,0,0,0
-6,-6,-6,-6
0.70313,0.70313,0.70313,0.70313
1,1,1,1
0.37355,0.37355,0.37355,0.37355
10,10,10,10
-5,-5,-5,-5
0.70313,0.70313,0.70313,0.70313
1,1,1,1
0.36264,0.36264,0.36264,0.36264
20,20,20,20
-4,-4,-4,-4
0.70313,0.70313,0.70313,0.70313
1,1,1,1
0.30425,0.30425,0.30425,0.30425
37.5,37.5,37.5,37.5
-3,-3,-3,-3
0.70313,0.70313,0.70313,0.70313
1,1,1,1
0.2766,0.2766,0.2766,0.2766
40,40,40,40
-2,-2,-2,-2
0.70313,0.70313,0.70313,0.70313
1,1,1,1
0.26415,0.26415,0.26415,0.26415
40,40,40,40
-1,-1,-1,-1
0.70313,0.70313,0.70313,0.70313
1,1,1,1
0.25189,0.25189,0.25189,0.25189
40,40,40,40
0,0,0,0
0.70313,0.70313,0.70313,0.70313
1,1,1,1
0.23488,0.23488,0.23488,0.23488
40,40,40,40
1,1,1,1
0.70313,0.70313,0.70313,0.70313
1,1,1,1
0.20538,0.20538,0.20538,0.20538
40,40,40,40
2,2,2,2
0.70313,0.70313,0.70313,0.70313
1,1,1,1
0.15308,0.15308,0.15308,0.15308
67.5,67.5,67.5,67.5
3,3,3,3
0.70313,0.70313,0.70313,0.70313
1,1,1,1
0.025508,0.025508,0.025508,0.025508
95,95,95,95
4,4,4,4
0.70313,0.70313,0.70313,0.70313
1,1,1,1
0,0,0,0
100,100,100,100
5,5,5,5
0.70313,0.70313,0.70313,0.70313
1,1,1,1
0,0,0,0
100,100,100,100
6,6,6,6
0.70313,0.70313,0.70313,0.70313
1,1,1,1
0,0,0,0
100,100,100,100
7,7,7,7
0.70313,0.70313,0.70313,0.70313
1,1,1,1
0,0,0,0
100,100,100,100
8,8,8,8
0.70313,0.70313,0.70313,0.70313
1,1,1,1
0,0,0,0
100,100,100,100
9,9,9,9
0.70313,0.70313,0.70313,0.70313
1,1,1,1
0,0,0,0
100,100,100,100
10,10,10,10
0.70313,0.70313,0.70313,0.70313
1,1,1,1
0,0,0,0
100,100,100,100
11,11,11,11
0.70313,0.70313,0.70313,0.70313
1,1,1,1
0,0,0,0
100,100,100,100
12,12,12,12
0.70313,0.70313,0.70313,0.70313
1,1,1,1
0,0,0,0
100,100,100,100
13,13,13,13
0.70313,0.70313,0.70313,0.70313
1,1,1,1
0,0,0,0
100,100,100,100
14,14,14,14
0.70313,0.70313,0.70313,0.70313
1,1,1,1
0,0,0,0
100,100,100,100
15,15,15,15
0.70313,0.70313,0.70313,0.70313
1,1,1,1
0,0,0,0
100,100,100,100
16,16,16,16
0.70313,0.70313,0.70313,0.70313
1,1,1,1
0,0,0,0
100,100,100,100
17,17,17,17
0.70313,0.70313,0.70313,0.70313
1,1,1,1
0,0,0,0
100,100,100,100
18,18,18,18
0.70313,0.70313,0.70313,0.70313
1,1,1,1
0,0,0,0
100,100,100,100
19,19,19,19
0.70313,0.70313,0.70313,0.70313
1,1,1,1
0,0,0,0
100,100,100,100
20,20,20,20
0.70313,0.70313,0.70313,0.70313
1,1,1,1
0.48506,0.48506,0.48506,0.48506
0,0,0,0
-20,-20,-20,-20
0.75195,0.75195,0.75195,0.75195
1,1,1,1
0.48185,0.48185,0.48185,0.48185
0,0,0,0
-19,-19,-19,-19
0.75195,0.75195,0.75195,0.75195
1,1,1,1
0.47821,0.47821,0.47821,0.47821
0,0,0,0
-18,-18,-18,-18
0.75195,0.75195,0.75195,0.75195
1,1,1,1
0.46821,0.46821,0.46821,0.46821
0,0,0,0
-17,-17,-17,-17
0.75195,0.75195,0.75195,0.75195
1,1,1,1
0.46171,0.46171,0.46171,0.46171
0,0,0,0
-16,-16,-16,-16
0.75195,0.75195,0.75195,0.75195
1,1,1,1
0.45568,0.45568,0.45568,0.45568
0,0,0,0
-15,-15,-15,-15
0.75195,0.75195,0.75195,0.75195
1,1,1,1
0.44939,0.44939,0.44939,0.44939
0,0,0,0
-14,-14,-14,-14
0.75195,0.75195,0.75195,0.75195
1,1,1,1
0.44255,0.44255,0.44255,0.44255
0,0,0,0
-13,-13,-13,-13
0.75195,0.75195,0.75195,0.75195
1,1,1,1
0.43541,0.43541,0.43541,0.43541
0,0,0,0
-12,-12,-12,-12
0.75195,0.75195,0.75195,0.75195
1,1,1,1
0.42781,0.42781,0.42781,0.42781
0,0,0,0
-11,-11,-11,-11
0.75195,0.75195,0.75195,0.75195
1,1,1,1
0.41974,0.41974,0.41974,0.41974
0,0,0,0
-10,-10,-10,-10
0.75195,0.75195,0.75195,0.75195
1,1,1,1
0.41158,0.41158,0.41158,0.41158
0,0,0,0
-9,-9,-9,-9
0.75195,0.75195,0.75195,0.75195
1,1,1,1
0.40323,0.40323,0.40323,0.40323
0,0,0,0
-8,-8,-8,-8
0.75195,0.75195,0.75195,0.75195
1,1,1,1
0.39501,0.39501,0.39501,0.39501
0,0,0,0
-7,-7,-7,-7
0.75195,0.75195,0.75195,0.75195
1,1,1,1
0.38691,0.38691,0.38691,0.38691
0,0,0,0
-6,-6,-6,-6
0.75195,0.75195,0.75195,0.75195
1,1,1,1
0.3779,0.3779,0.3779,0.3779
0,0,0,0
-5,-5,-5,-5
0.75195,0.75195,0.75195,0.75195
1,1,1,1
0.36769,0.36769,0.36769,0.36769
20,20,20,20
-4,-4,-4,-4
0.75195,0.75195,0.75195,0.75195
1,1,1,1
0.35934,0.35934,0.35934,0.35934
20,20,20,20
-3,-3,-3,-3
0.75195,0.75195,0.75195,0.75195
1,1,1,1
0.29265,0.29265,0.29265,0.29265
40,40,40,40
-2,-2,-2,-2
0.75195,0.75195,0.75195,0.75195
1,1,1,1
0.27336,0.27336,0.27336,0.27336
40,40,40,40
-1,-1,-1,-1
0.75195,0.75195,0.75195,0.75195
1,1,1,1
0.26391,0.26391,0.26391,0.26391
40,40,40,40
0,0,0,0
0.75195,0.75195,0.75195,0.75195
1,1,1,1
0.25253,0.25253,0.25253,0.25253
40,40,40,40
1,1,1,1
0.75195,0.75195,0.75195,0.75195
1,1,1,1
0.23412,0.23412,0.23412,0.23412
40,40,40,40
2,2,2,2
0.75195,0.75195,0.75195,0.75195
1,1,1,1
0.20213,0.20213,0.20213,0.20213
40,40,40,40
3,3,3,3
0.75195,0.75195,0.75195,0.75195
1,1,1,1
0.052933,0.052933,0.052933,0.052933
80,80,80,80
4,4,4,4
0.75195,0.75195,0.75195,0.75195
1,1,1,1
0.025946,0.025946,0.025946,0.025946
95,95,95,95
5,5,5,5
0.75195,0.75195,0.75195,0.75195
1,1,1,1
0.01251,0.01251,0.01251,0.01251
97.5,97.5,97.5,97.5
6,6,6,6
0.75195,0.75195,0.75195,0.75195
1,1,1,1
0,0,0,0
100,100,100,100
7,7,7,7
0.75195,0.75195,0.75195,0.75195
1,1,1,1
0,0,0,0
100,100,100,100
8,8,8,8
0.75195,0.75195,0.75195,0.75195
1,1,1,1
0,0,0,0
100,100,100,100
9,9,9,9
0.75195,0.75195,0.75195,0.75195
1,1,1,1
0,0,0,0
100,100,100,100
10,10,10,10
0.75195,0.75195,0.75195,0.75195
1,1,1,1
0,0,0,0
100,100,100,100
11,11,11,11
0.75195,0.75195,0.75195,0.75195
1,1,1,1
0,0,0,0
100,100,100,100
12,12,12,12
0.75195,0.75195,0.75195,0.75195
1,1,1,1
0,0,0,0
100,100,100,100
13,13,13,13
0.75195,0.75195,0.75195,0.75195
1,1,1,1
0,0,0,0
100,100,100,100
14,14,14,14
0.75195,0.75195,0.75195,0.75195
1,1,1,1
0,0,0,0
100,100,100,100
15,15,15,15
0.75195,0.75195,0.75195,0.75195
1,1,1,1
0,0,0,0
100,100,100,100
16,16,16,16
0.75195,0.75195,0.75195,0.75195
1,1,1,1
0,0,0,0
100,100,100,100
17,17,17,17
0.75195,0.75195,0.75195,0.75195
1,1,1,1
0,0,0,0
100,100,100,100
18,18,18,18
0.75195,0.75195,0.75195,0.75195
1,1,1,1
0,0,0,0
100,100,100,100
19,19,19,19
0.75195,0.75195,0.75195,0.75195
1,1,1,1
0,0,0,0
100,100,100,100
20,20,20,20
0.75195,0.75195,0.75195,0.75195
1,1,1,1
0.48615,0.48615,0.48615,0.48615
0,0,0,0
-20,-20,-20,-20
0.80078,0.80078,0.80078,0.80078
1,1,1,1
0.48302,0.48302,0.48302,0.48302
0,0,0,0
-19,-19,-19,-19
0.80078,0.80078,0.80078,0.80078
1,1,1,1
0.47827,0.47827,0.47827,0.47827
0,0,0,0
-18,-18,-18,-18
0.80078,0.80078,0.80078,0.80078
1,1,1,1
0.47025,0.47025,0.47025,0.47025
0,0,0,0
-17,-17,-17,-17
0.80078,0.80078,0.80078,0.80078
1,1,1,1
0.463,0.463,0.463,0.463
0,0,0,0
-16,-16,-16,-16
0.80078,0.80078,0.80078,0.80078
1,1,1,1
0.45777,0.45777,0.45777,0.45777
0,0,0,0
-15,-15,-15,-15
0.80078,0.80078,0.80078,0.80078
1,1,1,1
0.45154,0.45154,0.45154,0.45154
0,0,0,0
-14,-14,-14,-14
0.80078,0.80078,0.80078,0.80078
1,1,1,1
0.44488,0.44488,0.44488,0.44488
0,0,0,0
-13,-13,-13,-13
0.80078,0.80078,0.80078,0.80078
1,1,1,1
0.43783,0.43783,0.43783,0.43783
0,0,0,0
-12,-12,-12,-12
0.80078,0.80078,0.80078,0.80078
1,1,1,1
0.43025,0.43025,0.43025,0.43025
0,0,0,0
-11,-11,-11,-11
0.80078,0.80078,0.80078,0.80078
1,1,1,1
0.42255,0.42255,0.42255,0.42255
0,0,0,0
-10,-10,-10,-10
0.80078,0.80078,0.80078,0.80078
1,1,1,1
0.41455,0.41455,0.41455,0.41455
0,0,0,0
-9,-9,-9,-9
0.80078,0.80078,0.80078,0.80078
1,1,1,1
0.40613,0.40613,0.40613,0.40613
0,0,0,0
-8,-8,-8,-8
0.80078,0.80078,0.80078,0.80078
1,1,1,1
0.39797,0.39797,0.39797,0.39797
0,0,0,0
-7,-7,-7,-7
0.80078,0.80078,0.80078,0.80078
1,1,1,1
0.38943,0.38943,0.38943,0.38943
0,0,0,0
-6,-6,-6,-6
0.80078,0.80078,0.80078,0.80078
1,1,1,1
0.38067,0.38067,0.38067,0.38067
0,0,0,0
-5,-5,-5,-5
0.80078,0.80078,0.80078,0.80078
1,1,1,1
0.37125,0.37125,0.37125,0.37125
17.5,17.5,17.5,17.5
-4,-4,-4,-4
0.80078,0.80078,0.80078,0.80078
1,1,1,1
0.3617,0.3617,0.3617,0.3617
20,20,20,20
-3,-3,-3,-3
0.80078,0.80078,0.80078,0.80078
1,1,1,1
0.31245,0.31245,0.31245,0.31245
40,40,40,40
-2,-2,-2,-2
0.80078,0.80078,0.80078,0.80078
1,1,1,1
0.27577,0.27577,0.27577,0.27577
40,40,40,40
-1,-1,-1,-1
0.80078,0.80078,0.80078,0.80078
1,1,1,1
0.26645,0.26645,0.26645,0.26645
40,40,40,40
0,0,0,0
0.80078,0.80078,0.80078,0.80078
1,1,1,1
0.25444,0.25444,0.25444,0.25444
40,40,40,40
1,1,1,1
0.80078,0.80078,0.80078,0.80078
1,1,1,1
0.23882,0.23882,0.23882,0.23882
40,40,40,40
2,2,2,2
0.80078,0.80078,0.80078,0.80078
1,1,1,1
0.21832,0.21832,0.21832,0.21832
40,40,40,40
3,3,3,3
0.80078,0.80078,0.80078,0.80078
1,1,1,1
0.19426,0.19426,0.19426,0.19426
40,40,40,40
4,4,4,4
0.80078,0.80078,0.80078,0.80078
1,1,1,1
0.052687,0.052687,0.052687,0.052687
90,90,90,90
5,5,5,5
0.80078,0.80078,0.80078,0.80078
1,1,1,1
0.025832,0.025832,0.025832,0.025832
95,95,95,95
6,6,6,6
0.80078,0.80078,0.80078,0.80078
1,1,1,1
0.012433,0.012433,0.012433,0.012433
97.5,97.5,97.5,97.5
7,7,7,7
0.80078,0.80078,0.80078,0.80078
1,1,1,1
0,0,0,0
100,100,100,100
8,8,8,8
0.80078,0.80078,0.80078,0.80078
1,1,1,1
0,0,0,0
100,100,100,100
9,9,9,9
0.80078,0.80078,0.80078,0.80078
1,1,1,1
0,0,0,0
100,100,100,100
10,10,10,10
0.80078,0.80078,0.80078,0.80078
1,1,1,1
0,0,0,0
100,100,100,100
11,11,11,11
0.80078,0.80078,0.80078,0.80078
1,1,1,1
0,0,0,0
100,100,100,100
12,12,12,12
0.80078,0.80078,0.80078,0.80078
1,1,1,1
0,0,0,0
100,100,100,100
13,13,13,13
0.80078,0.80078,0.80078,0.80078
1,1,1,1
0,0,0,0
100,100,100,100
14,14,14,14
0.80078,0.80078,0.80078,0.80078
1,1,1,1
0,0,0,0
100,100,100,100
15,15,15,15
0.80078,0.80078,0.80078,0.80078
1,1,1,1
0,0,0,0
100,100,100,100
16,16,16,16
0.80078,0.80078,0.80078,0.80078
1,1,1,1
0,0,0,0
100,100,100,100
17,17,17,17
0.80078,0.80078,0.80078,0.80078
1,1,1,1
0,0,0,0
100,100,100,100
18,18,18,18
0.80078,0.80078,0.80078,0.80078
1,1,1,1
0,0,0,0
100,100,100,100
19,19,19,19
0.80078,0.80078,0.80078,0.80078
1,1,1,1
0,0,0,0
100,100,100,100
20,20,20,20
0.80078,0.80078,0.80078,0.80078
1,1,1,1
0.48639,0.48639,0.48639,0.48639
0,0,0,0
-20,-20,-20,-20
0.84961,0.84961,0.84961,0.84961
1,1,1,1
0.48369,0.48369,0.48369,0.48369
0,0,0,0
-19,-19,-19,-19
0.84961,0.84961,0.84961,0.84961
1,1,1,1
0.47832,0.47832,0.47832,0.47832
0,0,0,0
-18,-18,-18,-18
0.84961,0.84961,0.84961,0.84961
1,1,1,1
0.46987,0.46987,0.46987,0.46987
0,0,0,0
-17,-17,-17,-17
0.84961,0.84961,0.84961,0.84961
1,1,1,1
0.46517,0.46517,0.46517,0.46517
0,0,0,0
-16,-16,-16,-16
0.84961,0.84961,0.84961,0.84961
1,1,1,1
0.46008,0.46008,0.46008,0.46008
0,0,0,0
-15,-15,-15,-15
0.84961,0.84961,0.84961,0.84961
1,1,1,1
0.45391,0.45391,0.45391,0.45391
0,0,0,0
-14,-14,-14,-14
0.84961,0.84961,0.84961,0.84961
1,1,1,1
0.44724,0.44724,0.44724,0.44724
0,0,0,0
-13,-13,-13,-13
0.84961,0.84961,0.84961,0.84961
1,1,1,1
0.44046,0.44046,0.44046,0.44046
0,0,0,0
-12,-12,-12,-12
0.84961,0.84961,0.84961,0.84961
1,1,1,1
0.4331,0.4331,0.4331,0.4331
0,0,0,0
-11,-11,-11,-11
0.84961,0.84961,0.84961,0.84961
1,1,1,1
0.42523,0.42523,0.42523,0.42523
0,0,0,0
-10,-10,-10,-10
0.84961,0.84961,0.84961,0.84961
1,1,1,1
0.4172,0.4172,0.4172,0.4172
0,0,0,0
-9,-9,-9,-9
0.84961,0.84961,0.84961,0.84961
1,1,1,1
0.40908,0.40908,0.40908,0.40908
0,0,0,0
-8,-8,-8,-8
0.84961,0.84961,0.84961,0.84961
1,1,1,1
0.40073,0.40073,0.40073,0.40073
0,0,0,0
-7,-7,-7,-7
0.84961,0.84961,0.84961,0.84961
1,1,1,1
0.39247,0.39247,0.39247,0.39247
0,0,0,0
-6,-6,-6,-6
0.84961,0.84961,0.84961,0.84961
1,1,1,1
0.38384,0.38384,0.38384,0.38384
0,0,0,0
-5,-5,-5,-5
0.84961,0.84961,0.84961,0.84961
1,1,1,1
0.37494,0.37494,0.37494,0.37494
10,10,10,10
-4,-4,-4,-4
0.84961,0.84961,0.84961,0.84961
1,1,1,1
0.36521,0.36521,0.36521,0.36521
20,20,20,20
-3,-3,-3,-3
0.84961,0.84961,0.84961,0.84961
1,1,1,1
0.35701,0.35701,0.35701,0.35701
20,20,20,20
-2,-2,-2,-2
0.84961,0.84961,0.84961,0.84961
1,1,1,1
0.28003,0.28003,0.28003,0.28003
40,40,40,40
-1,-1,-1,-1
0.84961,0.84961,0.84961,0.84961
1,1,1,1
0.2705,0.2705,0.2705,0.2705
40,40,40,40
0,0,0,0
0.84961,0.84961,0.84961,0.84961
1,1,1,1
0.26102,0.26102,0.26102,0.26102
40,40,40,40
1,1,1,1
0.84961,0.84961,0.84961,0.84961
1,1,1,1
0.24969,0.24969,0.24969,0.24969
40,40,40,40
2,2,2,2
0.84961,0.84961,0.84961,0.84961
1,1,1,1
0.23685,0.23685,0.23685,0.23685
40,40,40,40
3,3,3,3
0.84961,0.84961,0.84961,0.84961
1,1,1,1
0.2202,0.2202,0.2202,0.2202
40,40,40,40
4,4,4,4
0.84961,0.84961,0.84961,0.84961
1,1,1,1
0.19548,0.19548,0.19548,0.19548
40,40,40,40
5,5,5,5
0.84961,0.84961,0.84961,0.84961
1,1,1,1
0.052814,0.052814,0.052814,0.052814
90,90,90,90
6,6,6,6
0.84961,0.84961,0.84961,0.84961
1,1,1,1
0.026896,0.026896,0.026896,0.026896
95,95,95,95
7,7,7,7
0.84961,0.84961,0.84961,0.84961
1,1,1,1
0.025377,0.025377,0.025377,0.025377
95,95,95,95
8,8,8,8
0.84961,0.84961,0.84961,0.84961
1,1,1,1
0,0,0,0
100,100,100,100
9,9,9,9
0.84961,0.84961,0.84961,0.84961
1,1,1,1
0,0,0,0
100,100,100,100
10,10,10,10
0.84961,0.84961,0.84961,0.84961
1,1,1,1
0,0,0,0
100,100,100,100
11,11,11,11
0.84961,0.84961,0.84961,0.84961
1,1,1,1
0,0,0,0
100,100,100,100
12,12,12,12
0.84961,0.84961,0.84961,0.84961
1,1,1,1
0,0,0,0
100,100,100,100
13,13,13,13
0.84961,0.84961,0.84961,0.84961
1,1,1,1
0,0,0,0
100,100,100,100
14,14,14,14
0.84961,0.84961,0.84961,0.84961
1,1,1,1
0,0,0,0
100,100,100,100
15,15,15,15
0.84961,0.84961,0.84961,0.84961
1,1,1,1
0,0,0,0
100,100,100,100
16,16,16,16
0.84961,0.84961,0.84961,0.84961
1,1,1,1
0,0,0,0
100,100,100,100
17,17,17,17
0.84961,0.84961,0.84961,0.84961
1,1,1,1
0,0,0,0
100,100,100,100
18,18,18,18
0.84961,0.84961,0.84961,0.84961
1,1,1,1
0,0,0,0
100,100,100,100
19,19,19,19
0.84961,0.84961,0.84961,0.84961
1,1,1,1
0,0,0,0
100,100,100,100
20,20,20,20
0.84961,0.84961,0.84961,0.84961
1,1,1,1
0.48782,0.48782,0.48782,0.48782
0,0,0,0
-20,-20,-20,-20
0.89844,0.89844,0.89844,0.89844
1,1,1,1
0.4796,0.4796,0.4796,0.4796
0,0,0,0
-19,-19,-19,-19
0.89844,0.89844,0.89844,0.89844
1,1,1,1
0.47588,0.47588,0.47588,0.47588
0,0,0,0
-18,-18,-18,-18
0.89844,0.89844,0.89844,0.89844
1,1,1,1
0.47188,0.47188,0.47188,0.47188
0,0,0,0
-17,-17,-17,-17
0.89844,0.89844,0.89844,0.89844
1,1,1,1
0.4671,0.4671,0.4671,0.4671
0,0,0,0
-16,-16,-16,-16
0.89844,0.89844,0.89844,0.89844
1,1,1,1
0.4617,0.4617,0.4617,0.4617
0,0,0,0
-15,-15,-15,-15
0.89844,0.89844,0.89844,0.89844
1,1,1,1
0.4558,0.4558,0.4558,0.4558
0,0,0,0
-14,-14,-14,-14
0.89844,0.89844,0.89844,0.89844
1,1,1,1
0.4494,0.4494,0.4494,0.4494
0,0,0,0
-13,-13,-13,-13
0.89844,0.89844,0.89844,0.89844
1,1,1,1
0.44291,0.44291,0.44291,0.44291
0,0,0,0
-12,-12,-12,-12
0.89844,0.89844,0.89844,0.89844
1,1,1,1
0.43561,0.43561,0.43561,0.43561
0,0,0,0
-11,-11,-11,-11
0.89844,0.89844,0.89844,0.89844
1,1,1,1
0.4281,0.4281,0.4281,0.4281
0,0,0,0
-10,-10,-10,-10
0.89844,0.89844,0.89844,0.89844
1,1,1,1
0.42017,0.42017,0.42017,0.42017
0,0,0,0
-9,-9,-9,-9
0.89844,0.89844,0.89844,0.89844
1,1,1,1
0.41187,0.41187,0.41187,0.41187
0,0,0,0
-8,-8,-8,-8
0.89844,0.89844,0.89844,0.89844
1,1,1,1
0.40363,0.40363,0.40363,0.40363
0,0,0,0
-7,-7,-7,-7
0.89844,0.89844,0.89844,0.89844
1,1,1,1
0.39516,0.39516,0.39516,0.39516
0,0,0,0
-6,-6,-6,-6
0.89844,0.89844,0.89844,0.89844
1,1,1,1
0.38681,0.38681,0.38681,0.38681
0,0,0,0
-5,-5,-5,-5
0.89844,0.89844,0.89844,0.89844
1,1,1,1
0.37767,0.37767,0.37767,0.37767
0,0,0,0
-4,-4,-4,-4
0.89844,0.89844,0.89844,0.89844
1,1,1,1
0.3683,0.3683,0.3683,0.3683
20,20,20,20
-3,-3,-3,-3
0.89844,0.89844,0.89844,0.89844
1,1,1,1
0.35932,0.35932,0.35932,0.35932
20,20,20,20
-2,-2,-2,-2
0.89844,0.89844,0.89844,0.89844
1,1,1,1
0.29999,0.29999,0.29999,0.29999
40,40,40,40
-1,-1,-1,-1
0.89844,0.89844,0.89844,0.89844
1,1,1,1
0.27412,0.27412,0.27412,0.27412
40,40,40,40
0,0,0,0
0.89844,0.89844,0.89844,0.89844
1,1,1,1
0.26556,0.26556,0.26556,0.26556
40,40,40,40
1,1,1,1
0.89844,0.89844,0.89844,0.89844
1,1,1,1
0.25562,0.25562,0.25562,0.25562
40,40,40,40
2,2,2,2
0.89844,0.89844,0.89844,0.89844
1,1,1,1
0.24549,0.24549,0.24549,0.24549
40,40,40,40
3,3,3,3
0.89844,0.89844,0.89844,0.89844
1,1,1,1
0.23432,0.23432,0.23432,0.23432
40,40,40,40
4,4,4,4
0.89844,0.89844,0.89844,0.89844
1,1,1,1
0.21889,0.21889,0.21889,0.21889
40,40,40,40
5,5,5,5
0.89844,0.89844,0.89844,0.89844
1,1,1,1
0.19497,0.19497,0.19497,0.19497
40,40,40,40
6,6,6,6
0.89844,0.89844,0.89844,0.89844
1,1,1,1
0.040338,0.040338,0.040338,0.040338
92.5,92.5,92.5,92.5
7,7,7,7
0.89844,0.89844,0.89844,0.89844
1,1,1,1
0.027293,0.027293,0.027293,0.027293
95,95,95,95
8,8,8,8
0.89844,0.89844,0.89844,0.89844
1,1,1,1
0.026895,0.026895,0.026895,0.026895
95,95,95,95
9,9,9,9
0.89844,0.89844,0.89844,0.89844
1,1,1,1
0.026603,0.026603,0.026603,0.026603
95,95,95,95
10,10,10,10
0.89844,0.89844,0.89844,0.89844
1,1,1,1
0.026409,0.026409,0.026409,0.026409
95,95,95,95
11,11,11,11
0.89844,0.89844,0.89844,0.89844
1,1,1,1
0.026296,0.026296,0.026296,0.026296
95,95,95,95
12,12,12,12
0.89844,0.89844,0.89844,0.89844
1,1,1,1
0.026241,0.026241,0.026241,0.026241
95,95,95,95
13,13,13,13
0.89844,0.89844,0.89844,0.89844
1,1,1,1
0.026248,0.026248,0.026248,0.026248
95,95,95,95
14,14,14,14
0.89844,0.89844,0.89844,0.89844
1,1,1,1
0.026225,0.026225,0.026225,0.026225
95,95,95,95
15,15,15,15
0.89844,0.89844,0.89844,0.89844
1,1,1,1
0.026212,0.026212,0.026212,0.026212
95,95,95,95
16,16,16,16
0.89844,0.89844,0.89844,0.89844
1,1,1,1
0.026207,0.026207,0.026207,0.026207
95,95,95,95
17,17,17,17
0.89844,0.89844,0.89844,0.89844
1,1,1,1
0.026205,0.026205,0.026205,0.026205
95,95,95,95
18,18,18,18
0.89844,0.89844,0.89844,0.89844
1,1,1,1
0.026205,0.026205,0.026205,0.026205
95,95,95,95
19,19,19,19
0.89844,0.89844,0.89844,0.89844
1,1,1,1
0.026205,0.026205,0.026205,0.026205
95,95,95,95
20,20,20,20
0.89844,0.89844,0.89844,0.89844
1,1,1,1
0.48918,0.48918,0.48918,0.48918
0,0,0,0
-20,-20,-20,-20
0.95703,0.95703,0.95703,0.95703
1,1,1,1
0.48666,0.48666,0.48666,0.48666
0,0,0,0
-19,-19,-19,-19
0.95703,0.95703,0.95703,0.95703
1,1,1,1
0.48097,0.48097,0.48097,0.48097
0,0,0,0
-18,-18,-18,-18
0.95703,0.95703,0.95703,0.95703
1,1,1,1
0.47358,0.47358,0.47358,0.47358
0,0,0,0
-17,-17,-17,-17
0.95703,0.95703,0.95703,0.95703
1,1,1,1
0.46899,0.46899,0.46899,0.46899
0,0,0,0
-16,-16,-16,-16
0.95703,0.95703,0.95703,0.95703
1,1,1,1
0.46385,0.46385,0.46385,0.46385
0,0,0,0
-15,-15,-15,-15
0.95703,0.95703,0.95703,0.95703
1,1,1,1
0.45824,0.45824,0.45824,0.45824
0,0,0,0
-14,-14,-14,-14
0.95703,0.95703,0.95703,0.95703
1,1,1,1
0.4523,0.4523,0.4523,0.4523
0,0,0,0
-13,-13,-13,-13
0.95703,0.95703,0.95703,0.95703
1,1,1,1
0.44559,0.44559,0.44559,0.44559
0,0,0,0
-12,-12,-12,-12
0.95703,0.95703,0.95703,0.95703
1,1,1,1
0.43835,0.43835,0.43835,0.43835
0,0,0,0
-11,-11,-11,-11
0.95703,0.95703,0.95703,0.95703
1,1,1,1
0.43065,0.43065,0.43065,0.43065
0,0,0,0
-10,-10,-10,-10
0.95703,0.95703,0.95703,0.95703
1,1,1,1
0.42281,0.42281,0.42281,0.42281
0,0,0,0
-9,-9,-9,-9
0.95703,0.95703,0.95703,0.95703
1,1,1,1
0.4145,0.4145,0.4145,0.4145
0,0,0,0
-8,-8,-8,-8
0.95703,0.95703,0.95703,0.95703
1,1,1,1
0.406,0.406,0.406,0.406
0,0,0,0
-7,-7,-7,-7
0.95703,0.95703,0.95703,0.95703
1,1,1,1
0.397,0.397,0.397,0.397
0,0,0,0
-6,-6,-6,-6
0.95703,0.95703,0.95703,0.95703
1,1,1,1
0.38818,0.38818,0.38818,0.38818
0,0,0,0
-5,-5,-5,-5
0.95703,0.95703,0.95703,0.95703
1,1,1,1
0.37923,0.37923,0.37923,0.37923
0,0,0,0
-4,-4,-4,-4
0.95703,0.95703,0.95703,0.95703
1,1,1,1
0.37029,0.37029,0.37029,0.37029
17.5,17.5,17.5,17.5
-3,-3,-3,-3
0.95703,0.95703,0.95703,0.95703
1,1,1,1
0.36113,0.36113,0.36113,0.36113
20,20,20,20
-2,-2,-2,-2
0.95703,0.95703,0.95703,0.95703
1,1,1,1
0.32665,0.32665,0.32665,0.32665
27.5,27.5,27.5,27.5
-1,-1,-1,-1
0.95703,0.95703,0.95703,0.95703
1,1,1,1
0.28408,0.28408,0.28408,0.28408
40,40,40,40
0,0,0,0
0.95703,0.95703,0.95703,0.95703
1,1,1,1
0.26669,0.26669,0.26669,0.26669
40,40,40,40
1,1,1,1
0.95703,0.95703,0.95703,0.95703
1,1,1,1
0.25676,0.25676,0.25676,0.25676
40,40,40,40
2,2,2,2
0.95703,0.95703,0.95703,0.95703
1,1,1,1
0.24725,0.24725,0.24725,0.24725
40,40,40,40
3,3,3,3
0.95703,0.95703,0.95703,0.95703
1,1,1,1
0.23809,0.23809,0.23809,0.23809
40,40,40,40
4,4,4,4
0.95703,0.95703,0.95703,0.95703
1,1,1,1
0.22812,0.22812,0.22812,0.22812
40,40,40,40
5,5,5,5
0.95703,0.95703,0.95703,0.95703
1,1,1,1
0.21674,0.21674,0.21674,0.21674
40,40,40,40
6,6,6,6
0.95703,0.95703,0.95703,0.95703
1,1,1,1
0.19897,0.19897,0.19897,0.19897
40,40,40,40
7,7,7,7
0.95703,0.95703,0.95703,0.95703
1,1,1,1
0.065459,0.065459,0.065459,0.065459
82.5,82.5,82.5,82.5
8,8,8,8
0.95703,0.95703,0.95703,0.95703
1,1,1,1
0.027771,0.027771,0.027771,0.027771
95,95,95,95
9,9,9,9
0.95703,0.95703,0.95703,0.95703
1,1,1,1
0.02763,0.02763,0.02763,0.02763
95,95,95,95
10,10,10,10
0.95703,0.95703,0.95703,0.95703
1,1,1,1
0.027532,0.027532,0.027532,0.027532
95,95,95,95
11,11,11,11
0.95703,0.95703,0.95703,0.95703
1,1,1,1
0.027472,0.027472,0.027472,0.027472
95,95,95,95
12,12,12,12
0.95703,0.95703,0.95703,0.95703
1,1,1,1
0.027442,0.027442,0.027442,0.027442
95,95,95,95
13,13,13,13
0.95703,0.95703,0.95703,0.95703
1,1,1,1
0.027436,0.027436,0.027436,0.027436
95,95,95,95
14,14,14,14
0.95703,0.95703,0.95703,0.95703
1,1,1,1
0.027429,0.027429,0.027429,0.027429
95,95,95,95
15,15,15,15
0.95703,0.95703,0.95703,0.95703
1,1,1,1
0.027421,0.027421,0.027421,0.027421
95,95,95,95
16,16,16,16
0.95703,0.95703,0.95703,0.95703
1,1,1,1
0.02742,0.02742,0.02742,0.02742
95,95,95,95
17,17,17,17
0.95703,0.95703,0.95703,0.95703
1,1,1,1
0.02742,0.02742,0.02742,0.02742
95,95,95,95
18,18,18,18
0.95703,0.95703,0.95703,0.95703
1,1,1,1
0.027419,0.027419,0.027419,0.027419
95,95,95,95
19,19,19,19
0.95703,0.95703,0.95703,0.95703
1,1,1,1
0.027419,0.027419,0.027419,0.027419
95,95,95,95
20,20,20,20
0.95703,0.95703,0.95703,0.95703
1,1,1,1
