0.49389,0.49389,0.49389,0.49389
0,0,0,0
-20,-20,-20,-20
0.11719,0.11719,0.11719,0.11719
1,1,1,1
0.49248,0.49248,0.49248,0.49248
0,0,0,0
-19,-19,-19,-19
0.11719,0.11719,0.11719,0.11719
1,1,1,1
0.49257,0.49257,0.49257,0.49257
0,0,0,0
-18,-18,-18,-18
0.11719,0.11719,0.11719,0.11719
1,1,1,1
0.49195,0.49195,0.49195,0.49195
0,0,0,0
-17,-17,-17,-17
0.11719,0.11719,0.11719,0.11719
1,1,1,1
0.49077,0.49077,0.49077,0.49077
0,0,0,0
-16,-16,-16,-16
0.11719,0.11719,0.11719,0.11719
1,1,1,1
0.48902,0.48902,0.48902,0.48902
0,0,0,0
-15,-15,-15,-15
0.11719,0.11719,0.11719,0.11719
1,1,1,1
0.48729,0.48729,0.48729,0.48729
0,0,0,0
-14,-14,-14,-14
0.11719,0.11719,0.11719,0.11719
1,1,1,1
0.48426,0.48426,0.48426,0.48426
0,0,0,0
-13,-13,-13,-13
0.11719,0.11719,0.11719,0.11719
1,1,1,1
0.47945,0.47945,0.47945,0.47945
0,0,0,0
-12,-12,-12,-12
0.11719,0.11719,0.11719,0.11719
1,1,1,1
0.47406,0.47406,0.47406,0.47406
0,0,0,0
-11,-11,-11,-11
0.11719,0.11719,0.11719,0.11719
1,1,1,1
0.4665,0.4665,0.4665,0.4665
0,0,0,0
-10,-10,-10,-10
0.11719,0.11719,0.11719,0.11719
1,1,1,1
0.4582,0.4582,0.4582,0.4582
0,0,0,0
-9,-9,-9,-9
0.11719,0.11719,0.11719,0.11719
1,1,1,1
0.4467,0.4467,0.4467,0.4467
0,0,0,0
-8,-8,-8,-8
0.11719,0.11719,0.11719,0.11719
1,1,1,1
0.42945,0.42945,0.42945,0.42945
10,10,10,10
-7,-7,-7,-7
0.11719,0.11719,0.11719,0.11719
1,1,1,1
0.38257,0.38257,0.38257,0.38257
27.5,27.5,27.5,27.5
-6,-6,-6,-6
0.11719,0.11719,0.11719,0.11719
1,1,1,1
0.29795,0.29795,0.29795,0.29795
40,40,40,40
-5,-5,-5,-5
0.11719,0.11719,0.11719,0.11719
1,1,1,1
0.15788,0.15788,0.15788,0.15788
52.5,52.5,52.5,52.5
-4,-4,-4,-4
0.11719,0.11719,0.11719,0.11719
1,1,1,1
0.049438,0.049438,0.049438,0.049438
90,90,90,90
-3,-3,-3,-3
0.11719,0.11719,0.11719,0.11719
1,1,1,1
0.049418,0.049418,0.049418,0.049418
90,90,90,90
-2,-2,-2,-2
0.11719,0.11719,0.11719,0.11719
1,1,1,1
0.049452,0.049452,0.049452,0.049452
95,95,95,95
-1,-1,-1,-1
0.11719,0.11719,0.11719,0.11719
1,1,1,1
0.049351,0.049351,0.049351,0.049351
95,95,95,95
0,0,0,0
0.11719,0.11719,0.11719,0.11719
1,1,1,1
0.049384,0.049384,0.049384,0.049384
95,95,95,95
1,1,1,1
0.11719,0.11719,0.11719,0.11719
1,1,1,1
0.049398,0.049398,0.049398,0.049398
95,95,95,95
2,2,2,2
0.11719,0.11719,0.11719,0.11719
1,1,1,1
0.049378,0.049378,0.049378,0.049378
95,95,95,95
3,3,3,3
0.11719,0.11719,0.11719,0.11719
1,1,1,1
0.049438,0.049438,0.049438,0.049438
95,95,95,95
4,4,4,4
0.11719,0.11719,0.11719,0.11719
1,1,1,1
0.024704,0.024704,0.024704,0.024704
97.5,97.5,97.5,97.5
5,5,5,5
0.11719,0.11719,0.11719,0.11719
1,1,1,1
0.024987,0.024987,0.024987,0.024987
97.5,97.5,97.5,97.5
6,6,6,6
0.11719,0.11719,0.11719,0.11719
1,1,1,1
0,0,0,0
100,100,100,100
7,7,7,7
0.11719,0.11719,0.11719,0.11719
1,1,1,1
0,0,0,0
100,100,100,100
8,8,8,8
0.11719,0.11719,0.11719,0.11719
1,1,1,1
0,0,0,0
100,100,100,100
9,9,9,9
0.11719,0.11719,0.11719,0.11719
1,1,1,1
0,0,0,0
100,100,100,100
10,10,10,10
0.11719,0.11719,0.11719,0.11719
1,1,1,1
0,0,0,0
100,100,100,100
11,11,11,11
0.11719,0.11719,0.11719,0.11719
1,1,1,1
0,0,0,0
100,100,100,100
12,12,12,12
0.11719,0.11719,0.11719,0.11719
1,1,1,1
0.012426,0.012426,0.012426,0.012426
97.5,97.5,97.5,97.5
13,13,13,13
0.11719,0.11719,0.11719,0.11719
1,1,1,1
0.012191,0.012191,0.012191,0.012191
97.5,97.5,97.5,97.5
14,14,14,14
0.11719,0.11719,0.11719,0.11719
1,1,1,1
0.012382,0.012382,0.012382,0.012382
97.5,97.5,97.5,97.5
15,15,15,15
0.11719,0.11719,0.11719,0.11719
1,1,1,1
0.012581,0.012581,0.012581,0.012581
97.5,97.5,97.5,97.5
16,16,16,16
0.11719,0.11719,0.11719,0.11719
1,1,1,1
0.012416,0.012416,0.012416,0.012416
97.5,97.5,97.5,97.5
17,17,17,17
0.11719,0.11719,0.11719,0.11719
1,1,1,1
0.012402,0.012402,0.012402,0.012402
97.5,97.5,97.5,97.5
18,18,18,18
0.11719,0.11719,0.11719,0.11719
1,1,1,1
0.012305,0.012305,0.012305,0.012305
97.5,97.5,97.5,97.5
19,19,19,19
0.11719,0.11719,0.11719,0.11719
1,1,1,1
0.012164,0.012164,0.012164,0.012164
97.5,97.5,97.5,97.5
20,20,20,20
0.11719,0.11719,0.11719,0.11719
1,1,1,1
0.012275,0.012275,0.012275,0.012275
97.5,97.5,97.5,97.5
21,21,21,21
0.11719,0.11719,0.11719,0.11719
1,1,1,1
0.01214,0.01214,0.01214,0.01214
97.5,97.5,97.5,97.5
22,22,22,22
0.11719,0.11719,0.11719,0.11719
1,1,1,1
0.012281,0.012281,0.012281,0.012281
97.5,97.5,97.5,97.5
23,23,23,23
0.11719,0.11719,0.11719,0.11719
1,1,1,1
0.012322,0.012322,0.012322,0.012322
97.5,97.5,97.5,97.5
24,24,24,24
0.11719,0.11719,0.11719,0.11719
1,1,1,1
0.012382,0.012382,0.012382,0.012382
97.5,97.5,97.5,97.5
25,25,25,25
0.11719,0.11719,0.11719,0.11719
1,1,1,1
0.012345,0.012345,0.012345,0.012345
97.5,97.5,97.5,97.5
26,26,26,26
0.11719,0.11719,0.11719,0.11719
1,1,1,1
0.012261,0.012261,0.012261,0.012261
97.5,97.5,97.5,97.5
27,27,27,27
0.11719,0.11719,0.11719,0.11719
1,1,1,1
0.01216,0.01216,0.01216,0.01216
97.5,97.5,97.5,97.5
28,28,28,28
0.11719,0.11719,0.11719,0.11719
1,1,1,1
0.012369,0.012369,0.012369,0.012369
97.5,97.5,97.5,97.5
29,29,29,29
0.11719,0.11719,0.11719,0.11719
1,1,1,1
0.012258,0.012258,0.012258,0.012258
97.5,97.5,97.5,97.5
30,30,30,30
0.11719,0.11719,0.11719,0.11719
1,1,1,1
0.49441,0.49441,0.49441,0.49441
0,0,0,0
-20,-20,-20,-20
0.23438,0.23438,0.23438,0.23438
1,1,1,1
0.49266,0.49266,0.49266,0.49266
0,0,0,0
-19,-19,-19,-19
0.23438,0.23438,0.23438,0.23438
1,1,1,1
0.49014,0.49014,0.49014,0.49014
0,0,0,0
-18,-18,-18,-18
0.23438,0.23438,0.23438,0.23438
1,1,1,1
0.48798,0.48798,0.48798,0.48798
0,0,0,0
-17,-17,-17,-17
0.23438,0.23438,0.23438,0.23438
1,1,1,1
0.48474,0.48474,0.48474,0.48474
0,0,0,0
-16,-16,-16,-16
0.23438,0.23438,0.23438,0.23438
1,1,1,1
0.48078,0.48078,0.48078,0.48078
0,0,0,0
-15,-15,-15,-15
0.23438,0.23438,0.23438,0.23438
1,1,1,1
0.47582,0.47582,0.47582,0.47582
0,0,0,0
-14,-14,-14,-14
0.23438,0.23438,0.23438,0.23438
1,1,1,1
0.47165,0.47165,0.47165,0.47165
0,0,0,0
-13,-13,-13,-13
0.23438,0.23438,0.23438,0.23438
1,1,1,1
0.46605,0.46605,0.46605,0.46605
0,0,0,0
-12,-12,-12,-12
0.23438,0.23438,0.23438,0.23438
1,1,1,1
0.45919,0.45919,0.45919,0.45919
0,0,0,0
-11,-11,-11,-11
0.23438,0.23438,0.23438,0.23438
1,1,1,1
0.45193,0.45193,0.45193,0.45193
0,0,0,0
-10,-10,-10,-10
0.23438,0.23438,0.23438,0.23438
1,1,1,1
0.4468,0.4468,0.4468,0.4468
0,0,0,0
-9,-9,-9,-9
0.23438,0.23438,0.23438,0.23438
1,1,1,1
0.43781,0.43781,0.43781,0.43781
0,0,0,0
-8,-8,-8,-8
0.23438,0.23438,0.23438,0.23438
1,1,1,1
0.42915,0.42915,0.42915,0.42915
0,0,0,0
-7,-7,-7,-7
0.23438,0.23438,0.23438,0.23438
1,1,1,1
0.41866,0.41866,0.41866,0.41866
0,0,0,0
-6,-6,-6,-6
0.23438,0.23438,0.23438,0.23438
1,1,1,1
0.40461,0.40461,0.40461,0.40461
0,0,0,0
-5,-5,-5,-5
0.23438,0.23438,0.23438,0.23438
1,1,1,1
0.38027,0.38027,0.38027,0.38027
10,10,10,10
-4,-4,-4,-4
0.23438,0.23438,0.23438,0.23438
1,1,1,1
0.32811,0.32811,0.32811,0.32811
25,25,25,25
-3,-3,-3,-3
0.23438,0.23438,0.23438,0.23438
1,1,1,1
0.24142,0.24142,0.24142,0.24142
35,35,35,35
-2,-2,-2,-2
0.23438,0.23438,0.23438,0.23438
1,1,1,1
0.088335,0.088335,0.088335,0.088335
57.5,57.5,57.5,57.5
-1,-1,-1,-1
0.23438,0.23438,0.23438,0.23438
1,1,1,1
0.012631,0.012631,0.012631,0.012631
97.5,97.5,97.5,97.5
0,0,0,0
0.23438,0.23438,0.23438,0.23438
1,1,1,1
0.037857,0.037857,0.037857,0.037857
92.5,92.5,92.5,92.5
1,1,1,1
0.23438,0.23438,0.23438,0.23438
1,1,1,1
0.037794,0.037794,0.037794,0.037794
92.5,92.5,92.5,92.5
2,2,2,2
0.23438,0.23438,0.23438,0.23438
1,1,1,1
0.012621,0.012621,0.012621,0.012621
97.5,97.5,97.5,97.5
3,3,3,3
0.23438,0.23438,0.23438,0.23438
1,1,1,1
0.012611,0.012611,0.012611,0.012611
97.5,97.5,97.5,97.5
4,4,4,4
0.23438,0.23438,0.23438,0.23438
1,1,1,1
0.024993,0.024993,0.024993,0.024993
97.5,97.5,97.5,97.5
5,5,5,5
0.23438,0.23438,0.23438,0.23438
1,1,1,1
0.03767,0.03767,0.03767,0.03767
95,95,95,95
6,6,6,6
0.23438,0.23438,0.23438,0.23438
1,1,1,1
0.037646,0.037646,0.037646,0.037646
95,95,95,95
7,7,7,7
0.23438,0.23438,0.23438,0.23438
1,1,1,1
0.025034,0.025034,0.025034,0.025034
97.5,97.5,97.5,97.5
8,8,8,8
0.23438,0.23438,0.23438,0.23438
1,1,1,1
0.024992,0.024992,0.024992,0.024992
97.5,97.5,97.5,97.5
9,9,9,9
0.23438,0.23438,0.23438,0.23438
1,1,1,1
0.037481,0.037481,0.037481,0.037481
95,95,95,95
10,10,10,10
0.23438,0.23438,0.23438,0.23438
1,1,1,1
0.03732,0.03732,0.03732,0.03732
95,95,95,95
11,11,11,11
0.23438,0.23438,0.23438,0.23438
1,1,1,1
0.037542,0.037542,0.037542,0.037542
95,95,95,95
12,12,12,12
0.23438,0.23438,0.23438,0.23438
1,1,1,1
0.037537,0.037537,0.037537,0.037537
95,95,95,95
13,13,13,13
0.23438,0.23438,0.23438,0.23438
1,1,1,1
0.037409,0.037409,0.037409,0.037409
95,95,95,95
14,14,14,14
0.23438,0.23438,0.23438,0.23438
1,1,1,1
0.037456,0.037456,0.037456,0.037456
95,95,95,95
15,15,15,15
0.23438,0.23438,0.23438,0.23438
1,1,1,1
0.037487,0.037487,0.037487,0.037487
95,95,95,95
16,16,16,16
0.23438,0.23438,0.23438,0.23438
1,1,1,1
0.037478,0.037478,0.037478,0.037478
95,95,95,95
17,17,17,17
0.23438,0.23438,0.23438,0.23438
1,1,1,1
0.012764,0.012764,0.012764,0.012764
97.5,97.5,97.5,97.5
18,18,18,18
0.23438,0.23438,0.23438,0.23438
1,1,1,1
0.012756,0.012756,0.012756,0.012756
97.5,97.5,97.5,97.5
19,19,19,19
0.23438,0.23438,0.23438,0.23438
1,1,1,1
0.012663,0.012663,0.012663,0.012663
97.5,97.5,97.5,97.5
20,20,20,20
0.23438,0.23438,0.23438,0.23438
1,1,1,1
0.01269,0.01269,0.01269,0.01269
97.5,97.5,97.5,97.5
21,21,21,21
0.23438,0.23438,0.23438,0.23438
1,1,1,1
0.012712,0.012712,0.012712,0.012712
97.5,97.5,97.5,97.5
22,22,22,22
0.23438,0.23438,0.23438,0.23438
1,1,1,1
0.012626,0.012626,0.012626,0.012626
97.5,97.5,97.5,97.5
23,23,23,23
0.23438,0.23438,0.23438,0.23438
1,1,1,1
0.01265,0.01265,0.01265,0.01265
97.5,97.5,97.5,97.5
24,24,24,24
0.23438,0.23438,0.23438,0.23438
1,1,1,1
0.012682,0.012682,0.012682,0.012682
97.5,97.5,97.5,97.5
25,25,25,25
0.23438,0.23438,0.23438,0.23438
1,1,1,1
0.01268,0.01268,0.01268,0.01268
97.5,97.5,97.5,97.5
26,26,26,26
0.23438,0.23438,0.23438,0.23438
1,1,1,1
0.012709,0.012709,0.012709,0.012709
97.5,97.5,97.5,97.5
27,27,27,27
0.23438,0.23438,0.23438,0.23438
1,1,1,1
0.012712,0.012712,0.012712,0.012712
97.5,97.5,97.5,97.5
28,28,28,28
0.23438,0.23438,0.23438,0.23438
1,1,1,1
0.012736,0.012736,0.012736,0.012736
97.5,97.5,97.5,97.5
29,29,29,29
0.23438,0.23438,0.23438,0.23438
1,1,1,1
0.012729,0.012729,0.012729,0.012729
97.5,97.5,97.5,97.5
30,30,30,30
0.23438,0.23438,0.23438,0.23438
1,1,1,1
0.4971,0.4971,0.4971,0.4971
0,0,0,0
-20,-20,-20,-20
0.29297,0.29297,0.29297,0.29297
1,1,1,1
0.49583,0.49583,0.49583,0.49583
0,0,0,0
-19,-19,-19,-19
0.29297,0.29297,0.29297,0.29297
1,1,1,1
0.49396,0.49396,0.49396,0.49396
0,0,0,0
-18,-18,-18,-18
0.29297,0.29297,0.29297,0.29297
1,1,1,1
0.49266,0.49266,0.49266,0.49266
0,0,0,0
-17,-17,-17,-17
0.29297,0.29297,0.29297,0.29297
1,1,1,1
0.49067,0.49067,0.49067,0.49067
0,0,0,0
-16,-16,-16,-16
0.29297,0.29297,0.29297,0.29297
1,1,1,1
0.48786,0.48786,0.48786,0.48786
0,0,0,0
-15,-15,-15,-15
0.29297,0.29297,0.29297,0.29297
1,1,1,1
0.48446,0.48446,0.48446,0.48446
0,0,0,0
-14,-14,-14,-14
0.29297,0.29297,0.29297,0.29297
1,1,1,1
0.4803,0.4803,0.4803,0.4803
0,0,0,0
-13,-13,-13,-13
0.29297,0.29297,0.29297,0.29297
1,1,1,1
0.47481,0.47481,0.47481,0.47481
0,0,0,0
-12,-12,-12,-12
0.29297,0.29297,0.29297,0.29297
1,1,1,1
0.47002,0.47002,0.47002,0.47002
0,0,0,0
-11,-11,-11,-11
0.29297,0.29297,0.29297,0.29297
1,1,1,1
0.46388,0.46388,0.46388,0.46388
0,0,0,0
-10,-10,-10,-10
0.29297,0.29297,0.29297,0.29297
1,1,1,1
0.45526,0.45526,0.45526,0.45526
0,0,0,0
-9,-9,-9,-9
0.29297,0.29297,0.29297,0.29297
1,1,1,1
0.44527,0.44527,0.44527,0.44527
0,0,0,0
-8,-8,-8,-8
0.29297,0.29297,0.29297,0.29297
1,1,1,1
0.43371,0.43371,0.43371,0.43371
0,0,0,0
-7,-7,-7,-7
0.29297,0.29297,0.29297,0.29297
1,1,1,1
0.4215,0.4215,0.4215,0.4215
0,0,0,0
-6,-6,-6,-6
0.29297,0.29297,0.29297,0.29297
1,1,1,1
0.40847,0.40847,0.40847,0.40847
0,0,0,0
-5,-5,-5,-5
0.29297,0.29297,0.29297,0.29297
1,1,1,1
0.39397,0.39397,0.39397,0.39397
17.5,17.5,17.5,17.5
-4,-4,-4,-4
0.29297,0.29297,0.29297,0.29297
1,1,1,1
0.36826,0.36826,0.36826,0.36826
25,25,25,25
-3,-3,-3,-3
0.29297,0.29297,0.29297,0.29297
1,1,1,1
0.28902,0.28902,0.28902,0.28902
37.5,37.5,37.5,37.5
-2,-2,-2,-2
0.29297,0.29297,0.29297,0.29297
1,1,1,1
0.23864,0.23864,0.23864,0.23864
37.5,37.5,37.5,37.5
-1,-1,-1,-1
0.29297,0.29297,0.29297,0.29297
1,1,1,1
0.15158,0.15158,0.15158,0.15158
40,40,40,40
0,0,0,0
0.29297,0.29297,0.29297,0.29297
1,1,1,1
0.061803,0.061803,0.061803,0.061803
87.5,87.5,87.5,87.5
1,1,1,1
0.29297,0.29297,0.29297,0.29297
1,1,1,1
0.03685,0.03685,0.03685,0.03685
92.5,92.5,92.5,92.5
2,2,2,2
0.29297,0.29297,0.29297,0.29297
1,1,1,1
0.036956,0.036956,0.036956,0.036956
92.5,92.5,92.5,92.5
3,3,3,3
0.29297,0.29297,0.29297,0.29297
1,1,1,1
0.036948,0.036948,0.036948,0.036948
92.5,92.5,92.5,92.5
4,4,4,4
0.29297,0.29297,0.29297,0.29297
1,1,1,1
0.036894,0.036894,0.036894,0.036894
95,95,95,95
5,5,5,5
0.29297,0.29297,0.29297,0.29297
1,1,1,1
0.036891,0.036891,0.036891,0.036891
95,95,95,95
6,6,6,6
0.29297,0.29297,0.29297,0.29297
1,1,1,1
0.036886,0.036886,0.036886,0.036886
95,95,95,95
7,7,7,7
0.29297,0.29297,0.29297,0.29297
1,1,1,1
0.036789,0.036789,0.036789,0.036789
95,95,95,95
8,8,8,8
0.29297,0.29297,0.29297,0.29297
1,1,1,1
0.036795,0.036795,0.036795,0.036795
95,95,95,95
9,9,9,9
0.29297,0.29297,0.29297,0.29297
1,1,1,1
0.036754,0.036754,0.036754,0.036754
95,95,95,95
10,10,10,10
0.29297,0.29297,0.29297,0.29297
1,1,1,1
0.036772,0.036772,0.036772,0.036772
95,95,95,95
11,11,11,11
0.29297,0.29297,0.29297,0.29297
1,1,1,1
0.03683,0.03683,0.03683,0.03683
95,95,95,95
12,12,12,12
0.29297,0.29297,0.29297,0.29297
1,1,1,1
0.024556,0.024556,0.024556,0.024556
97.5,97.5,97.5,97.5
13,13,13,13
0.29297,0.29297,0.29297,0.29297
1,1,1,1
0.024594,0.024594,0.024594,0.024594
97.5,97.5,97.5,97.5
14,14,14,14
0.29297,0.29297,0.29297,0.29297
1,1,1,1
0.024601,0.024601,0.024601,0.024601
97.5,97.5,97.5,97.5
15,15,15,15
0.29297,0.29297,0.29297,0.29297
1,1,1,1
0.024558,0.024558,0.024558,0.024558
97.5,97.5,97.5,97.5
16,16,16,16
0.29297,0.29297,0.29297,0.29297
1,1,1,1
0.024548,0.024548,0.024548,0.024548
97.5,97.5,97.5,97.5
17,17,17,17
0.29297,0.29297,0.29297,0.29297
1,1,1,1
0,0,0,0
100,100,100,100
18,18,18,18
0.29297,0.29297,0.29297,0.29297
1,1,1,1
0,0,0,0
100,100,100,100
19,19,19,19
0.29297,0.29297,0.29297,0.29297
1,1,1,1
0,0,0,0
100,100,100,100
20,20,20,20
0.29297,0.29297,0.29297,0.29297
1,1,1,1
0,0,0,0
100,100,100,100
21,21,21,21
0.29297,0.29297,0.29297,0.29297
1,1,1,1
0,0,0,0
100,100,100,100
22,22,22,22
0.29297,0.29297,0.29297,0.29297
1,1,1,1
0,0,0,0
100,100,100,100
23,23,23,23
0.29297,0.29297,0.29297,0.29297
1,1,1,1
0,0,0,0
100,100,100,100
24,24,24,24
0.29297,0.29297,0.29297,0.29297
1,1,1,1
0,0,0,0
100,100,100,100
25,25,25,25
0.29297,0.29297,0.29297,0.29297
1,1,1,1
0,0,0,0
100,100,100,100
26,26,26,26
0.29297,0.29297,0.29297,0.29297
1,1,1,1
0,0,0,0
100,100,100,100
27,27,27,27
0.29297,0.29297,0.29297,0.29297
1,1,1,1
0,0,0,0
100,100,100,100
28,28,28,28
0.29297,0.29297,0.29297,0.29297
1,1,1,1
0,0,0,0
100,100,100,100
29,29,29,29
0.29297,0.29297,0.29297,0.29297
1,1,1,1
0,0,0,0
100,100,100,100
30,30,30,30
0.29297,0.29297,0.29297,0.29297
1,1,1,1
0.49315,0.49315,0.49315,0.49315
0,0,0,0
-20,-20,-20,-20
0.38086,0.38086,0.38086,0.38086
1,1,1,1
0.49008,0.49008,0.49008,0.49008
0,0,0,0
-19,-19,-19,-19
0.38086,0.38086,0.38086,0.38086
1,1,1,1
0.48726,0.48726,0.48726,0.48726
0,0,0,0
-18,-18,-18,-18
0.38086,0.38086,0.38086,0.38086
1,1,1,1
0.4841,0.4841,0.4841,0.4841
0,0,0,0
-17,-17,-17,-17
0.38086,0.38086,0.38086,0.38086
1,1,1,1
0.4826,0.4826,0.4826,0.4826
0,0,0,0
-16,-16,-16,-16
0.38086,0.38086,0.38086,0.38086
1,1,1,1
0.47774,0.47774,0.47774,0.47774
0,0,0,0
-15,-15,-15,-15
0.38086,0.38086,0.38086,0.38086
1,1,1,1
0.47192,0.47192,0.47192,0.47192
0,0,0,0
-14,-14,-14,-14
0.38086,0.38086,0.38086,0.38086
1,1,1,1
0.46616,0.46616,0.46616,0.46616
0,0,0,0
-13,-13,-13,-13
0.38086,0.38086,0.38086,0.38086
1,1,1,1
0.45987,0.45987,0.45987,0.45987
0,0,0,0
-12,-12,-12,-12
0.38086,0.38086,0.38086,0.38086
1,1,1,1
0.45197,0.45197,0.45197,0.45197
0,0,0,0
-11,-11,-11,-11
0.38086,0.38086,0.38086,0.38086
1,1,1,1
0.44406,0.44406,0.44406,0.44406
0,0,0,0
-10,-10,-10,-10
0.38086,0.38086,0.38086,0.38086
1,1,1,1
0.4353,0.4353,0.4353,0.4353
0,0,0,0
-9,-9,-9,-9
0.38086,0.38086,0.38086,0.38086
1,1,1,1
0.42635,0.42635,0.42635,0.42635
0,0,0,0
-8,-8,-8,-8
0.38086,0.38086,0.38086,0.38086
1,1,1,1
0.41616,0.41616,0.41616,0.41616
0,0,0,0
-7,-7,-7,-7
0.38086,0.38086,0.38086,0.38086
1,1,1,1
0.40602,0.40602,0.40602,0.40602
0,0,0,0
-6,-6,-6,-6
0.38086,0.38086,0.38086,0.38086
1,1,1,1
0.39512,0.39512,0.39512,0.39512
0,0,0,0
-5,-5,-5,-5
0.38086,0.38086,0.38086,0.38086
1,1,1,1
0.38328,0.38328,0.38328,0.38328
0,0,0,0
-4,-4,-4,-4
0.38086,0.38086,0.38086,0.38086
1,1,1,1
0.37028,0.37028,0.37028,0.37028
20,20,20,20
-3,-3,-3,-3
0.38086,0.38086,0.38086,0.38086
1,1,1,1
0.33054,0.33054,0.33054,0.33054
22.5,22.5,22.5,22.5
-2,-2,-2,-2
0.38086,0.38086,0.38086,0.38086
1,1,1,1
0.26764,0.26764,0.26764,0.26764
40,40,40,40
-1,-1,-1,-1
0.38086,0.38086,0.38086,0.38086
1,1,1,1
0.23106,0.23106,0.23106,0.23106
40,40,40,40
0,0,0,0
0.38086,0.38086,0.38086,0.38086
1,1,1,1
0.19397,0.19397,0.19397,0.19397
40,40,40,40
1,1,1,1
0.38086,0.38086,0.38086,0.38086
1,1,1,1
0.03747,0.03747,0.03747,0.03747
92.5,92.5,92.5,92.5
2,2,2,2
0.38086,0.38086,0.38086,0.38086
1,1,1,1
0,0,0,0
100,100,100,100
3,3,3,3
0.38086,0.38086,0.38086,0.38086
1,1,1,1
0,0,0,0
100,100,100,100
4,4,4,4
0.38086,0.38086,0.38086,0.38086
1,1,1,1
0,0,0,0
100,100,100,100
5,5,5,5
0.38086,0.38086,0.38086,0.38086
1,1,1,1
0,0,0,0
100,100,100,100
6,6,6,6
0.38086,0.38086,0.38086,0.38086
1,1,1,1
0,0,0,0
100,100,100,100
7,7,7,7
0.38086,0.38086,0.38086,0.38086
1,1,1,1
0,0,0,0
100,100,100,100
8,8,8,8
0.38086,0.38086,0.38086,0.38086
1,1,1,1
0,0,0,0
100,100,100,100
9,9,9,9
0.38086,0.38086,0.38086,0.38086
1,1,1,1
0,0,0,0
100,100,100,100
10,10,10,10
0.38086,0.38086,0.38086,0.38086
1,1,1,1
0,0,0,0
100,100,100,100
11,11,11,11
0.38086,0.38086,0.38086,0.38086
1,1,1,1
0,0,0,0
100,100,100,100
12,12,12,12
0.38086,0.38086,0.38086,0.38086
1,1,1,1
0,0,0,0
100,100,100,100
13,13,13,13
0.38086,0.38086,0.38086,0.38086
1,1,1,1
0,0,0,0
100,100,100,100
14,14,14,14
0.38086,0.38086,0.38086,0.38086
1,1,1,1
0,0,0,0
100,100,100,100
15,15,15,15
0.38086,0.38086,0.38086,0.38086
1,1,1,1
0,0,0,0
100,100,100,100
16,16,16,16
0.38086,0.38086,0.38086,0.38086
1,1,1,1
0,0,0,0
100,100,100,100
17,17,17,17
0.38086,0.38086,0.38086,0.38086
1,1,1,1
0,0,0,0
100,100,100,100
18,18,18,18
0.38086,0.38086,0.38086,0.38086
1,1,1,1
0,0,0,0
100,100,100,100
19,19,19,19
0.38086,0.38086,0.38086,0.38086
1,1,1,1
0,0,0,0
100,100,100,100
20,20,20,20
0.38086,0.38086,0.38086,0.38086
1,1,1,1
0,0,0,0
100,100,100,100
21,21,21,21
0.38086,0.38086,0.38086,0.38086
1,1,1,1
0,0,0,0
100,100,100,100
22,22,22,22
0.38086,0.38086,0.38086,0.38086
1,1,1,1
0,0,0,0
100,100,100,100
23,23,23,23
0.38086,0.38086,0.38086,0.38086
1,1,1,1
0,0,0,0
100,100,100,100
24,24,24,24
0.38086,0.38086,0.38086,0.38086
1,1,1,1
0,0,0,0
100,100,100,100
25,25,25,25
0.38086,0.38086,0.38086,0.38086
1,1,1,1
0,0,0,0
100,100,100,100
26,26,26,26
0.38086,0.38086,0.38086,0.38086
1,1,1,1
0,0,0,0
100,100,100,100
27,27,27,27
0.38086,0.38086,0.38086,0.38086
1,1,1,1
0,0,0,0
100,100,100,100
28,28,28,28
0.38086,0.38086,0.38086,0.38086
1,1,1,1
0,0,0,0
100,100,100,100
29,29,29,29
0.38086,0.38086,0.38086,0.38086
1,1,1,1
0,0,0,0
100,100,100,100
30,30,30,30
0.38086,0.38086,0.38086,0.38086
1,1,1,1
0.49187,0.49187,0.49187,0.49187
0,0,0,0
-20,-20,-20,-20
0.47852,0.47852,0.47852,0.47852
1,1,1,1
0.48974,0.48974,0.48974,0.48974
0,0,0,0
-19,-19,-19,-19
0.47852,0.47852,0.47852,0.47852
1,1,1,1
0.48595,0.48595,0.48595,0.48595
0,0,0,0
-18,-18,-18,-18
0.47852,0.47852,0.47852,0.47852
1,1,1,1
0.48271,0.48271,0.48271,0.48271
0,0,0,0
-17,-17,-17,-17
0.47852,0.47852,0.47852,0.47852
1,1,1,1
0.47856,0.47856,0.47856,0.47856
0,0,0,0
-16,-16,-16,-16
0.47852,0.47852,0.47852,0.47852
1,1,1,1
0.47438,0.47438,0.47438,0.47438
0,0,0,0
-15,-15,-15,-15
0.47852,0.47852,0.47852,0.47852
1,1,1,1
0.46877,0.46877,0.46877,0.46877
0,0,0,0
-14,-14,-14,-14
0.47852,0.47852,0.47852,0.47852
1,1,1,1
0.46273,0.46273,0.46273,0.46273
0,0,0,0
-13,-13,-13,-13
0.47852,0.47852,0.47852,0.47852
1,1,1,1
0.45632,0.45632,0.45632,0.45632
0,0,0,0
-12,-12,-12,-12
0.47852,0.47852,0.47852,0.47852
1,1,1,1
0.45202,0.45202,0.45202,0.45202
0,0,0,0
-11,-11,-11,-11
0.47852,0.47852,0.47852,0.47852
1,1,1,1
0.44458,0.44458,0.44458,0.44458
0,0,0,0
-10,-10,-10,-10
0.47852,0.47852,0.47852,0.47852
1,1,1,1
0.43715,0.43715,0.43715,0.43715
0,0,0,0
-9,-9,-9,-9
0.47852,0.47852,0.47852,0.47852
1,1,1,1
0.42837,0.42837,0.42837,0.42837
0,0,0,0
-8,-8,-8,-8
0.47852,0.47852,0.47852,0.47852
1,1,1,1
0.4196,0.4196,0.4196,0.4196
0,0,0,0
-7,-7,-7,-7
0.47852,0.47852,0.47852,0.47852
1,1,1,1
0.41033,0.41033,0.41033,0.41033
0,0,0,0
-6,-6,-6,-6
0.47852,0.47852,0.47852,0.47852
1,1,1,1
0.40073,0.40073,0.40073,0.40073
0,0,0,0
-5,-5,-5,-5
0.47852,0.47852,0.47852,0.47852
1,1,1,1
0.39193,0.39193,0.39193,0.39193
0,0,0,0
-4,-4,-4,-4
0.47852,0.47852,0.47852,0.47852
1,1,1,1
0.37394,0.37394,0.37394,0.37394
0,0,0,0
-3,-3,-3,-3
0.47852,0.47852,0.47852,0.47852
1,1,1,1
0.36179,0.36179,0.36179,0.36179
20,20,20,20
-2,-2,-2,-2
0.47852,0.47852,0.47852,0.47852
1,1,1,1
0.32435,0.32435,0.32435,0.32435
25,25,25,25
-1,-1,-1,-1
0.47852,0.47852,0.47852,0.47852
1,1,1,1
0.27285,0.27285,0.27285,0.27285
37.5,37.5,37.5,37.5
0,0,0,0
0.47852,0.47852,0.47852,0.47852
1,1,1,1
0.25046,0.25046,0.25046,0.25046
40,40,40,40
1,1,1,1
0.47852,0.47852,0.47852,0.47852
1,1,1,1
0.2179,0.2179,0.2179,0.2179
40,40,40,40
2,2,2,2
0.47852,0.47852,0.47852,0.47852
1,1,1,1
0.063942,0.063942,0.063942,0.063942
57.5,57.5,57.5,57.5
3,3,3,3
0.47852,0.47852,0.47852,0.47852
1,1,1,1
0.087974,0.087974,0.087974,0.087974
82.5,82.5,82.5,82.5
4,4,4,4
0.47852,0.47852,0.47852,0.47852
1,1,1,1
0,0,0,0
100,100,100,100
5,5,5,5
0.47852,0.47852,0.47852,0.47852
1,1,1,1
0,0,0,0
100,100,100,100
6,6,6,6
0.47852,0.47852,0.47852,0.47852
1,1,1,1
0,0,0,0
100,100,100,100
7,7,7,7
0.47852,0.47852,0.47852,0.47852
1,1,1,1
0,0,0,0
100,100,100,100
8,8,8,8
0.47852,0.47852,0.47852,0.47852
1,1,1,1
0,0,0,0
100,100,100,100
9,9,9,9
0.47852,0.47852,0.47852,0.47852
1,1,1,1
0,0,0,0
100,100,100,100
10,10,10,10
0.47852,0.47852,0.47852,0.47852
1,1,1,1
0,0,0,0
100,100,100,100
11,11,11,11
0.47852,0.47852,0.47852,0.47852
1,1,1,1
0.025179,0.025179,0.025179,0.025179
97.5,97.5,97.5,97.5
12,12,12,12
0.47852,0.47852,0.47852,0.47852
1,1,1,1
0.02518,0.02518,0.02518,0.02518
97.5,97.5,97.5,97.5
13,13,13,13
0.47852,0.47852,0.47852,0.47852
1,1,1,1
0.025185,0.025185,0.025185,0.025185
97.5,97.5,97.5,97.5
14,14,14,14
0.47852,0.47852,0.47852,0.47852
1,1,1,1
0.025167,0.025167,0.025167,0.025167
97.5,97.5,97.5,97.5
15,15,15,15
0.47852,0.47852,0.47852,0.47852
1,1,1,1
0.025185,0.025185,0.025185,0.025185
97.5,97.5,97.5,97.5
16,16,16,16
0.47852,0.47852,0.47852,0.47852
1,1,1,1
0.02519,0.02519,0.02519,0.02519
97.5,97.5,97.5,97.5
17,17,17,17
0.47852,0.47852,0.47852,0.47852
1,1,1,1
0.025203,0.025203,0.025203,0.025203
97.5,97.5,97.5,97.5
18,18,18,18
0.47852,0.47852,0.47852,0.47852
1,1,1,1
0.025194,0.025194,0.025194,0.025194
97.5,97.5,97.5,97.5
19,19,19,19
0.47852,0.47852,0.47852,0.47852
1,1,1,1
0.025204,0.025204,0.025204,0.025204
97.5,97.5,97.5,97.5
20,20,20,20
0.47852,0.47852,0.47852,0.47852
1,1,1,1
0.025185,0.025185,0.025185,0.025185
97.5,97.5,97.5,97.5
21,21,21,21
0.47852,0.47852,0.47852,0.47852
1,1,1,1
0.025172,0.025172,0.025172,0.025172
97.5,97.5,97.5,97.5
22,22,22,22
0.47852,0.47852,0.47852,0.47852
1,1,1,1
0.025179,0.025179,0.025179,0.025179
97.5,97.5,97.5,97.5
23,23,23,23
0.47852,0.47852,0.47852,0.47852
1,1,1,1
0.025168,0.025168,0.025168,0.025168
97.5,97.5,97.5,97.5
24,24,24,24
0.47852,0.47852,0.47852,0.47852
1,1,1,1
0.025176,0.025176,0.025176,0.025176
97.5,97.5,97.5,97.5
25,25,25,25
0.47852,0.47852,0.47852,0.47852
1,1,1,1
0.02518,0.02518,0.02518,0.02518
97.5,97.5,97.5,97.5
26,26,26,26
0.47852,0.47852,0.47852,0.47852
1,1,1,1
0.025171,0.025171,0.025171,0.025171
97.5,97.5,97.5,97.5
27,27,27,27
0.47852,0.47852,0.47852,0.47852
1,1,1,1
0.025169,0.025169,0.025169,0.025169
97.5,97.5,97.5,97.5
28,28,28,28
0.47852,0.47852,0.47852,0.47852
1,1,1,1
0.02505,0.02505,0.02505,0.02505
97.5,97.5,97.5,97.5
29,29,29,29
0.47852,0.47852,0.47852,0.47852
1,1,1,1
0.02506,0.02506,0.02506,0.02506
97.5,97.5,97.5,97.5
30,30,30,30
0.47852,0.47852,0.47852,0.47852
1,1,1,1
0.49021,0.49021,0.49021,0.49021
0,0,0,0
-20,-20,-20,-20
0.53711,0.53711,0.53711,0.53711
1,1,1,1
0.48893,0.48893,0.48893,0.48893
0,0,0,0
-19,-19,-19,-19
0.53711,0.53711,0.53711,0.53711
1,1,1,1
0.4858,0.4858,0.4858,0.4858
0,0,0,0
-18,-18,-18,-18
0.53711,0.53711,0.53711,0.53711
1,1,1,1
0.4819,0.4819,0.4819,0.4819
0,0,0,0
-17,-17,-17,-17
0.53711,0.53711,0.53711,0.53711
1,1,1,1
0.47876,0.47876,0.47876,0.47876
0,0,0,0
-16,-16,-16,-16
0.53711,0.53711,0.53711,0.53711
1,1,1,1
0.4743,0.4743,0.4743,0.4743
0,0,0,0
-15,-15,-15,-15
0.53711,0.53711,0.53711,0.53711
1,1,1,1
0.46938,0.46938,0.46938,0.46938
0,0,0,0
-14,-14,-14,-14
0.53711,0.53711,0.53711,0.53711
1,1,1,1
0.46359,0.46359,0.46359,0.46359
0,0,0,0
-13,-13,-13,-13
0.53711,0.53711,0.53711,0.53711
1,1,1,1
0.45693,0.45693,0.45693,0.45693
0,0,0,0
-12,-12,-12,-12
0.53711,0.53711,0.53711,0.53711
1,1,1,1
0.44961,0.44961,0.44961,0.44961
0,0,0,0
-11,-11,-11,-11
0.53711,0.53711,0.53711,0.53711
1,1,1,1
0.44156,0.44156,0.44156,0.44156
0,0,0,0
-10,-10,-10,-10
0.53711,0.53711,0.53711,0.53711
1,1,1,1
0.43735,0.43735,0.43735,0.43735
0,0,0,0
-9,-9,-9,-9
0.53711,0.53711,0.53711,0.53711
1,1,1,1
0.42457,0.42457,0.42457,0.42457
0,0,0,0
-8,-8,-8,-8
0.53711,0.53711,0.53711,0.53711
1,1,1,1
0.41985,0.41985,0.41985,0.41985
0,0,0,0
-7,-7,-7,-7
0.53711,0.53711,0.53711,0.53711
1,1,1,1
0.40548,0.40548,0.40548,0.40548
0,0,0,0
-6,-6,-6,-6
0.53711,0.53711,0.53711,0.53711
1,1,1,1
0.39582,0.39582,0.39582,0.39582
0,0,0,0
-5,-5,-5,-5
0.53711,0.53711,0.53711,0.53711
1,1,1,1
0.38605,0.38605,0.38605,0.38605
0,0,0,0
-4,-4,-4,-4
0.53711,0.53711,0.53711,0.53711
1,1,1,1
0.37599,0.37599,0.37599,0.37599
0,0,0,0
-3,-3,-3,-3
0.53711,0.53711,0.53711,0.53711
1,1,1,1
0.36517,0.36517,0.36517,0.36517
12.5,12.5,12.5,12.5
-2,-2,-2,-2
0.53711,0.53711,0.53711,0.53711
1,1,1,1
0.35309,0.35309,0.35309,0.35309
20,20,20,20
-1,-1,-1,-1
0.53711,0.53711,0.53711,0.53711
1,1,1,1
0.28131,0.28131,0.28131,0.28131
37.5,37.5,37.5,37.5
0,0,0,0
0.53711,0.53711,0.53711,0.53711
1,1,1,1
0.26525,0.26525,0.26525,0.26525
37.5,37.5,37.5,37.5
1,1,1,1
0.53711,0.53711,0.53711,0.53711
1,1,1,1
0.23168,0.23168,0.23168,0.23168
37.5,37.5,37.5,37.5
2,2,2,2
0.53711,0.53711,0.53711,0.53711
1,1,1,1
0.20237,0.20237,0.20237,0.20237
37.5,37.5,37.5,37.5
3,3,3,3
0.53711,0.53711,0.53711,0.53711
1,1,1,1
0.17727,0.17727,0.17727,0.17727
45,45,45,45
4,4,4,4
0.53711,0.53711,0.53711,0.53711
1,1,1,1
0.024989,0.024989,0.024989,0.024989
95,95,95,95
5,5,5,5
0.53711,0.53711,0.53711,0.53711
1,1,1,1
0.075572,0.075572,0.075572,0.075572
85,85,85,85
6,6,6,6
0.53711,0.53711,0.53711,0.53711
1,1,1,1
0.075617,0.075617,0.075617,0.075617
85,85,85,85
7,7,7,7
0.53711,0.53711,0.53711,0.53711
1,1,1,1
0.075447,0.075447,0.075447,0.075447
85,85,85,85
8,8,8,8
0.53711,0.53711,0.53711,0.53711
1,1,1,1
0.075349,0.075349,0.075349,0.075349
85,85,85,85
9,9,9,9
0.53711,0.53711,0.53711,0.53711
1,1,1,1
0.075486,0.075486,0.075486,0.075486
85,85,85,85
10,10,10,10
0.53711,0.53711,0.53711,0.53711
1,1,1,1
0.075452,0.075452,0.075452,0.075452
85,85,85,85
11,11,11,11
0.53711,0.53711,0.53711,0.53711
1,1,1,1
0.075538,0.075538,0.075538,0.075538
85,85,85,85
12,12,12,12
0.53711,0.53711,0.53711,0.53711
1,1,1,1
0.075449,0.075449,0.075449,0.075449
85,85,85,85
13,13,13,13
0.53711,0.53711,0.53711,0.53711
1,1,1,1
0.050463,0.050463,0.050463,0.050463
90,90,90,90
14,14,14,14
0.53711,0.53711,0.53711,0.53711
1,1,1,1
0.050445,0.050445,0.050445,0.050445
95,95,95,95
15,15,15,15
0.53711,0.53711,0.53711,0.53711
1,1,1,1
0.050468,0.050468,0.050468,0.050468
95,95,95,95
16,16,16,16
0.53711,0.53711,0.53711,0.53711
1,1,1,1
0.050472,0.050472,0.050472,0.050472
95,95,95,95
17,17,17,17
0.53711,0.53711,0.53711,0.53711
1,1,1,1
0.050447,0.050447,0.050447,0.050447
95,95,95,95
18,18,18,18
0.53711,0.53711,0.53711,0.53711
1,1,1,1
0.050458,0.050458,0.050458,0.050458
95,95,95,95
19,19,19,19
0.53711,0.53711,0.53711,0.53711
1,1,1,1
0.025073,0.025073,0.025073,0.025073
97.5,97.5,97.5,97.5
20,20,20,20
0.53711,0.53711,0.53711,0.53711
1,1,1,1
0.025058,0.025058,0.025058,0.025058
97.5,97.5,97.5,97.5
21,21,21,21
0.53711,0.53711,0.53711,0.53711
1,1,1,1
0.025069,0.025069,0.025069,0.025069
97.5,97.5,97.5,97.5
22,22,22,22
0.53711,0.53711,0.53711,0.53711
1,1,1,1
0.025067,0.025067,0.025067,0.025067
97.5,97.5,97.5,97.5
23,23,23,23
0.53711,0.53711,0.53711,0.53711
1,1,1,1
0.025066,0.025066,0.025066,0.025066
97.5,97.5,97.5,97.5
24,24,24,24
0.53711,0.53711,0.53711,0.53711
1,1,1,1
0.025065,0.025065,0.025065,0.025065
97.5,97.5,97.5,97.5
25,25,25,25
0.53711,0.53711,0.53711,0.53711
1,1,1,1
0.02506,0.02506,0.02506,0.02506
97.5,97.5,97.5,97.5
26,26,26,26
0.53711,0.53711,0.53711,0.53711
1,1,1,1
0.025052,0.025052,0.025052,0.025052
97.5,97.5,97.5,97.5
27,27,27,27
0.53711,0.53711,0.53711,0.53711
1,1,1,1
0.025052,0.025052,0.025052,0.025052
97.5,97.5,97.5,97.5
28,28,28,28
0.53711,0.53711,0.53711,0.53711
1,1,1,1
0.025053,0.025053,0.025053,0.025053
97.5,97.5,97.5,97.5
29,29,29,29
0.53711,0.53711,0.53711,0.53711
1,1,1,1
0.02505,0.02505,0.02505,0.02505
97.5,97.5,97.5,97.5
30,30,30,30
0.53711,0.53711,0.53711,0.53711
1,1,1,1
0.49053,0.49053,0.49053,0.49053
0,0,0,0
-20,-20,-20,-20
0.58594,0.58594,0.58594,0.58594
1,1,1,1
0.48733,0.48733,0.48733,0.48733
0,0,0,0
-19,-19,-19,-19
0.58594,0.58594,0.58594,0.58594
1,1,1,1
0.48458,0.48458,0.48458,0.48458
0,0,0,0
-18,-18,-18,-18
0.58594,0.58594,0.58594,0.58594
1,1,1,1
0.48213,0.48213,0.48213,0.48213
0,0,0,0
-17,-17,-17,-17
0.58594,0.58594,0.58594,0.58594
1,1,1,1
0.47727,0.47727,0.47727,0.47727
0,0,0,0
-16,-16,-16,-16
0.58594,0.58594,0.58594,0.58594
1,1,1,1
0.47437,0.47437,0.47437,0.47437
0,0,0,0
-15,-15,-15,-15
0.58594,0.58594,0.58594,0.58594
1,1,1,1
0.46906,0.46906,0.46906,0.46906
0,0,0,0
-14,-14,-14,-14
0.58594,0.58594,0.58594,0.58594
1,1,1,1
0.46315,0.46315,0.46315,0.46315
0,0,0,0
-13,-13,-13,-13
0.58594,0.58594,0.58594,0.58594
1,1,1,1
0.45648,0.45648,0.45648,0.45648
0,0,0,0
-12,-12,-12,-12
0.58594,0.58594,0.58594,0.58594
1,1,1,1
0.44998,0.44998,0.44998,0.44998
0,0,0,0
-11,-11,-11,-11
0.58594,0.58594,0.58594,0.58594
1,1,1,1
0.44209,0.44209,0.44209,0.44209
0,0,0,0
-10,-10,-10,-10
0.58594,0.58594,0.58594,0.58594
1,1,1,1
0.43377,0.43377,0.43377,0.43377
0,0,0,0
-9,-9,-9,-9
0.58594,0.58594,0.58594,0.58594
1,1,1,1
0.42536,0.42536,0.42536,0.42536
0,0,0,0
-8,-8,-8,-8
0.58594,0.58594,0.58594,0.58594
1,1,1,1
0.41657,0.41657,0.41657,0.41657
0,0,0,0
-7,-7,-7,-7
0.58594,0.58594,0.58594,0.58594
1,1,1,1
0.40723,0.40723,0.40723,0.40723
0,0,0,0
-6,-6,-6,-6
0.58594,0.58594,0.58594,0.58594
1,1,1,1
0.39764,0.39764,0.39764,0.39764
0,0,0,0
-5,-5,-5,-5
0.58594,0.58594,0.58594,0.58594
1,1,1,1
0.388,0.388,0.388,0.388
0,0,0,0
-4,-4,-4,-4
0.58594,0.58594,0.58594,0.58594
1,1,1,1
0.37818,0.37818,0.37818,0.37818
0,0,0,0
-3,-3,-3,-3
0.58594,0.58594,0.58594,0.58594
1,1,1,1
0.36859,0.36859,0.36859,0.36859
0,0,0,0
-2,-2,-2,-2
0.58594,0.58594,0.58594,0.58594
1,1,1,1
0.35762,0.35762,0.35762,0.35762
20,20,20,20
-1,-1,-1,-1
0.58594,0.58594,0.58594,0.58594
1,1,1,1
0.31275,0.31275,0.31275,0.31275
25,25,25,25
0,0,0,0
0.58594,0.58594,0.58594,0.58594
1,1,1,1
0.26516,0.26516,0.26516,0.26516
40,40,40,40
1,1,1,1
0.58594,0.58594,0.58594,0.58594
1,1,1,1
0.24849,0.24849,0.24849,0.24849
40,40,40,40
2,2,2,2
0.58594,0.58594,0.58594,0.58594
1,1,1,1
0.2284,0.2284,0.2284,0.2284
40,40,40,40
3,3,3,3
0.58594,0.58594,0.58594,0.58594
1,1,1,1
0.21167,0.21167,0.21167,0.21167
40,40,40,40
4,4,4,4
0.58594,0.58594,0.58594,0.58594
1,1,1,1
0.075985,0.075985,0.075985,0.075985
67.5,67.5,67.5,67.5
5,5,5,5
0.58594,0.58594,0.58594,0.58594
1,1,1,1
0.037715,0.037715,0.037715,0.037715
92.5,92.5,92.5,92.5
6,6,6,6
0.58594,0.58594,0.58594,0.58594
1,1,1,1
0.025047,0.025047,0.025047,0.025047
95,95,95,95
7,7,7,7
0.58594,0.58594,0.58594,0.58594
1,1,1,1
0.025046,0.025046,0.025046,0.025046
95,95,95,95
8,8,8,8
0.58594,0.58594,0.58594,0.58594
1,1,1,1
0.025091,0.025091,0.025091,0.025091
95,95,95,95
9,9,9,9
0.58594,0.58594,0.58594,0.58594
1,1,1,1
0.025121,0.025121,0.025121,0.025121
95,95,95,95
10,10,10,10
0.58594,0.58594,0.58594,0.58594
1,1,1,1
0.02517,0.02517,0.02517,0.02517
95,95,95,95
11,11,11,11
0.58594,0.58594,0.58594,0.58594
1,1,1,1
0.025094,0.025094,0.025094,0.025094
95,95,95,95
12,12,12,12
0.58594,0.58594,0.58594,0.58594
1,1,1,1
0.025151,0.025151,0.025151,0.025151
95,95,95,95
13,13,13,13
0.58594,0.58594,0.58594,0.58594
1,1,1,1
0.025152,0.025152,0.025152,0.025152
95,95,95,95
14,14,14,14
0.58594,0.58594,0.58594,0.58594
1,1,1,1
0.025088,0.025088,0.025088,0.025088
95,95,95,95
15,15,15,15
0.58594,0.58594,0.58594,0.58594
1,1,1,1
0,0,0,0
100,100,100,100
16,16,16,16
0.58594,0.58594,0.58594,0.58594
1,1,1,1
0,0,0,0
100,100,100,100
17,17,17,17
0.58594,0.58594,0.58594,0.58594
1,1,1,1
0,0,0,0
100,100,100,100
18,18,18,18
0.58594,0.58594,0.58594,0.58594
1,1,1,1
0,0,0,0
100,100,100,100
19,19,19,19
0.58594,0.58594,0.58594,0.58594
1,1,1,1
0,0,0,0
100,100,100,100
20,20,20,20
0.58594,0.58594,0.58594,0.58594
1,1,1,1
0,0,0,0
100,100,100,100
21,21,21,21
0.58594,0.58594,0.58594,0.58594
1,1,1,1
0,0,0,0
100,100,100,100
22,22,22,22
0.58594,0.58594,0.58594,0.58594
1,1,1,1
0,0,0,0
100,100,100,100
23,23,23,23
0.58594,0.58594,0.58594,0.58594
1,1,1,1
0,0,0,0
100,100,100,100
24,24,24,24
0.58594,0.58594,0.58594,0.58594
1,1,1,1
0,0,0,0
100,100,100,100
25,25,25,25
0.58594,0.58594,0.58594,0.58594
1,1,1,1
0,0,0,0
100,100,100,100
26,26,26,26
0.58594,0.58594,0.58594,0.58594
1,1,1,1
0,0,0,0
100,100,100,100
27,27,27,27
0.58594,0.58594,0.58594,0.58594
1,1,1,1
0,0,0,0
100,100,100,100
28,28,28,28
0.58594,0.58594,0.58594,0.58594
1,1,1,1
0,0,0,0
100,100,100,100
29,29,29,29
0.58594,0.58594,0.58594,0.58594
1,1,1,1
0,0,0,0
100,100,100,100
30,30,30,30
0.58594,0.58594,0.58594,0.58594
1,1,1,1
0.49124,0.49124,0.49124,0.49124
0,0,0,0
-20,-20,-20,-20
0.64453,0.64453,0.64453,0.64453
1,1,1,1
0.48915,0.48915,0.48915,0.48915
0,0,0,0
-19,-19,-19,-19
0.64453,0.64453,0.64453,0.64453
1,1,1,1
0.48727,0.48727,0.48727,0.48727
0,0,0,0
-18,-18,-18,-18
0.64453,0.64453,0.64453,0.64453
1,1,1,1
0.48476,0.48476,0.48476,0.48476
0,0,0,0
-17,-17,-17,-17
0.64453,0.64453,0.64453,0.64453
1,1,1,1
0.48144,0.48144,0.48144,0.48144
0,0,0,0
-16,-16,-16,-16
0.64453,0.64453,0.64453,0.64453
1,1,1,1
0.4774,0.4774,0.4774,0.4774
0,0,0,0
-15,-15,-15,-15
0.64453,0.64453,0.64453,0.64453
1,1,1,1
0.47254,0.47254,0.47254,0.47254
0,0,0,0
-14,-14,-14,-14
0.64453,0.64453,0.64453,0.64453
1,1,1,1
0.46716,0.46716,0.46716,0.46716
0,0,0,0
-13,-13,-13,-13
0.64453,0.64453,0.64453,0.64453
1,1,1,1
0.46171,0.46171,0.46171,0.46171
0,0,0,0
-12,-12,-12,-12
0.64453,0.64453,0.64453,0.64453
1,1,1,1
0.45463,0.45463,0.45463,0.45463
0,0,0,0
-11,-11,-11,-11
0.64453,0.64453,0.64453,0.64453
1,1,1,1
0.44744,0.44744,0.44744,0.44744
0,0,0,0
-10,-10,-10,-10
0.64453,0.64453,0.64453,0.64453
1,1,1,1
0.43975,0.43975,0.43975,0.43975
0,0,0,0
-9,-9,-9,-9
0.64453,0.64453,0.64453,0.64453
1,1,1,1
0.43174,0.43174,0.43174,0.43174
0,0,0,0
-8,-8,-8,-8
0.64453,0.64453,0.64453,0.64453
1,1,1,1
0.42751,0.42751,0.42751,0.42751
0,0,0,0
-7,-7,-7,-7
0.64453,0.64453,0.64453,0.64453
1,1,1,1
0.41414,0.41414,0.41414,0.41414
0,0,0,0
-6,-6,-6,-6
0.64453,0.64453,0.64453,0.64453
1,1,1,1
0.40496,0.40496,0.40496,0.40496
0,0,0,0
-5,-5,-5,-5
0.64453,0.64453,0.64453,0.64453
1,1,1,1
0.39587,0.39587,0.39587,0.39587
0,0,0,0
-4,-4,-4,-4
0.64453,0.64453,0.64453,0.64453
1,1,1,1
0.38622,0.38622,0.38622,0.38622
0,0,0,0
-3,-3,-3,-3
0.64453,0.64453,0.64453,0.64453
1,1,1,1
0.37719,0.37719,0.37719,0.37719
0,0,0,0
-2,-2,-2,-2
0.64453,0.64453,0.64453,0.64453
1,1,1,1
0.36716,0.36716,0.36716,0.36716
7.5,7.5,7.5,7.5
-1,-1,-1,-1
0.64453,0.64453,0.64453,0.64453
1,1,1,1
0.35628,0.35628,0.35628,0.35628
17.5,17.5,17.5,17.5
0,0,0,0
0.64453,0.64453,0.64453,0.64453
1,1,1,1
0.28734,0.28734,0.28734,0.28734
37.5,37.5,37.5,37.5
1,1,1,1
0.64453,0.64453,0.64453,0.64453
1,1,1,1
0.26549,0.26549,0.26549,0.26549
40,40,40,40
2,2,2,2
0.64453,0.64453,0.64453,0.64453
1,1,1,1
0.24912,0.24912,0.24912,0.24912
40,40,40,40
3,3,3,3
0.64453,0.64453,0.64453,0.64453
1,1,1,1
0.23132,0.23132,0.23132,0.23132
40,40,40,40
4,4,4,4
0.64453,0.64453,0.64453,0.64453
1,1,1,1
0.19868,0.19868,0.19868,0.19868
40,40,40,40
5,5,5,5
0.64453,0.64453,0.64453,0.64453
1,1,1,1
0.051063,0.051063,0.051063,0.051063
80,80,80,80
6,6,6,6
0.64453,0.64453,0.64453,0.64453
1,1,1,1
0.049937,0.049937,0.049937,0.049937
90,90,90,90
7,7,7,7
0.64453,0.64453,0.64453,0.64453
1,1,1,1
0.049926,0.049926,0.049926,0.049926
90,90,90,90
8,8,8,8
0.64453,0.64453,0.64453,0.64453
1,1,1,1
0.049899,0.049899,0.049899,0.049899
90,90,90,90
9,9,9,9
0.64453,0.64453,0.64453,0.64453
1,1,1,1
0.024957,0.024957,0.024957,0.024957
95,95,95,95
10,10,10,10
0.64453,0.64453,0.64453,0.64453
1,1,1,1
0.025076,0.025076,0.025076,0.025076
95,95,95,95
11,11,11,11
0.64453,0.64453,0.64453,0.64453
1,1,1,1
0.024991,0.024991,0.024991,0.024991
95,95,95,95
12,12,12,12
0.64453,0.64453,0.64453,0.64453
1,1,1,1
0.025027,0.025027,0.025027,0.025027
95,95,95,95
13,13,13,13
0.64453,0.64453,0.64453,0.64453
1,1,1,1
0.024971,0.024971,0.024971,0.024971
95,95,95,95
14,14,14,14
0.64453,0.64453,0.64453,0.64453
1,1,1,1
0.025054,0.025054,0.025054,0.025054
95,95,95,95
15,15,15,15
0.64453,0.64453,0.64453,0.64453
1,1,1,1
0.02491,0.02491,0.02491,0.02491
95,95,95,95
16,16,16,16
0.64453,0.64453,0.64453,0.64453
1,1,1,1
0.025016,0.025016,0.025016,0.025016
95,95,95,95
17,17,17,17
0.64453,0.64453,0.64453,0.64453
1,1,1,1
0.024951,0.024951,0.024951,0.024951
95,95,95,95
18,18,18,18
0.64453,0.64453,0.64453,0.64453
1,1,1,1
0.02499,0.02499,0.02499,0.02499
95,95,95,95
19,19,19,19
0.64453,0.64453,0.64453,0.64453
1,1,1,1
0.024876,0.024876,0.024876,0.024876
95,95,95,95
20,20,20,20
0.64453,0.64453,0.64453,0.64453
1,1,1,1
0.025007,0.025007,0.025007,0.025007
95,95,95,95
21,21,21,21
0.64453,0.64453,0.64453,0.64453
1,1,1,1
0.024971,0.024971,0.024971,0.024971
95,95,95,95
22,22,22,22
0.64453,0.64453,0.64453,0.64453
1,1,1,1
0.024952,0.024952,0.024952,0.024952
95,95,95,95
23,23,23,23
0.64453,0.64453,0.64453,0.64453
1,1,1,1
0.024871,0.024871,0.024871,0.024871
95,95,95,95
24,24,24,24
0.64453,0.64453,0.64453,0.64453
1,1,1,1
0.024888,0.024888,0.024888,0.024888
95,95,95,95
25,25,25,25
0.64453,0.64453,0.64453,0.64453
1,1,1,1
0.024889,0.024889,0.024889,0.024889
95,95,95,95
26,26,26,26
0.64453,0.64453,0.64453,0.64453
1,1,1,1
0.024888,0.024888,0.024888,0.024888
95,95,95,95
27,27,27,27
0.64453,0.64453,0.64453,0.64453
1,1,1,1
0.024977,0.024977,0.024977,0.024977
95,95,95,95
28,28,28,28
0.64453,0.64453,0.64453,0.64453
1,1,1,1
0.024955,0.024955,0.024955,0.024955
95,95,95,95
29,29,29,29
0.64453,0.64453,0.64453,0.64453
1,1,1,1
0.02498,0.02498,0.02498,0.02498
95,95,95,95
30,30,30,30
0.64453,0.64453,0.64453,0.64453
1,1,1,1
0.49114,0.49114,0.49114,0.49114
0,0,0,0
-20,-20,-20,-20
0.70313,0.70313,0.70313,0.70313
1,1,1,1
0.48906,0.48906,0.48906,0.48906
0,0,0,0
-19,-19,-19,-19
0.70313,0.70313,0.70313,0.70313
1,1,1,1
0.48702,0.48702,0.48702,0.48702
0,0,0,0
-18,-18,-18,-18
0.70313,0.70313,0.70313,0.70313
1,1,1,1
0.48437,0.48437,0.48437,0.48437
0,0,0,0
-17,-17,-17,-17
0.70313,0.70313,0.70313,0.70313
1,1,1,1
0.48126,0.48126,0.48126,0.48126
0,0,0,0
-16,-16,-16,-16
0.70313,0.70313,0.70313,0.70313
1,1,1,1
0.47739,0.47739,0.47739,0.47739
0,0,0,0
-15,-15,-15,-15
0.70313,0.70313,0.70313,0.70313
1,1,1,1
0.47266,0.47266,0.47266,0.47266
0,0,0,0
-14,-14,-14,-14
0.70313,0.70313,0.70313,0.70313
1,1,1,1
0.46786,0.46786,0.46786,0.46786
0,0,0,0
-13,-13,-13,-13
0.70313,0.70313,0.70313,0.70313
1,1,1,1
0.46232,0.46232,0.46232,0.46232
0,0,0,0
-12,-12,-12,-12
0.70313,0.70313,0.70313,0.70313
1,1,1,1
0.4564,0.4564,0.4564,0.4564
0,0,0,0
-11,-11,-11,-11
0.70313,0.70313,0.70313,0.70313
1,1,1,1
0.45024,0.45024,0.45024,0.45024
0,0,0,0
-10,-10,-10,-10
0.70313,0.70313,0.70313,0.70313
1,1,1,1
0.44289,0.44289,0.44289,0.44289
0,0,0,0
-9,-9,-9,-9
0.70313,0.70313,0.70313,0.70313
1,1,1,1
0.43551,0.43551,0.43551,0.43551
0,0,0,0
-8,-8,-8,-8
0.70313,0.70313,0.70313,0.70313
1,1,1,1
0.42706,0.42706,0.42706,0.42706
0,0,0,0
-7,-7,-7,-7
0.70313,0.70313,0.70313,0.70313
1,1,1,1
0.41855,0.41855,0.41855,0.41855
0,0,0,0
-6,-6,-6,-6
0.70313,0.70313,0.70313,0.70313
1,1,1,1
0.4098,0.4098,0.4098,0.4098
0,0,0,0
-5,-5,-5,-5
0.70313,0.70313,0.70313,0.70313
1,1,1,1
0.4009,0.4009,0.4009,0.4009
0,0,0,0
-4,-4,-4,-4
0.70313,0.70313,0.70313,0.70313
1,1,1,1
0.39149,0.39149,0.39149,0.39149
0,0,0,0
-3,-3,-3,-3
0.70313,0.70313,0.70313,0.70313
1,1,1,1
0.38225,0.38225,0.38225,0.38225
0,0,0,0
-2,-2,-2,-2
0.70313,0.70313,0.70313,0.70313
1,1,1,1
0.37283,0.37283,0.37283,0.37283
0,0,0,0
-1,-1,-1,-1
0.70313,0.70313,0.70313,0.70313
1,1,1,1
0.3617,0.3617,0.3617,0.3617
17.5,17.5,17.5,17.5
0,0,0,0
0.70313,0.70313,0.70313,0.70313
1,1,1,1
0.35287,0.35287,0.35287,0.35287
20,20,20,20
1,1,1,1
0.70313,0.70313,0.70313,0.70313
1,1,1,1
0.28379,0.28379,0.28379,0.28379
35,35,35,35
2,2,2,2
0.70313,0.70313,0.70313,0.70313
1,1,1,1
0.27137,0.27137,0.27137,0.27137
37.5,37.5,37.5,37.5
3,3,3,3
0.70313,0.70313,0.70313,0.70313
1,1,1,1
0.25868,0.25868,0.25868,0.25868
37.5,37.5,37.5,37.5
4,4,4,4
0.70313,0.70313,0.70313,0.70313
1,1,1,1
0.23882,0.23882,0.23882,0.23882
40,40,40,40
5,5,5,5
0.70313,0.70313,0.70313,0.70313
1,1,1,1
0.20862,0.20862,0.20862,0.20862
40,40,40,40
6,6,6,6
0.70313,0.70313,0.70313,0.70313
1,1,1,1
0.076322,0.076322,0.076322,0.076322
82.5,82.5,82.5,82.5
7,7,7,7
0.70313,0.70313,0.70313,0.70313
1,1,1,1
0.012372,0.012372,0.012372,0.012372
97.5,97.5,97.5,97.5
8,8,8,8
0.70313,0.70313,0.70313,0.70313
1,1,1,1
0.012397,0.012397,0.012397,0.012397
97.5,97.5,97.5,97.5
9,9,9,9
0.70313,0.70313,0.70313,0.70313
1,1,1,1
0.0124,0.0124,0.0124,0.0124
97.5,97.5,97.5,97.5
10,10,10,10
0.70313,0.70313,0.70313,0.70313
1,1,1,1
0.012426,0.012426,0.012426,0.012426
97.5,97.5,97.5,97.5
11,11,11,11
0.70313,0.70313,0.70313,0.70313
1,1,1,1
0.01241,0.01241,0.01241,0.01241
97.5,97.5,97.5,97.5
12,12,12,12
0.70313,0.70313,0.70313,0.70313
1,1,1,1
0,0,0,0
100,100,100,100
13,13,13,13
0.70313,0.70313,0.70313,0.70313
1,1,1,1
0,0,0,0
100,100,100,100
14,14,14,14
0.70313,0.70313,0.70313,0.70313
1,1,1,1
0,0,0,0
100,100,100,100
15,15,15,15
0.70313,0.70313,0.70313,0.70313
1,1,1,1
0,0,0,0
100,100,100,100
16,16,16,16
0.70313,0.70313,0.70313,0.70313
1,1,1,1
0,0,0,0
100,100,100,100
17,17,17,17
0.70313,0.70313,0.70313,0.70313
1,1,1,1
0,0,0,0
100,100,100,100
18,18,18,18
0.70313,0.70313,0.70313,0.70313
1,1,1,1
0,0,0,0
100,100,100,100
19,19,19,19
0.70313,0.70313,0.70313,0.70313
1,1,1,1
0,0,0,0
100,100,100,100
20,20,20,20
0.70313,0.70313,0.70313,0.70313
1,1,1,1
0,0,0,0
100,100,100,100
21,21,21,21
0.70313,0.70313,0.70313,0.70313
1,1,1,1
0,0,0,0
100,100,100,100
22,22,22,22
0.70313,0.70313,0.70313,0.70313
1,1,1,1
0,0,0,0
100,100,100,100
23,23,23,23
0.70313,0.70313,0.70313,0.70313
1,1,1,1
0,0,0,0
100,100,100,100
24,24,24,24
0.70313,0.70313,0.70313,0.70313
1,1,1,1
0,0,0,0
100,100,100,100
25,25,25,25
0.70313,0.70313,0.70313,0.70313
1,1,1,1
0,0,0,0
100,100,100,100
26,26,26,26
0.70313,0.70313,0.70313,0.70313
1,1,1,1
0,0,0,0
100,100,100,100
27,27,27,27
0.70313,0.70313,0.70313,0.70313
1,1,1,1
0,0,0,0
100,100,100,100
28,28,28,28
0.70313,0.70313,0.70313,0.70313
1,1,1,1
0,0,0,0
100,100,100,100
29,29,29,29
0.70313,0.70313,0.70313,0.70313
1,1,1,1
0,0,0,0
100,100,100,100
30,30,30,30
0.70313,0.70313,0.70313,0.70313
1,1,1,1
0.4926,0.4926,0.4926,0.4926
0,0,0,0
-20,-20,-20,-20
0.75195,0.75195,0.75195,0.75195
1,1,1,1
0.49108,0.49108,0.49108,0.49108
0,0,0,0
-19,-19,-19,-19
0.75195,0.75195,0.75195,0.75195
1,1,1,1
0.48923,0.48923,0.48923,0.48923
0,0,0,0
-18,-18,-18,-18
0.75195,0.75195,0.75195,0.75195
1,1,1,1
0.48618,0.48618,0.48618,0.48618
0,0,0,0
-17,-17,-17,-17
0.75195,0.75195,0.75195,0.75195
1,1,1,1
0.48326,0.48326,0.48326,0.48326
0,0,0,0
-16,-16,-16,-16
0.75195,0.75195,0.75195,0.75195
1,1,1,1
0.48004,0.48004,0.48004,0.48004
0,0,0,0
-15,-15,-15,-15
0.75195,0.75195,0.75195,0.75195
1,1,1,1
0.47571,0.47571,0.47571,0.47571
0,0,0,0
-14,-14,-14,-14
0.75195,0.75195,0.75195,0.75195
1,1,1,1
0.47113,0.47113,0.47113,0.47113
0,0,0,0
-13,-13,-13,-13
0.75195,0.75195,0.75195,0.75195
1,1,1,1
0.4661,0.4661,0.4661,0.4661
0,0,0,0
-12,-12,-12,-12
0.75195,0.75195,0.75195,0.75195
1,1,1,1
0.46068,0.46068,0.46068,0.46068
0,0,0,0
-11,-11,-11,-11
0.75195,0.75195,0.75195,0.75195
1,1,1,1
0.45456,0.45456,0.45456,0.45456
0,0,0,0
-10,-10,-10,-10
0.75195,0.75195,0.75195,0.75195
1,1,1,1
0.44735,0.44735,0.44735,0.44735
0,0,0,0
-9,-9,-9,-9
0.75195,0.75195,0.75195,0.75195
1,1,1,1
0.4402,0.4402,0.4402,0.4402
0,0,0,0
-8,-8,-8,-8
0.75195,0.75195,0.75195,0.75195
1,1,1,1
0.43198,0.43198,0.43198,0.43198
0,0,0,0
-7,-7,-7,-7
0.75195,0.75195,0.75195,0.75195
1,1,1,1
0.42787,0.42787,0.42787,0.42787
0,0,0,0
-6,-6,-6,-6
0.75195,0.75195,0.75195,0.75195
1,1,1,1
0.41976,0.41976,0.41976,0.41976
0,0,0,0
-5,-5,-5,-5
0.75195,0.75195,0.75195,0.75195
1,1,1,1
0.41119,0.41119,0.41119,0.41119
0,0,0,0
-4,-4,-4,-4
0.75195,0.75195,0.75195,0.75195
1,1,1,1
0.40279,0.40279,0.40279,0.40279
0,0,0,0
-3,-3,-3,-3
0.75195,0.75195,0.75195,0.75195
1,1,1,1
0.39429,0.39429,0.39429,0.39429
0,0,0,0
-2,-2,-2,-2
0.75195,0.75195,0.75195,0.75195
1,1,1,1
0.38541,0.38541,0.38541,0.38541
0,0,0,0
-1,-1,-1,-1
0.75195,0.75195,0.75195,0.75195
1,1,1,1
0.376,0.376,0.376,0.376
15,15,15,15
0,0,0,0
0.75195,0.75195,0.75195,0.75195
1,1,1,1
0.36655,0.36655,0.36655,0.36655
15,15,15,15
1,1,1,1
0.75195,0.75195,0.75195,0.75195
1,1,1,1
0.2922,0.2922,0.2922,0.2922
37.5,37.5,37.5,37.5
2,2,2,2
0.75195,0.75195,0.75195,0.75195
1,1,1,1
0.28065,0.28065,0.28065,0.28065
37.5,37.5,37.5,37.5
3,3,3,3
0.75195,0.75195,0.75195,0.75195
1,1,1,1
0.27141,0.27141,0.27141,0.27141
37.5,37.5,37.5,37.5
4,4,4,4
0.75195,0.75195,0.75195,0.75195
1,1,1,1
0.2557,0.2557,0.2557,0.2557
37.5,37.5,37.5,37.5
5,5,5,5
0.75195,0.75195,0.75195,0.75195
1,1,1,1
0.23133,0.23133,0.23133,0.23133
37.5,37.5,37.5,37.5
6,6,6,6
0.75195,0.75195,0.75195,0.75195
1,1,1,1
0.1919,0.1919,0.1919,0.1919
40,40,40,40
7,7,7,7
0.75195,0.75195,0.75195,0.75195
1,1,1,1
0.087415,0.087415,0.087415,0.087415
82.5,82.5,82.5,82.5
8,8,8,8
0.75195,0.75195,0.75195,0.75195
1,1,1,1
0,0,0,0
100,100,100,100
9,9,9,9
0.75195,0.75195,0.75195,0.75195
1,1,1,1
0,0,0,0
100,100,100,100
10,10,10,10
0.75195,0.75195,0.75195,0.75195
1,1,1,1
0,0,0,0
100,100,100,100
11,11,11,11
0.75195,0.75195,0.75195,0.75195
1,1,1,1
0,0,0,0
100,100,100,100
12,12,12,12
0.75195,0.75195,0.75195,0.75195
1,1,1,1
0,0,0,0
100,100,100,100
13,13,13,13
0.75195,0.75195,0.75195,0.75195
1,1,1,1
0,0,0,0
100,100,100,100
14,14,14,14
0.75195,0.75195,0.75195,0.75195
1,1,1,1
0,0,0,0
100,100,100,100
15,15,15,15
0.75195,0.75195,0.75195,0.75195
1,1,1,1
0,0,0,0
100,100,100,100
16,16,16,16
0.75195,0.75195,0.75195,0.75195
1,1,1,1
0,0,0,0
100,100,100,100
17,17,17,17
0.75195,0.75195,0.75195,0.75195
1,1,1,1
0,0,0,0
100,100,100,100
18,18,18,18
0.75195,0.75195,0.75195,0.75195
1,1,1,1
0,0,0,0
100,100,100,100
19,19,19,19
0.75195,0.75195,0.75195,0.75195
1,1,1,1
0,0,0,0
100,100,100,100
20,20,20,20
0.75195,0.75195,0.75195,0.75195
1,1,1,1
0,0,0,0
100,100,100,100
21,21,21,21
0.75195,0.75195,0.75195,0.75195
1,1,1,1
0,0,0,0
100,100,100,100
22,22,22,22
0.75195,0.75195,0.75195,0.75195
1,1,1,1
0,0,0,0
100,100,100,100
23,23,23,23
0.75195,0.75195,0.75195,0.75195
1,1,1,1
0,0,0,0
100,100,100,100
24,24,24,24
0.75195,0.75195,0.75195,0.75195
1,1,1,1
0,0,0,0
100,100,100,100
25,25,25,25
0.75195,0.75195,0.75195,0.75195
1,1,1,1
0,0,0,0
100,100,100,100
26,26,26,26
0.75195,0.75195,0.75195,0.75195
1,1,1,1
0,0,0,0
100,100,100,100
27,27,27,27
0.75195,0.75195,0.75195,0.75195
1,1,1,1
0,0,0,0
100,100,100,100
28,28,28,28
0.75195,0.75195,0.75195,0.75195
1,1,1,1
0,0,0,0
100,100,100,100
29,29,29,29
0.75195,0.75195,0.75195,0.75195
1,1,1,1
0,0,0,0
100,100,100,100
30,30,30,30
0.75195,0.75195,0.75195,0.75195
1,1,1,1
0.49219,0.49219,0.49219,0.49219
0,0,0,0
-20,-20,-20,-20
0.80078,0.80078,0.80078,0.80078
1,1,1,1
0.49061,0.49061,0.49061,0.49061
0,0,0,0
-19,-19,-19,-19
0.80078,0.80078,0.80078,0.80078
1,1,1,1
0.48912,0.48912,0.48912,0.48912
0,0,0,0
-18,-18,-18,-18
0.80078,0.80078,0.80078,0.80078
1,1,1,1
0.48668,0.48668,0.48668,0.48668
0,0,0,0
-17,-17,-17,-17
0.80078,0.80078,0.80078,0.80078
1,1,1,1
0.48337,0.48337,0.48337,0.48337
0,0,0,0
-16,-16,-16,-16
0.80078,0.80078,0.80078,0.80078
1,1,1,1
0.47974,0.47974,0.47974,0.47974
0,0,0,0
-15,-15,-15,-15
0.80078,0.80078,0.80078,0.80078
1,1,1,1
0.47635,0.47635,0.47635,0.47635
0,0,0,0
-14,-14,-14,-14
0.80078,0.80078,0.80078,0.80078
1,1,1,1
0.47216,0.47216,0.47216,0.47216
0,0,0,0
-13,-13,-13,-13
0.80078,0.80078,0.80078,0.80078
1,1,1,1
0.46709,0.46709,0.46709,0.46709
0,0,0,0
-12,-12,-12,-12
0.80078,0.80078,0.80078,0.80078
1,1,1,1
0.46204,0.46204,0.46204,0.46204
0,0,0,0
-11,-11,-11,-11
0.80078,0.80078,0.80078,0.80078
1,1,1,1
0.45826,0.45826,0.45826,0.45826
0,0,0,0
-10,-10,-10,-10
0.80078,0.80078,0.80078,0.80078
1,1,1,1
0.45164,0.45164,0.45164,0.45164
0,0,0,0
-9,-9,-9,-9
0.80078,0.80078,0.80078,0.80078
1,1,1,1
0.44167,0.44167,0.44167,0.44167
0,0,0,0
-8,-8,-8,-8
0.80078,0.80078,0.80078,0.80078
1,1,1,1
0.43406,0.43406,0.43406,0.43406
0,0,0,0
-7,-7,-7,-7
0.80078,0.80078,0.80078,0.80078
1,1,1,1
0.43004,0.43004,0.43004,0.43004
0,0,0,0
-6,-6,-6,-6
0.80078,0.80078,0.80078,0.80078
1,1,1,1
0.42179,0.42179,0.42179,0.42179
0,0,0,0
-5,-5,-5,-5
0.80078,0.80078,0.80078,0.80078
1,1,1,1
0.41355,0.41355,0.41355,0.41355
0,0,0,0
-4,-4,-4,-4
0.80078,0.80078,0.80078,0.80078
1,1,1,1
0.39886,0.39886,0.39886,0.39886
0,0,0,0
-3,-3,-3,-3
0.80078,0.80078,0.80078,0.80078
1,1,1,1
0.38974,0.38974,0.38974,0.38974
0,0,0,0
-2,-2,-2,-2
0.80078,0.80078,0.80078,0.80078
1,1,1,1
0.38042,0.38042,0.38042,0.38042
0,0,0,0
-1,-1,-1,-1
0.80078,0.80078,0.80078,0.80078
1,1,1,1
0.37056,0.37056,0.37056,0.37056
7.5,7.5,7.5,7.5
0,0,0,0
0.80078,0.80078,0.80078,0.80078
1,1,1,1
0.36118,0.36118,0.36118,0.36118
17.5,17.5,17.5,17.5
1,1,1,1
0.80078,0.80078,0.80078,0.80078
1,1,1,1
0.31981,0.31981,0.31981,0.31981
27.5,27.5,27.5,27.5
2,2,2,2
0.80078,0.80078,0.80078,0.80078
1,1,1,1
0.28437,0.28437,0.28437,0.28437
37.5,37.5,37.5,37.5
3,3,3,3
0.80078,0.80078,0.80078,0.80078
1,1,1,1
0.27446,0.27446,0.27446,0.27446
37.5,37.5,37.5,37.5
4,4,4,4
0.80078,0.80078,0.80078,0.80078
1,1,1,1
0.26127,0.26127,0.26127,0.26127
37.5,37.5,37.5,37.5
5,5,5,5
0.80078,0.80078,0.80078,0.80078
1,1,1,1
0.24355,0.24355,0.24355,0.24355
40,40,40,40
6,6,6,6
0.80078,0.80078,0.80078,0.80078
1,1,1,1
0.217,0.217,0.217,0.217
40,40,40,40
7,7,7,7
0.80078,0.80078,0.80078,0.80078
1,1,1,1
0.10243,0.10243,0.10243,0.10243
70,70,70,70
8,8,8,8
0.80078,0.80078,0.80078,0.80078
1,1,1,1
0.08772,0.08772,0.08772,0.08772
82.5,82.5,82.5,82.5
9,9,9,9
0.80078,0.80078,0.80078,0.80078
1,1,1,1
0,0,0,0
100,100,100,100
10,10,10,10
0.80078,0.80078,0.80078,0.80078
1,1,1,1
0,0,0,0
100,100,100,100
11,11,11,11
0.80078,0.80078,0.80078,0.80078
1,1,1,1
0,0,0,0
100,100,100,100
12,12,12,12
0.80078,0.80078,0.80078,0.80078
1,1,1,1
0,0,0,0
100,100,100,100
13,13,13,13
0.80078,0.80078,0.80078,0.80078
1,1,1,1
0,0,0,0
100,100,100,100
14,14,14,14
0.80078,0.80078,0.80078,0.80078
1,1,1,1
0,0,0,0
100,100,100,100
15,15,15,15
0.80078,0.80078,0.80078,0.80078
1,1,1,1
0,0,0,0
100,100,100,100
16,16,16,16
0.80078,0.80078,0.80078,0.80078
1,1,1,1
0,0,0,0
100,100,100,100
17,17,17,17
0.80078,0.80078,0.80078,0.80078
1,1,1,1
0,0,0,0
100,100,100,100
18,18,18,18
0.80078,0.80078,0.80078,0.80078
1,1,1,1
0,0,0,0
100,100,100,100
19,19,19,19
0.80078,0.80078,0.80078,0.80078
1,1,1,1
0,0,0,0
100,100,100,100
20,20,20,20
0.80078,0.80078,0.80078,0.80078
1,1,1,1
0,0,0,0
100,100,100,100
21,21,21,21
0.80078,0.80078,0.80078,0.80078
1,1,1,1
0,0,0,0
100,100,100,100
22,22,22,22
0.80078,0.80078,0.80078,0.80078
1,1,1,1
0,0,0,0
100,100,100,100
23,23,23,23
0.80078,0.80078,0.80078,0.80078
1,1,1,1
0,0,0,0
100,100,100,100
24,24,24,24
0.80078,0.80078,0.80078,0.80078
1,1,1,1
0,0,0,0
100,100,100,100
25,25,25,25
0.80078,0.80078,0.80078,0.80078
1,1,1,1
0,0,0,0
100,100,100,100
26,26,26,26
0.80078,0.80078,0.80078,0.80078
1,1,1,1
0,0,0,0
100,100,100,100
27,27,27,27
0.80078,0.80078,0.80078,0.80078
1,1,1,1
0,0,0,0
100,100,100,100
28,28,28,28
0.80078,0.80078,0.80078,0.80078
1,1,1,1
0,0,0,0
100,100,100,100
29,29,29,29
0.80078,0.80078,0.80078,0.80078
1,1,1,1
0,0,0,0
100,100,100,100
30,30,30,30
0.80078,0.80078,0.80078,0.80078
1,1,1,1
0.49371,0.49371,0.49371,0.49371
0,0,0,0
-20,-20,-20,-20
0.89844,0.89844,0.89844,0.89844
1,1,1,1
0.49207,0.49207,0.49207,0.49207
0,0,0,0
-19,-19,-19,-19
0.89844,0.89844,0.89844,0.89844
1,1,1,1
0.48986,0.48986,0.48986,0.48986
0,0,0,0
-18,-18,-18,-18
0.89844,0.89844,0.89844,0.89844
1,1,1,1
0.48779,0.48779,0.48779,0.48779
0,0,0,0
-17,-17,-17,-17
0.89844,0.89844,0.89844,0.89844
1,1,1,1
0.48521,0.48521,0.48521,0.48521
0,0,0,0
-16,-16,-16,-16
0.89844,0.89844,0.89844,0.89844
1,1,1,1
0.48252,0.48252,0.48252,0.48252
0,0,0,0
-15,-15,-15,-15
0.89844,0.89844,0.89844,0.89844
1,1,1,1
0.47929,0.47929,0.47929,0.47929
0,0,0,0
-14,-14,-14,-14
0.89844,0.89844,0.89844,0.89844
1,1,1,1
0.47516,0.47516,0.47516,0.47516
0,0,0,0
-13,-13,-13,-13
0.89844,0.89844,0.89844,0.89844
1,1,1,1
0.47091,0.47091,0.47091,0.47091
0,0,0,0
-12,-12,-12,-12
0.89844,0.89844,0.89844,0.89844
1,1,1,1
0.46757,0.46757,0.46757,0.46757
0,0,0,0
-11,-11,-11,-11
0.89844,0.89844,0.89844,0.89844
1,1,1,1
0.46007,0.46007,0.46007,0.46007
0,0,0,0
-10,-10,-10,-10
0.89844,0.89844,0.89844,0.89844
1,1,1,1
0.45422,0.45422,0.45422,0.45422
0,0,0,0
-9,-9,-9,-9
0.89844,0.89844,0.89844,0.89844
1,1,1,1
0.44729,0.44729,0.44729,0.44729
0,0,0,0
-8,-8,-8,-8
0.89844,0.89844,0.89844,0.89844
1,1,1,1
0.44351,0.44351,0.44351,0.44351
0,0,0,0
-7,-7,-7,-7
0.89844,0.89844,0.89844,0.89844
1,1,1,1
0.43587,0.43587,0.43587,0.43587
0,0,0,0
-6,-6,-6,-6
0.89844,0.89844,0.89844,0.89844
1,1,1,1
0.42787,0.42787,0.42787,0.42787
0,0,0,0
-5,-5,-5,-5
0.89844,0.89844,0.89844,0.89844
1,1,1,1
0.41905,0.41905,0.41905,0.41905
0,0,0,0
-4,-4,-4,-4
0.89844,0.89844,0.89844,0.89844
1,1,1,1
0.40486,0.40486,0.40486,0.40486
0,0,0,0
-3,-3,-3,-3
0.89844,0.89844,0.89844,0.89844
1,1,1,1
0.39549,0.39549,0.39549,0.39549
0,0,0,0
-2,-2,-2,-2
0.89844,0.89844,0.89844,0.89844
1,1,1,1
0.3859,0.3859,0.3859,0.3859
0,0,0,0
-1,-1,-1,-1
0.89844,0.89844,0.89844,0.89844
1,1,1,1
0.37659,0.37659,0.37659,0.37659
0,0,0,0
0,0,0,0
0.89844,0.89844,0.89844,0.89844
1,1,1,1
0.36781,0.36781,0.36781,0.36781
17.5,17.5,17.5,17.5
1,1,1,1
0.89844,0.89844,0.89844,0.89844
1,1,1,1
0.35729,0.35729,0.35729,0.35729
17.5,17.5,17.5,17.5
2,2,2,2
0.89844,0.89844,0.89844,0.89844
1,1,1,1
0.31565,0.31565,0.31565,0.31565
32.5,32.5,32.5,32.5
3,3,3,3
0.89844,0.89844,0.89844,0.89844
1,1,1,1
0.28087,0.28087,0.28087,0.28087
35,35,35,35
4,4,4,4
0.89844,0.89844,0.89844,0.89844
1,1,1,1
0.26127,0.26127,0.26127,0.26127
37.5,37.5,37.5,37.5
5,5,5,5
0.89844,0.89844,0.89844,0.89844
1,1,1,1
0.25957,0.25957,0.25957,0.25957
35,35,35,35
6,6,6,6
0.89844,0.89844,0.89844,0.89844
1,1,1,1
0.24738,0.24738,0.24738,0.24738
37.5,37.5,37.5,37.5
7,7,7,7
0.89844,0.89844,0.89844,0.89844
1,1,1,1
0.23036,0.23036,0.23036,0.23036
40,40,40,40
8,8,8,8
0.89844,0.89844,0.89844,0.89844
1,1,1,1
0.20595,0.20595,0.20595,0.20595
40,40,40,40
9,9,9,9
0.89844,0.89844,0.89844,0.89844
1,1,1,1
0.052409,0.052409,0.052409,0.052409
90,90,90,90
10,10,10,10
0.89844,0.89844,0.89844,0.89844
1,1,1,1
0.051872,0.051872,0.051872,0.051872
90,90,90,90
11,11,11,11
0.89844,0.89844,0.89844,0.89844
1,1,1,1
0.051481,0.051481,0.051481,0.051481
90,90,90,90
12,12,12,12
0.89844,0.89844,0.89844,0.89844
1,1,1,1
0.051178,0.051178,0.051178,0.051178
90,90,90,90
13,13,13,13
0.89844,0.89844,0.89844,0.89844
1,1,1,1
0.051017,0.051017,0.051017,0.051017
90,90,90,90
14,14,14,14
0.89844,0.89844,0.89844,0.89844
1,1,1,1
0.050914,0.050914,0.050914,0.050914
90,90,90,90
15,15,15,15
0.89844,0.89844,0.89844,0.89844
1,1,1,1
0.050922,0.050922,0.050922,0.050922
90,90,90,90
16,16,16,16
0.89844,0.89844,0.89844,0.89844
1,1,1,1
0.050925,0.050925,0.050925,0.050925
90,90,90,90
17,17,17,17
0.89844,0.89844,0.89844,0.89844
1,1,1,1
0.050919,0.050919,0.050919,0.050919
90,90,90,90
18,18,18,18
0.89844,0.89844,0.89844,0.89844
1,1,1,1
0.05094,0.05094,0.05094,0.05094
90,90,90,90
19,19,19,19
0.89844,0.89844,0.89844,0.89844
1,1,1,1
0.050951,0.050951,0.050951,0.050951
90,90,90,90
20,20,20,20
0.89844,0.89844,0.89844,0.89844
1,1,1,1
0.050958,0.050958,0.050958,0.050958
90,90,90,90
21,21,21,21
0.89844,0.89844,0.89844,0.89844
1,1,1,1
0.05096,0.05096,0.05096,0.05096
90,90,90,90
22,22,22,22
0.89844,0.89844,0.89844,0.89844
1,1,1,1
0.050924,0.050924,0.050924,0.050924
90,90,90,90
23,23,23,23
0.89844,0.89844,0.89844,0.89844
1,1,1,1
0.05091,0.05091,0.05091,0.05091
90,90,90,90
24,24,24,24
0.89844,0.89844,0.89844,0.89844
1,1,1,1
0.050892,0.050892,0.050892,0.050892
90,90,90,90
25,25,25,25
0.89844,0.89844,0.89844,0.89844
1,1,1,1
0.050878,0.050878,0.050878,0.050878
90,90,90,90
26,26,26,26
0.89844,0.89844,0.89844,0.89844
1,1,1,1
0.050878,0.050878,0.050878,0.050878
90,90,90,90
27,27,27,27
0.89844,0.89844,0.89844,0.89844
1,1,1,1
0.050885,0.050885,0.050885,0.050885
90,90,90,90
28,28,28,28
0.89844,0.89844,0.89844,0.89844
1,1,1,1
0.050872,0.050872,0.050872,0.050872
90,90,90,90
29,29,29,29
0.89844,0.89844,0.89844,0.89844
1,1,1,1
0.050855,0.050855,0.050855,0.050855
90,90,90,90
30,30,30,30
0.89844,0.89844,0.89844,0.89844
1,1,1,1
