0.45908,0.45908,0.45908,0.45908,0.45908,0.45908
0,0,0,0,0,0
-10,-10,-10,-10,-10,-10
0.11719,0.11719,0.11719,0.11719,0.11719,0.11719
2,2,2,2,2,2
0.4506,0.4506,0.4506,0.4506,0.4506,0.4506
0,0,0,0,0,0
-9,-9,-9,-9,-9,-9
0.11719,0.11719,0.11719,0.11719,0.11719,0.11719
2,2,2,2,2,2
0.44033,0.44033,0.44033,0.44033,0.44033,0.44033
0,0,0,0,0,0
-8,-8,-8,-8,-8,-8
0.11719,0.11719,0.11719,0.11719,0.11719,0.11719
2,2,2,2,2,2
0.42876,0.42876,0.42876,0.42876,0.42876,0.42876
0,0,0,0,0,0
-7,-7,-7,-7,-7,-7
0.11719,0.11719,0.11719,0.11719,0.11719,0.11719
2,2,2,2,2,2
0.41525,0.41525,0.41525,0.41525,0.41525,0.41525
8.7672e+05,8.7672e+05,8.7672e+05,8.7672e+05,8.7672e+05,8.7672e+05
-6,-6,-6,-6,-6,-6
0.11719,0.11719,0.11719,0.11719,0.11719,0.11719
2,2,2,2,2,2
0.37891,0.37891,0.37891,0.37891,0.37891,0.37891
1.4028e+06,1.4028e+06,1.4028e+06,1.4028e+06,1.4028e+06,1.4028e+06
-5,-5,-5,-5,-5,-5
0.11719,0.11719,0.11719,0.11719,0.11719,0.11719
2,2,2,2,2,2
0.35485,0.35485,0.35485,0.35485,0.35485,0.35485
1.4904e+06,1.4904e+06,1.4904e+06,1.4904e+06,1.4904e+06,1.4904e+06
-4,-4,-4,-4,-4,-4
0.11719,0.11719,0.11719,0.11719,0.11719,0.11719
2,2,2,2,2,2
0.2652,0.2652,0.2652,0.2652,0.2652,0.2652
2.3087e+06,2.3087e+06,2.3087e+06,2.3087e+06,2.3087e+06,2.3087e+06
-3,-3,-3,-3,-3,-3
0.11719,0.11719,0.11719,0.11719,0.11719,0.11719
2,2,2,2,2,2
0.23957,0.23957,0.23957,0.23957,0.23957,0.23957
2.3379e+06,2.3379e+06,2.3379e+06,2.3379e+06,2.3379e+06,2.3379e+06
-2,-2,-2,-2,-2,-2
0.11719,0.11719,0.11719,0.11719,0.11719,0.11719
2,2,2,2,2,2
0.2348,0.2348,0.2348,0.2348,0.2348,0.2348
2.3379e+06,2.3379e+06,2.3379e+06,2.3379e+06,2.3379e+06,2.3379e+06
-1,-1,-1,-1,-1,-1
0.11719,0.11719,0.11719,0.11719,0.11719,0.11719
2,2,2,2,2,2
0.034282,0.034282,0.034282,0.034282,0.034282,0.034282
4.2667e+06,4.2667e+06,4.2667e+06,4.2667e+06,4.2667e+06,4.2667e+06
0,0,0,0,0,0
0.11719,0.11719,0.11719,0.11719,0.11719,0.11719
2,2,2,2,2,2
0,0,0,0,0,0
4.6758e+06,4.6758e+06,4.6758e+06,4.6758e+06,4.6758e+06,4.6758e+06
1,1,1,1,1,1
0.11719,0.11719,0.11719,0.11719,0.11719,0.11719
2,2,2,2,2,2
0,0,0,0,0,0
4.6758e+06,4.6758e+06,4.6758e+06,4.6758e+06,4.6758e+06,4.6758e+06
2,2,2,2,2,2
0.11719,0.11719,0.11719,0.11719,0.11719,0.11719
2,2,2,2,2,2
0,0,0,0,0,0
4.6758e+06,4.6758e+06,4.6758e+06,4.6758e+06,4.6758e+06,4.6758e+06
3,3,3,3,3,3
0.11719,0.11719,0.11719,0.11719,0.11719,0.11719
2,2,2,2,2,2
0,0,0,0,0,0
4.6758e+06,4.6758e+06,4.6758e+06,4.6758e+06,4.6758e+06,4.6758e+06
4,4,4,4,4,4
0.11719,0.11719,0.11719,0.11719,0.11719,0.11719
2,2,2,2,2,2
0,0,0,0,0,0
4.6758e+06,4.6758e+06,4.6758e+06,4.6758e+06,4.6758e+06,4.6758e+06
5,5,5,5,5,5
0.11719,0.11719,0.11719,0.11719,0.11719,0.11719
2,2,2,2,2,2
0,0,0,0,0,0
4.6758e+06,4.6758e+06,4.6758e+06,4.6758e+06,4.6758e+06,4.6758e+06
6,6,6,6,6,6
0.11719,0.11719,0.11719,0.11719,0.11719,0.11719
2,2,2,2,2,2
0,0,0,0,0,0
4.6758e+06,4.6758e+06,4.6758e+06,4.6758e+06,4.6758e+06,4.6758e+06
7,7,7,7,7,7
0.11719,0.11719,0.11719,0.11719,0.11719,0.11719
2,2,2,2,2,2
0,0,0,0,0,0
4.6758e+06,4.6758e+06,4.6758e+06,4.6758e+06,4.6758e+06,4.6758e+06
8,8,8,8,8,8
0.11719,0.11719,0.11719,0.11719,0.11719,0.11719
2,2,2,2,2,2
0,0,0,0,0,0
4.6758e+06,4.6758e+06,4.6758e+06,4.6758e+06,4.6758e+06,4.6758e+06
9,9,9,9,9,9
0.11719,0.11719,0.11719,0.11719,0.11719,0.11719
2,2,2,2,2,2
0,0,0,0,0,0
4.6758e+06,4.6758e+06,4.6758e+06,4.6758e+06,4.6758e+06,4.6758e+06
10,10,10,10,10,10
0.11719,0.11719,0.11719,0.11719,0.11719,0.11719
2,2,2,2,2,2
0,0,0,0,0,0
4.6758e+06,4.6758e+06,4.6758e+06,4.6758e+06,4.6758e+06,4.6758e+06
11,11,11,11,11,11
0.11719,0.11719,0.11719,0.11719,0.11719,0.11719
2,2,2,2,2,2
0,0,0,0,0,0
4.6758e+06,4.6758e+06,4.6758e+06,4.6758e+06,4.6758e+06,4.6758e+06
12,12,12,12,12,12
0.11719,0.11719,0.11719,0.11719,0.11719,0.11719
2,2,2,2,2,2
0,0,0,0,0,0
4.6758e+06,4.6758e+06,4.6758e+06,4.6758e+06,4.6758e+06,4.6758e+06
13,13,13,13,13,13
0.11719,0.11719,0.11719,0.11719,0.11719,0.11719
2,2,2,2,2,2
0,0,0,0,0,0
4.6758e+06,4.6758e+06,4.6758e+06,4.6758e+06,4.6758e+06,4.6758e+06
14,14,14,14,14,14
0.11719,0.11719,0.11719,0.11719,0.11719,0.11719
2,2,2,2,2,2
0,0,0,0,0,0
4.6758e+06,4.6758e+06,4.6758e+06,4.6758e+06,4.6758e+06,4.6758e+06
15,15,15,15,15,15
0.11719,0.11719,0.11719,0.11719,0.11719,0.11719
2,2,2,2,2,2
0,0,0,0,0,0
4.6758e+06,4.6758e+06,4.6758e+06,4.6758e+06,4.6758e+06,4.6758e+06
16,16,16,16,16,16
0.11719,0.11719,0.11719,0.11719,0.11719,0.11719
2,2,2,2,2,2
0,0,0,0,0,0
4.6758e+06,4.6758e+06,4.6758e+06,4.6758e+06,4.6758e+06,4.6758e+06
17,17,17,17,17,17
0.11719,0.11719,0.11719,0.11719,0.11719,0.11719
2,2,2,2,2,2
0,0,0,0,0,0
4.6758e+06,4.6758e+06,4.6758e+06,4.6758e+06,4.6758e+06,4.6758e+06
18,18,18,18,18,18
0.11719,0.11719,0.11719,0.11719,0.11719,0.11719
2,2,2,2,2,2
0,0,0,0,0,0
4.6758e+06,4.6758e+06,4.6758e+06,4.6758e+06,4.6758e+06,4.6758e+06
19,19,19,19,19,19
0.11719,0.11719,0.11719,0.11719,0.11719,0.11719
2,2,2,2,2,2
0,0,0,0,0,0
4.6758e+06,4.6758e+06,4.6758e+06,4.6758e+06,4.6758e+06,4.6758e+06
20,20,20,20,20,20
0.11719,0.11719,0.11719,0.11719,0.11719,0.11719
2,2,2,2,2,2
0,0,0,0,0,0
4.6758e+06,4.6758e+06,4.6758e+06,4.6758e+06,4.6758e+06,4.6758e+06
21,21,21,21,21,21
0.11719,0.11719,0.11719,0.11719,0.11719,0.11719
2,2,2,2,2,2
0,0,0,0,0,0
4.6758e+06,4.6758e+06,4.6758e+06,4.6758e+06,4.6758e+06,4.6758e+06
22,22,22,22,22,22
0.11719,0.11719,0.11719,0.11719,0.11719,0.11719
2,2,2,2,2,2
0,0,0,0,0,0
4.6758e+06,4.6758e+06,4.6758e+06,4.6758e+06,4.6758e+06,4.6758e+06
23,23,23,23,23,23
0.11719,0.11719,0.11719,0.11719,0.11719,0.11719
2,2,2,2,2,2
0,0,0,0,0,0
4.6758e+06,4.6758e+06,4.6758e+06,4.6758e+06,4.6758e+06,4.6758e+06
24,24,24,24,24,24
0.11719,0.11719,0.11719,0.11719,0.11719,0.11719
2,2,2,2,2,2
0,0,0,0,0,0
4.6758e+06,4.6758e+06,4.6758e+06,4.6758e+06,4.6758e+06,4.6758e+06
25,25,25,25,25,25
0.11719,0.11719,0.11719,0.11719,0.11719,0.11719
2,2,2,2,2,2
0,0,0,0,0,0
4.6758e+06,4.6758e+06,4.6758e+06,4.6758e+06,4.6758e+06,4.6758e+06
26,26,26,26,26,26
0.11719,0.11719,0.11719,0.11719,0.11719,0.11719
2,2,2,2,2,2
0,0,0,0,0,0
4.6758e+06,4.6758e+06,4.6758e+06,4.6758e+06,4.6758e+06,4.6758e+06
27,27,27,27,27,27
0.11719,0.11719,0.11719,0.11719,0.11719,0.11719
2,2,2,2,2,2
0,0,0,0,0,0
4.6758e+06,4.6758e+06,4.6758e+06,4.6758e+06,4.6758e+06,4.6758e+06
28,28,28,28,28,28
0.11719,0.11719,0.11719,0.11719,0.11719,0.11719
2,2,2,2,2,2
0,0,0,0,0,0
4.6758e+06,4.6758e+06,4.6758e+06,4.6758e+06,4.6758e+06,4.6758e+06
29,29,29,29,29,29
0.11719,0.11719,0.11719,0.11719,0.11719,0.11719
2,2,2,2,2,2
0,0,0,0,0,0
4.6758e+06,4.6758e+06,4.6758e+06,4.6758e+06,4.6758e+06,4.6758e+06
30,30,30,30,30,30
0.11719,0.11719,0.11719,0.11719,0.11719,0.11719
2,2,2,2,2,2
0,0,0,0,0,0
4.6758e+06,4.6758e+06,4.6758e+06,4.6758e+06,4.6758e+06,4.6758e+06
31,31,31,31,31,31
0.11719,0.11719,0.11719,0.11719,0.11719,0.11719
2,2,2,2,2,2
0,0,0,0,0,0
4.6758e+06,4.6758e+06,4.6758e+06,4.6758e+06,4.6758e+06,4.6758e+06
32,32,32,32,32,32
0.11719,0.11719,0.11719,0.11719,0.11719,0.11719
2,2,2,2,2,2
0,0,0,0,0,0
4.6758e+06,4.6758e+06,4.6758e+06,4.6758e+06,4.6758e+06,4.6758e+06
33,33,33,33,33,33
0.11719,0.11719,0.11719,0.11719,0.11719,0.11719
2,2,2,2,2,2
0,0,0,0,0,0
4.6758e+06,4.6758e+06,4.6758e+06,4.6758e+06,4.6758e+06,4.6758e+06
34,34,34,34,34,34
0.11719,0.11719,0.11719,0.11719,0.11719,0.11719
2,2,2,2,2,2
0,0,0,0,0,0
4.6758e+06,4.6758e+06,4.6758e+06,4.6758e+06,4.6758e+06,4.6758e+06
35,35,35,35,35,35
0.11719,0.11719,0.11719,0.11719,0.11719,0.11719
2,2,2,2,2,2
0,0,0,0,0,0
4.6758e+06,4.6758e+06,4.6758e+06,4.6758e+06,4.6758e+06,4.6758e+06
36,36,36,36,36,36
0.11719,0.11719,0.11719,0.11719,0.11719,0.11719
2,2,2,2,2,2
0,0,0,0,0,0
4.6758e+06,4.6758e+06,4.6758e+06,4.6758e+06,4.6758e+06,4.6758e+06
37,37,37,37,37,37
0.11719,0.11719,0.11719,0.11719,0.11719,0.11719
2,2,2,2,2,2
0,0,0,0,0,0
4.6758e+06,4.6758e+06,4.6758e+06,4.6758e+06,4.6758e+06,4.6758e+06
38,38,38,38,38,38
0.11719,0.11719,0.11719,0.11719,0.11719,0.11719
2,2,2,2,2,2
0,0,0,0,0,0
4.6758e+06,4.6758e+06,4.6758e+06,4.6758e+06,4.6758e+06,4.6758e+06
39,39,39,39,39,39
0.11719,0.11719,0.11719,0.11719,0.11719,0.11719
2,2,2,2,2,2
0,0,0,0,0,0
4.6758e+06,4.6758e+06,4.6758e+06,4.6758e+06,4.6758e+06,4.6758e+06
40,40,40,40,40,40
0.11719,0.11719,0.11719,0.11719,0.11719,0.11719
2,2,2,2,2,2
0.45371,0.45371,0.45371,0.45371,0.45371,0.45371
0,0,0,0,0,0
-10,-10,-10,-10,-10,-10
0.23438,0.23438,0.23438,0.23438,0.23438,0.23438
2,2,2,2,2,2
0.44865,0.44865,0.44865,0.44865,0.44865,0.44865
0,0,0,0,0,0
-9,-9,-9,-9,-9,-9
0.23438,0.23438,0.23438,0.23438,0.23438,0.23438
2,2,2,2,2,2
0.44276,0.44276,0.44276,0.44276,0.44276,0.44276
0,0,0,0,0,0
-8,-8,-8,-8,-8,-8
0.23438,0.23438,0.23438,0.23438,0.23438,0.23438
2,2,2,2,2,2
0.43588,0.43588,0.43588,0.43588,0.43588,0.43588
0,0,0,0,0,0
-7,-7,-7,-7,-7,-7
0.23438,0.23438,0.23438,0.23438,0.23438,0.23438
2,2,2,2,2,2
0.42799,0.42799,0.42799,0.42799,0.42799,0.42799
0,0,0,0,0,0
-6,-6,-6,-6,-6,-6
0.23438,0.23438,0.23438,0.23438,0.23438,0.23438
2,2,2,2,2,2
0.42017,0.42017,0.42017,0.42017,0.42017,0.42017
0,0,0,0,0,0
-5,-5,-5,-5,-5,-5
0.23438,0.23438,0.23438,0.23438,0.23438,0.23438
2,2,2,2,2,2
0.41213,0.41213,0.41213,0.41213,0.41213,0.41213
0,0,0,0,0,0
-4,-4,-4,-4,-4,-4
0.23438,0.23438,0.23438,0.23438,0.23438,0.23438
2,2,2,2,2,2
0.40338,0.40338,0.40338,0.40338,0.40338,0.40338
1.8711e+06,1.8711e+06,1.8711e+06,1.8711e+06,1.8711e+06,1.8711e+06
-3,-3,-3,-3,-3,-3
0.23438,0.23438,0.23438,0.23438,0.23438,0.23438
2,2,2,2,2,2
0.38002,0.38002,0.38002,0.38002,0.38002,0.38002
2.8067e+06,2.8067e+06,2.8067e+06,2.8067e+06,2.8067e+06,2.8067e+06
-2,-2,-2,-2,-2,-2
0.23438,0.23438,0.23438,0.23438,0.23438,0.23438
2,2,2,2,2,2
0.3507,0.3507,0.3507,0.3507,0.3507,0.3507
2.8067e+06,2.8067e+06,2.8067e+06,2.8067e+06,2.8067e+06,2.8067e+06
-1,-1,-1,-1,-1,-1
0.23438,0.23438,0.23438,0.23438,0.23438,0.23438
2,2,2,2,2,2
0.30578,0.30578,0.30578,0.30578,0.30578,0.30578
4.21e+06,4.21e+06,4.21e+06,4.21e+06,4.21e+06,4.21e+06
0,0,0,0,0,0
0.23438,0.23438,0.23438,0.23438,0.23438,0.23438
2,2,2,2,2,2
0.26329,0.26329,0.26329,0.26329,0.26329,0.26329
4.6778e+06,4.6778e+06,4.6778e+06,4.6778e+06,4.6778e+06,4.6778e+06
1,1,1,1,1,1
0.23438,0.23438,0.23438,0.23438,0.23438,0.23438
2,2,2,2,2,2
0.24172,0.24172,0.24172,0.24172,0.24172,0.24172
4.6778e+06,4.6778e+06,4.6778e+06,4.6778e+06,4.6778e+06,4.6778e+06
2,2,2,2,2,2
0.23438,0.23438,0.23438,0.23438,0.23438,0.23438
2,2,2,2,2,2
0.23499,0.23499,0.23499,0.23499,0.23499,0.23499
4.6778e+06,4.6778e+06,4.6778e+06,4.6778e+06,4.6778e+06,4.6778e+06
3,3,3,3,3,3
0.23438,0.23438,0.23438,0.23438,0.23438,0.23438
2,2,2,2,2,2
0.18127,0.18127,0.18127,0.18127,0.18127,0.18127
5.6133e+06,5.6133e+06,5.6133e+06,5.6133e+06,5.6133e+06,5.6133e+06
4,4,4,4,4,4
0.23438,0.23438,0.23438,0.23438,0.23438,0.23438
2,2,2,2,2,2
0.0093778,0.0093778,0.0093778,0.0093778,0.0093778,0.0093778
9.1801e+06,9.1801e+06,9.1801e+06,9.1801e+06,9.1801e+06,9.1801e+06
5,5,5,5,5,5
0.23438,0.23438,0.23438,0.23438,0.23438,0.23438
2,2,2,2,2,2
0,0,0,0,0,0
9.3555e+06,9.3555e+06,9.3555e+06,9.3555e+06,9.3555e+06,9.3555e+06
6,6,6,6,6,6
0.23438,0.23438,0.23438,0.23438,0.23438,0.23438
2,2,2,2,2,2
0,0,0,0,0,0
9.3555e+06,9.3555e+06,9.3555e+06,9.3555e+06,9.3555e+06,9.3555e+06
7,7,7,7,7,7
0.23438,0.23438,0.23438,0.23438,0.23438,0.23438
2,2,2,2,2,2
0,0,0,0,0,0
9.3555e+06,9.3555e+06,9.3555e+06,9.3555e+06,9.3555e+06,9.3555e+06
8,8,8,8,8,8
0.23438,0.23438,0.23438,0.23438,0.23438,0.23438
2,2,2,2,2,2
0,0,0,0,0,0
9.3555e+06,9.3555e+06,9.3555e+06,9.3555e+06,9.3555e+06,9.3555e+06
9,9,9,9,9,9
0.23438,0.23438,0.23438,0.23438,0.23438,0.23438
2,2,2,2,2,2
0,0,0,0,0,0
9.3555e+06,9.3555e+06,9.3555e+06,9.3555e+06,9.3555e+06,9.3555e+06
10,10,10,10,10,10
0.23438,0.23438,0.23438,0.23438,0.23438,0.23438
2,2,2,2,2,2
0,0,0,0,0,0
9.3555e+06,9.3555e+06,9.3555e+06,9.3555e+06,9.3555e+06,9.3555e+06
11,11,11,11,11,11
0.23438,0.23438,0.23438,0.23438,0.23438,0.23438
2,2,2,2,2,2
0,0,0,0,0,0
9.3555e+06,9.3555e+06,9.3555e+06,9.3555e+06,9.3555e+06,9.3555e+06
12,12,12,12,12,12
0.23438,0.23438,0.23438,0.23438,0.23438,0.23438
2,2,2,2,2,2
0,0,0,0,0,0
9.3555e+06,9.3555e+06,9.3555e+06,9.3555e+06,9.3555e+06,9.3555e+06
13,13,13,13,13,13
0.23438,0.23438,0.23438,0.23438,0.23438,0.23438
2,2,2,2,2,2
0,0,0,0,0,0
9.3555e+06,9.3555e+06,9.3555e+06,9.3555e+06,9.3555e+06,9.3555e+06
14,14,14,14,14,14
0.23438,0.23438,0.23438,0.23438,0.23438,0.23438
2,2,2,2,2,2
0,0,0,0,0,0
9.3555e+06,9.3555e+06,9.3555e+06,9.3555e+06,9.3555e+06,9.3555e+06
15,15,15,15,15,15
0.23438,0.23438,0.23438,0.23438,0.23438,0.23438
2,2,2,2,2,2
0,0,0,0,0,0
9.3555e+06,9.3555e+06,9.3555e+06,9.3555e+06,9.3555e+06,9.3555e+06
16,16,16,16,16,16
0.23438,0.23438,0.23438,0.23438,0.23438,0.23438
2,2,2,2,2,2
0,0,0,0,0,0
9.3555e+06,9.3555e+06,9.3555e+06,9.3555e+06,9.3555e+06,9.3555e+06
17,17,17,17,17,17
0.23438,0.23438,0.23438,0.23438,0.23438,0.23438
2,2,2,2,2,2
0,0,0,0,0,0
9.3555e+06,9.3555e+06,9.3555e+06,9.3555e+06,9.3555e+06,9.3555e+06
18,18,18,18,18,18
0.23438,0.23438,0.23438,0.23438,0.23438,0.23438
2,2,2,2,2,2
0,0,0,0,0,0
9.3555e+06,9.3555e+06,9.3555e+06,9.3555e+06,9.3555e+06,9.3555e+06
19,19,19,19,19,19
0.23438,0.23438,0.23438,0.23438,0.23438,0.23438
2,2,2,2,2,2
0,0,0,0,0,0
9.3555e+06,9.3555e+06,9.3555e+06,9.3555e+06,9.3555e+06,9.3555e+06
20,20,20,20,20,20
0.23438,0.23438,0.23438,0.23438,0.23438,0.23438
2,2,2,2,2,2
0,0,0,0,0,0
9.3555e+06,9.3555e+06,9.3555e+06,9.3555e+06,9.3555e+06,9.3555e+06
21,21,21,21,21,21
0.23438,0.23438,0.23438,0.23438,0.23438,0.23438
2,2,2,2,2,2
0,0,0,0,0,0
9.3555e+06,9.3555e+06,9.3555e+06,9.3555e+06,9.3555e+06,9.3555e+06
22,22,22,22,22,22
0.23438,0.23438,0.23438,0.23438,0.23438,0.23438
2,2,2,2,2,2
0,0,0,0,0,0
9.3555e+06,9.3555e+06,9.3555e+06,9.3555e+06,9.3555e+06,9.3555e+06
23,23,23,23,23,23
0.23438,0.23438,0.23438,0.23438,0.23438,0.23438
2,2,2,2,2,2
0,0,0,0,0,0
9.3555e+06,9.3555e+06,9.3555e+06,9.3555e+06,9.3555e+06,9.3555e+06
24,24,24,24,24,24
0.23438,0.23438,0.23438,0.23438,0.23438,0.23438
2,2,2,2,2,2
0,0,0,0,0,0
9.3555e+06,9.3555e+06,9.3555e+06,9.3555e+06,9.3555e+06,9.3555e+06
25,25,25,25,25,25
0.23438,0.23438,0.23438,0.23438,0.23438,0.23438
2,2,2,2,2,2
0,0,0,0,0,0
9.3555e+06,9.3555e+06,9.3555e+06,9.3555e+06,9.3555e+06,9.3555e+06
26,26,26,26,26,26
0.23438,0.23438,0.23438,0.23438,0.23438,0.23438
2,2,2,2,2,2
0,0,0,0,0,0
9.3555e+06,9.3555e+06,9.3555e+06,9.3555e+06,9.3555e+06,9.3555e+06
27,27,27,27,27,27
0.23438,0.23438,0.23438,0.23438,0.23438,0.23438
2,2,2,2,2,2
0,0,0,0,0,0
9.3555e+06,9.3555e+06,9.3555e+06,9.3555e+06,9.3555e+06,9.3555e+06
28,28,28,28,28,28
0.23438,0.23438,0.23438,0.23438,0.23438,0.23438
2,2,2,2,2,2
0.0031326,0.0031326,0.0031326,0.0031326,0.0031326,0.0031326
9.297e+06,9.297e+06,9.297e+06,9.297e+06,9.297e+06,9.297e+06
29,29,29,29,29,29
0.23438,0.23438,0.23438,0.23438,0.23438,0.23438
2,2,2,2,2,2
0.0062715,0.0062715,0.0062715,0.0062715,0.0062715,0.0062715
9.2386e+06,9.2386e+06,9.2386e+06,9.2386e+06,9.2386e+06,9.2386e+06
30,30,30,30,30,30
0.23438,0.23438,0.23438,0.23438,0.23438,0.23438
2,2,2,2,2,2
0.0062715,0.0062715,0.0062715,0.0062715,0.0062715,0.0062715
9.2386e+06,9.2386e+06,9.2386e+06,9.2386e+06,9.2386e+06,9.2386e+06
31,31,31,31,31,31
0.23438,0.23438,0.23438,0.23438,0.23438,0.23438
2,2,2,2,2,2
0.0062715,0.0062715,0.0062715,0.0062715,0.0062715,0.0062715
9.2386e+06,9.2386e+06,9.2386e+06,9.2386e+06,9.2386e+06,9.2386e+06
32,32,32,32,32,32
0.23438,0.23438,0.23438,0.23438,0.23438,0.23438
2,2,2,2,2,2
0.0094104,0.0094104,0.0094104,0.0094104,0.0094104,0.0094104
9.1801e+06,9.1801e+06,9.1801e+06,9.1801e+06,9.1801e+06,9.1801e+06
33,33,33,33,33,33
0.23438,0.23438,0.23438,0.23438,0.23438,0.23438
2,2,2,2,2,2
0.0094105,0.0094105,0.0094105,0.0094105,0.0094105,0.0094105
9.1801e+06,9.1801e+06,9.1801e+06,9.1801e+06,9.1801e+06,9.1801e+06
34,34,34,34,34,34
0.23438,0.23438,0.23438,0.23438,0.23438,0.23438
2,2,2,2,2,2
0.0094105,0.0094105,0.0094105,0.0094105,0.0094105,0.0094105
9.1801e+06,9.1801e+06,9.1801e+06,9.1801e+06,9.1801e+06,9.1801e+06
35,35,35,35,35,35
0.23438,0.23438,0.23438,0.23438,0.23438,0.23438
2,2,2,2,2,2
0.0094105,0.0094105,0.0094105,0.0094105,0.0094105,0.0094105
9.1801e+06,9.1801e+06,9.1801e+06,9.1801e+06,9.1801e+06,9.1801e+06
36,36,36,36,36,36
0.23438,0.23438,0.23438,0.23438,0.23438,0.23438
2,2,2,2,2,2
0.0094105,0.0094105,0.0094105,0.0094105,0.0094105,0.0094105
9.1801e+06,9.1801e+06,9.1801e+06,9.1801e+06,9.1801e+06,9.1801e+06
37,37,37,37,37,37
0.23438,0.23438,0.23438,0.23438,0.23438,0.23438
2,2,2,2,2,2
0.0094105,0.0094105,0.0094105,0.0094105,0.0094105,0.0094105
9.1801e+06,9.1801e+06,9.1801e+06,9.1801e+06,9.1801e+06,9.1801e+06
38,38,38,38,38,38
0.23438,0.23438,0.23438,0.23438,0.23438,0.23438
2,2,2,2,2,2
0.0094105,0.0094105,0.0094105,0.0094105,0.0094105,0.0094105
9.1801e+06,9.1801e+06,9.1801e+06,9.1801e+06,9.1801e+06,9.1801e+06
39,39,39,39,39,39
0.23438,0.23438,0.23438,0.23438,0.23438,0.23438
2,2,2,2,2,2
0.0094105,0.0094105,0.0094105,0.0094105,0.0094105,0.0094105
9.1801e+06,9.1801e+06,9.1801e+06,9.1801e+06,9.1801e+06,9.1801e+06
40,40,40,40,40,40
0.23438,0.23438,0.23438,0.23438,0.23438,0.23438
2,2,2,2,2,2
0.45355,0.45355,0.45355,0.45355,0.45355,0.45355
0,0,0,0,0,0
-10,-10,-10,-10,-10,-10
0.29297,0.29297,0.29297,0.29297,0.29297,0.29297
2,2,2,2,2,2
0.44844,0.44844,0.44844,0.44844,0.44844,0.44844
0,0,0,0,0,0
-9,-9,-9,-9,-9,-9
0.29297,0.29297,0.29297,0.29297,0.29297,0.29297
2,2,2,2,2,2
0.44305,0.44305,0.44305,0.44305,0.44305,0.44305
0,0,0,0,0,0
-8,-8,-8,-8,-8,-8
0.29297,0.29297,0.29297,0.29297,0.29297,0.29297
2,2,2,2,2,2
0.4374,0.4374,0.4374,0.4374,0.4374,0.4374
0,0,0,0,0,0
-7,-7,-7,-7,-7,-7
0.29297,0.29297,0.29297,0.29297,0.29297,0.29297
2,2,2,2,2,2
0.43126,0.43126,0.43126,0.43126,0.43126,0.43126
0,0,0,0,0,0
-6,-6,-6,-6,-6,-6
0.29297,0.29297,0.29297,0.29297,0.29297,0.29297
2,2,2,2,2,2
0.42433,0.42433,0.42433,0.42433,0.42433,0.42433
0,0,0,0,0,0
-5,-5,-5,-5,-5,-5
0.29297,0.29297,0.29297,0.29297,0.29297,0.29297
2,2,2,2,2,2
0.41686,0.41686,0.41686,0.41686,0.41686,0.41686
0,0,0,0,0,0
-4,-4,-4,-4,-4,-4
0.29297,0.29297,0.29297,0.29297,0.29297,0.29297
2,2,2,2,2,2
0.4093,0.4093,0.4093,0.4093,0.4093,0.4093
0,0,0,0,0,0
-3,-3,-3,-3,-3,-3
0.29297,0.29297,0.29297,0.29297,0.29297,0.29297
2,2,2,2,2,2
0.40153,0.40153,0.40153,0.40153,0.40153,0.40153
0,0,0,0,0,0
-2,-2,-2,-2,-2,-2
0.29297,0.29297,0.29297,0.29297,0.29297,0.29297
2,2,2,2,2,2
0.39295,0.39295,0.39295,0.39295,0.39295,0.39295
2.0073e+06,2.0073e+06,2.0073e+06,2.0073e+06,2.0073e+06,2.0073e+06
-1,-1,-1,-1,-1,-1
0.29297,0.29297,0.29297,0.29297,0.29297,0.29297
2,2,2,2,2,2
0.38793,0.38793,0.38793,0.38793,0.38793,0.38793
2.9392e+06,2.9392e+06,2.9392e+06,2.9392e+06,2.9392e+06,2.9392e+06
0,0,0,0,0,0
0.29297,0.29297,0.29297,0.29297,0.29297,0.29297
2,2,2,2,2,2
0.3389,0.3389,0.3389,0.3389,0.3389,0.3389
3.441e+06,3.441e+06,3.441e+06,3.441e+06,3.441e+06,3.441e+06
1,1,1,1,1,1
0.29297,0.29297,0.29297,0.29297,0.29297,0.29297
2,2,2,2,2,2
0.32386,0.32386,0.32386,0.32386,0.32386,0.32386
3.9428e+06,3.9428e+06,3.9428e+06,3.9428e+06,3.9428e+06,3.9428e+06
2,2,2,2,2,2
0.29297,0.29297,0.29297,0.29297,0.29297,0.29297
2,2,2,2,2,2
0.2557,0.2557,0.2557,0.2557,0.2557,0.2557
5.735e+06,5.735e+06,5.735e+06,5.735e+06,5.735e+06,5.735e+06
3,3,3,3,3,3
0.29297,0.29297,0.29297,0.29297,0.29297,0.29297
2,2,2,2,2,2
0.23883,0.23883,0.23883,0.23883,0.23883,0.23883
5.735e+06,5.735e+06,5.735e+06,5.735e+06,5.735e+06,5.735e+06
4,4,4,4,4,4
0.29297,0.29297,0.29297,0.29297,0.29297,0.29297
2,2,2,2,2,2
0.23465,0.23465,0.23465,0.23465,0.23465,0.23465
5.735e+06,5.735e+06,5.735e+06,5.735e+06,5.735e+06,5.735e+06
5,5,5,5,5,5
0.29297,0.29297,0.29297,0.29297,0.29297,0.29297
2,2,2,2,2,2
0.053072,0.053072,0.053072,0.053072,0.053072,0.053072
9.9646e+06,9.9646e+06,9.9646e+06,9.9646e+06,9.9646e+06,9.9646e+06
6,6,6,6,6,6
0.29297,0.29297,0.29297,0.29297,0.29297,0.29297
2,2,2,2,2,2
0,0,0,0,0,0
1.147e+07,1.147e+07,1.147e+07,1.147e+07,1.147e+07,1.147e+07
7,7,7,7,7,7
0.29297,0.29297,0.29297,0.29297,0.29297,0.29297
2,2,2,2,2,2
0,0,0,0,0,0
1.147e+07,1.147e+07,1.147e+07,1.147e+07,1.147e+07,1.147e+07
8,8,8,8,8,8
0.29297,0.29297,0.29297,0.29297,0.29297,0.29297
2,2,2,2,2,2
0,0,0,0,0,0
1.147e+07,1.147e+07,1.147e+07,1.147e+07,1.147e+07,1.147e+07
9,9,9,9,9,9
0.29297,0.29297,0.29297,0.29297,0.29297,0.29297
2,2,2,2,2,2
0,0,0,0,0,0
1.147e+07,1.147e+07,1.147e+07,1.147e+07,1.147e+07,1.147e+07
10,10,10,10,10,10
0.29297,0.29297,0.29297,0.29297,0.29297,0.29297
2,2,2,2,2,2
0,0,0,0,0,0
1.147e+07,1.147e+07,1.147e+07,1.147e+07,1.147e+07,1.147e+07
11,11,11,11,11,11
0.29297,0.29297,0.29297,0.29297,0.29297,0.29297
2,2,2,2,2,2
0,0,0,0,0,0
1.147e+07,1.147e+07,1.147e+07,1.147e+07,1.147e+07,1.147e+07
12,12,12,12,12,12
0.29297,0.29297,0.29297,0.29297,0.29297,0.29297
2,2,2,2,2,2
0,0,0,0,0,0
1.147e+07,1.147e+07,1.147e+07,1.147e+07,1.147e+07,1.147e+07
13,13,13,13,13,13
0.29297,0.29297,0.29297,0.29297,0.29297,0.29297
2,2,2,2,2,2
0,0,0,0,0,0
1.147e+07,1.147e+07,1.147e+07,1.147e+07,1.147e+07,1.147e+07
14,14,14,14,14,14
0.29297,0.29297,0.29297,0.29297,0.29297,0.29297
2,2,2,2,2,2
0,0,0,0,0,0
1.147e+07,1.147e+07,1.147e+07,1.147e+07,1.147e+07,1.147e+07
15,15,15,15,15,15
0.29297,0.29297,0.29297,0.29297,0.29297,0.29297
2,2,2,2,2,2
0,0,0,0,0,0
1.147e+07,1.147e+07,1.147e+07,1.147e+07,1.147e+07,1.147e+07
16,16,16,16,16,16
0.29297,0.29297,0.29297,0.29297,0.29297,0.29297
2,2,2,2,2,2
0,0,0,0,0,0
1.147e+07,1.147e+07,1.147e+07,1.147e+07,1.147e+07,1.147e+07
17,17,17,17,17,17
0.29297,0.29297,0.29297,0.29297,0.29297,0.29297
2,2,2,2,2,2
0,0,0,0,0,0
1.147e+07,1.147e+07,1.147e+07,1.147e+07,1.147e+07,1.147e+07
18,18,18,18,18,18
0.29297,0.29297,0.29297,0.29297,0.29297,0.29297
2,2,2,2,2,2
0,0,0,0,0,0
1.147e+07,1.147e+07,1.147e+07,1.147e+07,1.147e+07,1.147e+07
19,19,19,19,19,19
0.29297,0.29297,0.29297,0.29297,0.29297,0.29297
2,2,2,2,2,2
0,0,0,0,0,0
1.147e+07,1.147e+07,1.147e+07,1.147e+07,1.147e+07,1.147e+07
20,20,20,20,20,20
0.29297,0.29297,0.29297,0.29297,0.29297,0.29297
2,2,2,2,2,2
0,0,0,0,0,0
1.147e+07,1.147e+07,1.147e+07,1.147e+07,1.147e+07,1.147e+07
21,21,21,21,21,21
0.29297,0.29297,0.29297,0.29297,0.29297,0.29297
2,2,2,2,2,2
0,0,0,0,0,0
1.147e+07,1.147e+07,1.147e+07,1.147e+07,1.147e+07,1.147e+07
22,22,22,22,22,22
0.29297,0.29297,0.29297,0.29297,0.29297,0.29297
2,2,2,2,2,2
0,0,0,0,0,0
1.147e+07,1.147e+07,1.147e+07,1.147e+07,1.147e+07,1.147e+07
23,23,23,23,23,23
0.29297,0.29297,0.29297,0.29297,0.29297,0.29297
2,2,2,2,2,2
0,0,0,0,0,0
1.147e+07,1.147e+07,1.147e+07,1.147e+07,1.147e+07,1.147e+07
24,24,24,24,24,24
0.29297,0.29297,0.29297,0.29297,0.29297,0.29297
2,2,2,2,2,2
0,0,0,0,0,0
1.147e+07,1.147e+07,1.147e+07,1.147e+07,1.147e+07,1.147e+07
25,25,25,25,25,25
0.29297,0.29297,0.29297,0.29297,0.29297,0.29297
2,2,2,2,2,2
0,0,0,0,0,0
1.147e+07,1.147e+07,1.147e+07,1.147e+07,1.147e+07,1.147e+07
26,26,26,26,26,26
0.29297,0.29297,0.29297,0.29297,0.29297,0.29297
2,2,2,2,2,2
0,0,0,0,0,0
1.147e+07,1.147e+07,1.147e+07,1.147e+07,1.147e+07,1.147e+07
27,27,27,27,27,27
0.29297,0.29297,0.29297,0.29297,0.29297,0.29297
2,2,2,2,2,2
0,0,0,0,0,0
1.147e+07,1.147e+07,1.147e+07,1.147e+07,1.147e+07,1.147e+07
28,28,28,28,28,28
0.29297,0.29297,0.29297,0.29297,0.29297,0.29297
2,2,2,2,2,2
0,0,0,0,0,0
1.147e+07,1.147e+07,1.147e+07,1.147e+07,1.147e+07,1.147e+07
29,29,29,29,29,29
0.29297,0.29297,0.29297,0.29297,0.29297,0.29297
2,2,2,2,2,2
0.0031243,0.0031243,0.0031243,0.0031243,0.0031243,0.0031243
1.1398e+07,1.1398e+07,1.1398e+07,1.1398e+07,1.1398e+07,1.1398e+07
30,30,30,30,30,30
0.29297,0.29297,0.29297,0.29297,0.29297,0.29297
2,2,2,2,2,2
0.0031243,0.0031243,0.0031243,0.0031243,0.0031243,0.0031243
1.1398e+07,1.1398e+07,1.1398e+07,1.1398e+07,1.1398e+07,1.1398e+07
31,31,31,31,31,31
0.29297,0.29297,0.29297,0.29297,0.29297,0.29297
2,2,2,2,2,2
0.0062652,0.0062652,0.0062652,0.0062652,0.0062652,0.0062652
1.1327e+07,1.1327e+07,1.1327e+07,1.1327e+07,1.1327e+07,1.1327e+07
32,32,32,32,32,32
0.29297,0.29297,0.29297,0.29297,0.29297,0.29297
2,2,2,2,2,2
0.0062652,0.0062652,0.0062652,0.0062652,0.0062652,0.0062652
1.1327e+07,1.1327e+07,1.1327e+07,1.1327e+07,1.1327e+07,1.1327e+07
33,33,33,33,33,33
0.29297,0.29297,0.29297,0.29297,0.29297,0.29297
2,2,2,2,2,2
0.0062652,0.0062652,0.0062652,0.0062652,0.0062652,0.0062652
1.1327e+07,1.1327e+07,1.1327e+07,1.1327e+07,1.1327e+07,1.1327e+07
34,34,34,34,34,34
0.29297,0.29297,0.29297,0.29297,0.29297,0.29297
2,2,2,2,2,2
0.0062652,0.0062652,0.0062652,0.0062652,0.0062652,0.0062652
1.1327e+07,1.1327e+07,1.1327e+07,1.1327e+07,1.1327e+07,1.1327e+07
35,35,35,35,35,35
0.29297,0.29297,0.29297,0.29297,0.29297,0.29297
2,2,2,2,2,2
0.0062653,0.0062653,0.0062653,0.0062653,0.0062653,0.0062653
1.1327e+07,1.1327e+07,1.1327e+07,1.1327e+07,1.1327e+07,1.1327e+07
36,36,36,36,36,36
0.29297,0.29297,0.29297,0.29297,0.29297,0.29297
2,2,2,2,2,2
0.0062653,0.0062653,0.0062653,0.0062653,0.0062653,0.0062653
1.1327e+07,1.1327e+07,1.1327e+07,1.1327e+07,1.1327e+07,1.1327e+07
37,37,37,37,37,37
0.29297,0.29297,0.29297,0.29297,0.29297,0.29297
2,2,2,2,2,2
0.0062653,0.0062653,0.0062653,0.0062653,0.0062653,0.0062653
1.1327e+07,1.1327e+07,1.1327e+07,1.1327e+07,1.1327e+07,1.1327e+07
38,38,38,38,38,38
0.29297,0.29297,0.29297,0.29297,0.29297,0.29297
2,2,2,2,2,2
0.0062653,0.0062653,0.0062653,0.0062653,0.0062653,0.0062653
1.1327e+07,1.1327e+07,1.1327e+07,1.1327e+07,1.1327e+07,1.1327e+07
39,39,39,39,39,39
0.29297,0.29297,0.29297,0.29297,0.29297,0.29297
2,2,2,2,2,2
0.0062653,0.0062653,0.0062653,0.0062653,0.0062653,0.0062653
1.1327e+07,1.1327e+07,1.1327e+07,1.1327e+07,1.1327e+07,1.1327e+07
40,40,40,40,40,40
0.29297,0.29297,0.29297,0.29297,0.29297,0.29297
2,2,2,2,2,2
0.44891,0.44891,0.44891,0.44891,0.44891,0.44891
0,0,0,0,0,0
-10,-10,-10,-10,-10,-10
0.38086,0.38086,0.38086,0.38086,0.38086,0.38086
2,2,2,2,2,2
0.44423,0.44423,0.44423,0.44423,0.44423,0.44423
0,0,0,0,0,0
-9,-9,-9,-9,-9,-9
0.38086,0.38086,0.38086,0.38086,0.38086,0.38086
2,2,2,2,2,2
0.43938,0.43938,0.43938,0.43938,0.43938,0.43938
0,0,0,0,0,0
-8,-8,-8,-8,-8,-8
0.38086,0.38086,0.38086,0.38086,0.38086,0.38086
2,2,2,2,2,2
0.43444,0.43444,0.43444,0.43444,0.43444,0.43444
0,0,0,0,0,0
-7,-7,-7,-7,-7,-7
0.38086,0.38086,0.38086,0.38086,0.38086,0.38086
2,2,2,2,2,2
0.42923,0.42923,0.42923,0.42923,0.42923,0.42923
0,0,0,0,0,0
-6,-6,-6,-6,-6,-6
0.38086,0.38086,0.38086,0.38086,0.38086,0.38086
2,2,2,2,2,2
0.42381,0.42381,0.42381,0.42381,0.42381,0.42381
0,0,0,0,0,0
-5,-5,-5,-5,-5,-5
0.38086,0.38086,0.38086,0.38086,0.38086,0.38086
2,2,2,2,2,2
0.41776,0.41776,0.41776,0.41776,0.41776,0.41776
0,0,0,0,0,0
-4,-4,-4,-4,-4,-4
0.38086,0.38086,0.38086,0.38086,0.38086,0.38086
2,2,2,2,2,2
0.41107,0.41107,0.41107,0.41107,0.41107,0.41107
0,0,0,0,0,0
-3,-3,-3,-3,-3,-3
0.38086,0.38086,0.38086,0.38086,0.38086,0.38086
2,2,2,2,2,2
0.40447,0.40447,0.40447,0.40447,0.40447,0.40447
0,0,0,0,0,0
-2,-2,-2,-2,-2,-2
0.38086,0.38086,0.38086,0.38086,0.38086,0.38086
2,2,2,2,2,2
0.39781,0.39781,0.39781,0.39781,0.39781,0.39781
0,0,0,0,0,0
-1,-1,-1,-1,-1,-1
0.38086,0.38086,0.38086,0.38086,0.38086,0.38086
2,2,2,2,2,2
0.39094,0.39094,0.39094,0.39094,0.39094,0.39094
1.7907e+06,1.7907e+06,1.7907e+06,1.7907e+06,1.7907e+06,1.7907e+06
0,0,0,0,0,0
0.38086,0.38086,0.38086,0.38086,0.38086,0.38086
2,2,2,2,2,2
0.38372,0.38372,0.38372,0.38372,0.38372,0.38372
3.0159e+06,3.0159e+06,3.0159e+06,3.0159e+06,3.0159e+06,3.0159e+06
1,1,1,1,1,1
0.38086,0.38086,0.38086,0.38086,0.38086,0.38086
2,2,2,2,2,2
0.35219,0.35219,0.35219,0.35219,0.35219,0.35219
4.5239e+06,4.5239e+06,4.5239e+06,4.5239e+06,4.5239e+06,4.5239e+06
2,2,2,2,2,2
0.38086,0.38086,0.38086,0.38086,0.38086,0.38086
2,2,2,2,2,2
0.33275,0.33275,0.33275,0.33275,0.33275,0.33275
4.5239e+06,4.5239e+06,4.5239e+06,4.5239e+06,4.5239e+06,4.5239e+06
3,3,3,3,3,3
0.38086,0.38086,0.38086,0.38086,0.38086,0.38086
2,2,2,2,2,2
0.2811,0.2811,0.2811,0.2811,0.2811,0.2811
7.2571e+06,7.2571e+06,7.2571e+06,7.2571e+06,7.2571e+06,7.2571e+06
4,4,4,4,4,4
0.38086,0.38086,0.38086,0.38086,0.38086,0.38086
2,2,2,2,2,2
0.25473,0.25473,0.25473,0.25473,0.25473,0.25473
7.5398e+06,7.5398e+06,7.5398e+06,7.5398e+06,7.5398e+06,7.5398e+06
5,5,5,5,5,5
0.38086,0.38086,0.38086,0.38086,0.38086,0.38086
2,2,2,2,2,2
0.23867,0.23867,0.23867,0.23867,0.23867,0.23867
7.5398e+06,7.5398e+06,7.5398e+06,7.5398e+06,7.5398e+06,7.5398e+06
6,6,6,6,6,6
0.38086,0.38086,0.38086,0.38086,0.38086,0.38086
2,2,2,2,2,2
0.2346,0.2346,0.2346,0.2346,0.2346,0.2346
7.5398e+06,7.5398e+06,7.5398e+06,7.5398e+06,7.5398e+06,7.5398e+06
7,7,7,7,7,7
0.38086,0.38086,0.38086,0.38086,0.38086,0.38086
2,2,2,2,2,2
0.084404,0.084404,0.084404,0.084404,0.084404,0.084404
1.2064e+07,1.2064e+07,1.2064e+07,1.2064e+07,1.2064e+07,1.2064e+07
8,8,8,8,8,8
0.38086,0.38086,0.38086,0.38086,0.38086,0.38086
2,2,2,2,2,2
0,0,0,0,0,0
1.508e+07,1.508e+07,1.508e+07,1.508e+07,1.508e+07,1.508e+07
9,9,9,9,9,9
0.38086,0.38086,0.38086,0.38086,0.38086,0.38086
2,2,2,2,2,2
0,0,0,0,0,0
1.508e+07,1.508e+07,1.508e+07,1.508e+07,1.508e+07,1.508e+07
10,10,10,10,10,10
0.38086,0.38086,0.38086,0.38086,0.38086,0.38086
2,2,2,2,2,2
0,0,0,0,0,0
1.508e+07,1.508e+07,1.508e+07,1.508e+07,1.508e+07,1.508e+07
11,11,11,11,11,11
0.38086,0.38086,0.38086,0.38086,0.38086,0.38086
2,2,2,2,2,2
0,0,0,0,0,0
1.508e+07,1.508e+07,1.508e+07,1.508e+07,1.508e+07,1.508e+07
12,12,12,12,12,12
0.38086,0.38086,0.38086,0.38086,0.38086,0.38086
2,2,2,2,2,2
0,0,0,0,0,0
1.508e+07,1.508e+07,1.508e+07,1.508e+07,1.508e+07,1.508e+07
13,13,13,13,13,13
0.38086,0.38086,0.38086,0.38086,0.38086,0.38086
2,2,2,2,2,2
0,0,0,0,0,0
1.508e+07,1.508e+07,1.508e+07,1.508e+07,1.508e+07,1.508e+07
14,14,14,14,14,14
0.38086,0.38086,0.38086,0.38086,0.38086,0.38086
2,2,2,2,2,2
0,0,0,0,0,0
1.508e+07,1.508e+07,1.508e+07,1.508e+07,1.508e+07,1.508e+07
15,15,15,15,15,15
0.38086,0.38086,0.38086,0.38086,0.38086,0.38086
2,2,2,2,2,2
0,0,0,0,0,0
1.508e+07,1.508e+07,1.508e+07,1.508e+07,1.508e+07,1.508e+07
16,16,16,16,16,16
0.38086,0.38086,0.38086,0.38086,0.38086,0.38086
2,2,2,2,2,2
0,0,0,0,0,0
1.508e+07,1.508e+07,1.508e+07,1.508e+07,1.508e+07,1.508e+07
17,17,17,17,17,17
0.38086,0.38086,0.38086,0.38086,0.38086,0.38086
2,2,2,2,2,2
0,0,0,0,0,0
1.508e+07,1.508e+07,1.508e+07,1.508e+07,1.508e+07,1.508e+07
18,18,18,18,18,18
0.38086,0.38086,0.38086,0.38086,0.38086,0.38086
2,2,2,2,2,2
0,0,0,0,0,0
1.508e+07,1.508e+07,1.508e+07,1.508e+07,1.508e+07,1.508e+07
19,19,19,19,19,19
0.38086,0.38086,0.38086,0.38086,0.38086,0.38086
2,2,2,2,2,2
0,0,0,0,0,0
1.508e+07,1.508e+07,1.508e+07,1.508e+07,1.508e+07,1.508e+07
20,20,20,20,20,20
0.38086,0.38086,0.38086,0.38086,0.38086,0.38086
2,2,2,2,2,2
0,0,0,0,0,0
1.508e+07,1.508e+07,1.508e+07,1.508e+07,1.508e+07,1.508e+07
21,21,21,21,21,21
0.38086,0.38086,0.38086,0.38086,0.38086,0.38086
2,2,2,2,2,2
0,0,0,0,0,0
1.508e+07,1.508e+07,1.508e+07,1.508e+07,1.508e+07,1.508e+07
22,22,22,22,22,22
0.38086,0.38086,0.38086,0.38086,0.38086,0.38086
2,2,2,2,2,2
0,0,0,0,0,0
1.508e+07,1.508e+07,1.508e+07,1.508e+07,1.508e+07,1.508e+07
23,23,23,23,23,23
0.38086,0.38086,0.38086,0.38086,0.38086,0.38086
2,2,2,2,2,2
0,0,0,0,0,0
1.508e+07,1.508e+07,1.508e+07,1.508e+07,1.508e+07,1.508e+07
24,24,24,24,24,24
0.38086,0.38086,0.38086,0.38086,0.38086,0.38086
2,2,2,2,2,2
0,0,0,0,0,0
1.508e+07,1.508e+07,1.508e+07,1.508e+07,1.508e+07,1.508e+07
25,25,25,25,25,25
0.38086,0.38086,0.38086,0.38086,0.38086,0.38086
2,2,2,2,2,2
0,0,0,0,0,0
1.508e+07,1.508e+07,1.508e+07,1.508e+07,1.508e+07,1.508e+07
26,26,26,26,26,26
0.38086,0.38086,0.38086,0.38086,0.38086,0.38086
2,2,2,2,2,2
0,0,0,0,0,0
1.508e+07,1.508e+07,1.508e+07,1.508e+07,1.508e+07,1.508e+07
27,27,27,27,27,27
0.38086,0.38086,0.38086,0.38086,0.38086,0.38086
2,2,2,2,2,2
0.0031243,0.0031243,0.0031243,0.0031243,0.0031243,0.0031243
1.4985e+07,1.4985e+07,1.4985e+07,1.4985e+07,1.4985e+07,1.4985e+07
28,28,28,28,28,28
0.38086,0.38086,0.38086,0.38086,0.38086,0.38086
2,2,2,2,2,2
0.0062553,0.0062553,0.0062553,0.0062553,0.0062553,0.0062553
1.4891e+07,1.4891e+07,1.4891e+07,1.4891e+07,1.4891e+07,1.4891e+07
29,29,29,29,29,29
0.38086,0.38086,0.38086,0.38086,0.38086,0.38086
2,2,2,2,2,2
0.0062553,0.0062553,0.0062553,0.0062553,0.0062553,0.0062553
1.4891e+07,1.4891e+07,1.4891e+07,1.4891e+07,1.4891e+07,1.4891e+07
30,30,30,30,30,30
0.38086,0.38086,0.38086,0.38086,0.38086,0.38086
2,2,2,2,2,2
0.0062554,0.0062554,0.0062554,0.0062554,0.0062554,0.0062554
1.4891e+07,1.4891e+07,1.4891e+07,1.4891e+07,1.4891e+07,1.4891e+07
31,31,31,31,31,31
0.38086,0.38086,0.38086,0.38086,0.38086,0.38086
2,2,2,2,2,2
0.0062554,0.0062554,0.0062554,0.0062554,0.0062554,0.0062554
1.4891e+07,1.4891e+07,1.4891e+07,1.4891e+07,1.4891e+07,1.4891e+07
32,32,32,32,32,32
0.38086,0.38086,0.38086,0.38086,0.38086,0.38086
2,2,2,2,2,2
0.0062554,0.0062554,0.0062554,0.0062554,0.0062554,0.0062554
1.4891e+07,1.4891e+07,1.4891e+07,1.4891e+07,1.4891e+07,1.4891e+07
33,33,33,33,33,33
0.38086,0.38086,0.38086,0.38086,0.38086,0.38086
2,2,2,2,2,2
0.0062555,0.0062555,0.0062555,0.0062555,0.0062555,0.0062555
1.4891e+07,1.4891e+07,1.4891e+07,1.4891e+07,1.4891e+07,1.4891e+07
34,34,34,34,34,34
0.38086,0.38086,0.38086,0.38086,0.38086,0.38086
2,2,2,2,2,2
0.0094058,0.0094058,0.0094058,0.0094058,0.0094058,0.0094058
1.4797e+07,1.4797e+07,1.4797e+07,1.4797e+07,1.4797e+07,1.4797e+07
35,35,35,35,35,35
0.38086,0.38086,0.38086,0.38086,0.38086,0.38086
2,2,2,2,2,2
0.0094058,0.0094058,0.0094058,0.0094058,0.0094058,0.0094058
1.4797e+07,1.4797e+07,1.4797e+07,1.4797e+07,1.4797e+07,1.4797e+07
36,36,36,36,36,36
0.38086,0.38086,0.38086,0.38086,0.38086,0.38086
2,2,2,2,2,2
0.0094059,0.0094059,0.0094059,0.0094059,0.0094059,0.0094059
1.4797e+07,1.4797e+07,1.4797e+07,1.4797e+07,1.4797e+07,1.4797e+07
37,37,37,37,37,37
0.38086,0.38086,0.38086,0.38086,0.38086,0.38086
2,2,2,2,2,2
0.0094059,0.0094059,0.0094059,0.0094059,0.0094059,0.0094059
1.4797e+07,1.4797e+07,1.4797e+07,1.4797e+07,1.4797e+07,1.4797e+07
38,38,38,38,38,38
0.38086,0.38086,0.38086,0.38086,0.38086,0.38086
2,2,2,2,2,2
0.009406,0.009406,0.009406,0.009406,0.009406,0.009406
1.4797e+07,1.4797e+07,1.4797e+07,1.4797e+07,1.4797e+07,1.4797e+07
39,39,39,39,39,39
0.38086,0.38086,0.38086,0.38086,0.38086,0.38086
2,2,2,2,2,2
0.009406,0.009406,0.009406,0.009406,0.009406,0.009406
1.4797e+07,1.4797e+07,1.4797e+07,1.4797e+07,1.4797e+07,1.4797e+07
40,40,40,40,40,40
0.38086,0.38086,0.38086,0.38086,0.38086,0.38086
2,2,2,2,2,2
0.45605,0.45605,0.45605,0.45605,0.45605,0.45605
0,0,0,0,0,0
-10,-10,-10,-10,-10,-10
0.47852,0.47852,0.47852,0.47852,0.47852,0.47852
2,2,2,2,2,2
0.45153,0.45153,0.45153,0.45153,0.45153,0.45153
0,0,0,0,0,0
-9,-9,-9,-9,-9,-9
0.47852,0.47852,0.47852,0.47852,0.47852,0.47852
2,2,2,2,2,2
0.447,0.447,0.447,0.447,0.447,0.447
0,0,0,0,0,0
-8,-8,-8,-8,-8,-8
0.47852,0.47852,0.47852,0.47852,0.47852,0.47852
2,2,2,2,2,2
0.44229,0.44229,0.44229,0.44229,0.44229,0.44229
0,0,0,0,0,0
-7,-7,-7,-7,-7,-7
0.47852,0.47852,0.47852,0.47852,0.47852,0.47852
2,2,2,2,2,2
0.4374,0.4374,0.4374,0.4374,0.4374,0.4374
0,0,0,0,0,0
-6,-6,-6,-6,-6,-6
0.47852,0.47852,0.47852,0.47852,0.47852,0.47852
2,2,2,2,2,2
0.4324,0.4324,0.4324,0.4324,0.4324,0.4324
0,0,0,0,0,0
-5,-5,-5,-5,-5,-5
0.47852,0.47852,0.47852,0.47852,0.47852,0.47852
2,2,2,2,2,2
0.42724,0.42724,0.42724,0.42724,0.42724,0.42724
0,0,0,0,0,0
-4,-4,-4,-4,-4,-4
0.47852,0.47852,0.47852,0.47852,0.47852,0.47852
2,2,2,2,2,2
0.42162,0.42162,0.42162,0.42162,0.42162,0.42162
0,0,0,0,0,0
-3,-3,-3,-3,-3,-3
0.47852,0.47852,0.47852,0.47852,0.47852,0.47852
2,2,2,2,2,2
0.41531,0.41531,0.41531,0.41531,0.41531,0.41531
0,0,0,0,0,0
-2,-2,-2,-2,-2,-2
0.47852,0.47852,0.47852,0.47852,0.47852,0.47852
2,2,2,2,2,2
0.40874,0.40874,0.40874,0.40874,0.40874,0.40874
0,0,0,0,0,0
-1,-1,-1,-1,-1,-1
0.47852,0.47852,0.47852,0.47852,0.47852,0.47852
2,2,2,2,2,2
0.40238,0.40238,0.40238,0.40238,0.40238,0.40238
0,0,0,0,0,0
0,0,0,0,0,0
0.47852,0.47852,0.47852,0.47852,0.47852,0.47852
2,2,2,2,2,2
0.39617,0.39617,0.39617,0.39617,0.39617,0.39617
4.7558e+05,4.7558e+05,4.7558e+05,4.7558e+05,4.7558e+05,4.7558e+05
1,1,1,1,1,1
0.47852,0.47852,0.47852,0.47852,0.47852,0.47852
2,2,2,2,2,2
0.38994,0.38994,0.38994,0.38994,0.38994,0.38994
3.8047e+06,3.8047e+06,3.8047e+06,3.8047e+06,3.8047e+06,3.8047e+06
2,2,2,2,2,2
0.47852,0.47852,0.47852,0.47852,0.47852,0.47852
2,2,2,2,2,2
0.39303,0.39303,0.39303,0.39303,0.39303,0.39303
4.3992e+06,4.3992e+06,4.3992e+06,4.3992e+06,4.3992e+06,4.3992e+06
3,3,3,3,3,3
0.47852,0.47852,0.47852,0.47852,0.47852,0.47852
2,2,2,2,2,2
0.34688,0.34688,0.34688,0.34688,0.34688,0.34688
5.707e+06,5.707e+06,5.707e+06,5.707e+06,5.707e+06,5.707e+06
4,4,4,4,4,4
0.47852,0.47852,0.47852,0.47852,0.47852,0.47852
2,2,2,2,2,2
0.34998,0.34998,0.34998,0.34998,0.34998,0.34998
6.6582e+06,6.6582e+06,6.6582e+06,6.6582e+06,6.6582e+06,6.6582e+06
5,5,5,5,5,5
0.47852,0.47852,0.47852,0.47852,0.47852,0.47852
2,2,2,2,2,2
0.28758,0.28758,0.28758,0.28758,0.28758,0.28758
9.5117e+06,9.5117e+06,9.5117e+06,9.5117e+06,9.5117e+06,9.5117e+06
6,6,6,6,6,6
0.47852,0.47852,0.47852,0.47852,0.47852,0.47852
2,2,2,2,2,2
0.26701,0.26701,0.26701,0.26701,0.26701,0.26701
9.5117e+06,9.5117e+06,9.5117e+06,9.5117e+06,9.5117e+06,9.5117e+06
7,7,7,7,7,7
0.47852,0.47852,0.47852,0.47852,0.47852,0.47852
2,2,2,2,2,2
0.24634,0.24634,0.24634,0.24634,0.24634,0.24634
9.5117e+06,9.5117e+06,9.5117e+06,9.5117e+06,9.5117e+06,9.5117e+06
8,8,8,8,8,8
0.47852,0.47852,0.47852,0.47852,0.47852,0.47852
2,2,2,2,2,2
0.23613,0.23613,0.23613,0.23613,0.23613,0.23613
9.5117e+06,9.5117e+06,9.5117e+06,9.5117e+06,9.5117e+06,9.5117e+06
9,9,9,9,9,9
0.47852,0.47852,0.47852,0.47852,0.47852,0.47852
2,2,2,2,2,2
0.23445,0.23445,0.23445,0.23445,0.23445,0.23445
9.5117e+06,9.5117e+06,9.5117e+06,9.5117e+06,9.5117e+06,9.5117e+06
10,10,10,10,10,10
0.47852,0.47852,0.47852,0.47852,0.47852,0.47852
2,2,2,2,2,2
0.068715,0.068715,0.068715,0.068715,0.068715,0.068715
1.5813e+07,1.5813e+07,1.5813e+07,1.5813e+07,1.5813e+07,1.5813e+07
11,11,11,11,11,11
0.47852,0.47852,0.47852,0.47852,0.47852,0.47852
2,2,2,2,2,2
0,0,0,0,0,0
1.9023e+07,1.9023e+07,1.9023e+07,1.9023e+07,1.9023e+07,1.9023e+07
12,12,12,12,12,12
0.47852,0.47852,0.47852,0.47852,0.47852,0.47852
2,2,2,2,2,2
0,0,0,0,0,0
1.9023e+07,1.9023e+07,1.9023e+07,1.9023e+07,1.9023e+07,1.9023e+07
13,13,13,13,13,13
0.47852,0.47852,0.47852,0.47852,0.47852,0.47852
2,2,2,2,2,2
0,0,0,0,0,0
1.9023e+07,1.9023e+07,1.9023e+07,1.9023e+07,1.9023e+07,1.9023e+07
14,14,14,14,14,14
0.47852,0.47852,0.47852,0.47852,0.47852,0.47852
2,2,2,2,2,2
0,0,0,0,0,0
1.9023e+07,1.9023e+07,1.9023e+07,1.9023e+07,1.9023e+07,1.9023e+07
15,15,15,15,15,15
0.47852,0.47852,0.47852,0.47852,0.47852,0.47852
2,2,2,2,2,2
0,0,0,0,0,0
1.9023e+07,1.9023e+07,1.9023e+07,1.9023e+07,1.9023e+07,1.9023e+07
16,16,16,16,16,16
0.47852,0.47852,0.47852,0.47852,0.47852,0.47852
2,2,2,2,2,2
0,0,0,0,0,0
1.9023e+07,1.9023e+07,1.9023e+07,1.9023e+07,1.9023e+07,1.9023e+07
17,17,17,17,17,17
0.47852,0.47852,0.47852,0.47852,0.47852,0.47852
2,2,2,2,2,2
0,0,0,0,0,0
1.9023e+07,1.9023e+07,1.9023e+07,1.9023e+07,1.9023e+07,1.9023e+07
18,18,18,18,18,18
0.47852,0.47852,0.47852,0.47852,0.47852,0.47852
2,2,2,2,2,2
0,0,0,0,0,0
1.9023e+07,1.9023e+07,1.9023e+07,1.9023e+07,1.9023e+07,1.9023e+07
19,19,19,19,19,19
0.47852,0.47852,0.47852,0.47852,0.47852,0.47852
2,2,2,2,2,2
0,0,0,0,0,0
1.9023e+07,1.9023e+07,1.9023e+07,1.9023e+07,1.9023e+07,1.9023e+07
20,20,20,20,20,20
0.47852,0.47852,0.47852,0.47852,0.47852,0.47852
2,2,2,2,2,2
0,0,0,0,0,0
1.9023e+07,1.9023e+07,1.9023e+07,1.9023e+07,1.9023e+07,1.9023e+07
21,21,21,21,21,21
0.47852,0.47852,0.47852,0.47852,0.47852,0.47852
2,2,2,2,2,2
0,0,0,0,0,0
1.9023e+07,1.9023e+07,1.9023e+07,1.9023e+07,1.9023e+07,1.9023e+07
22,22,22,22,22,22
0.47852,0.47852,0.47852,0.47852,0.47852,0.47852
2,2,2,2,2,2
0,0,0,0,0,0
1.9023e+07,1.9023e+07,1.9023e+07,1.9023e+07,1.9023e+07,1.9023e+07
23,23,23,23,23,23
0.47852,0.47852,0.47852,0.47852,0.47852,0.47852
2,2,2,2,2,2
0.0031382,0.0031382,0.0031382,0.0031382,0.0031382,0.0031382
1.8904e+07,1.8904e+07,1.8904e+07,1.8904e+07,1.8904e+07,1.8904e+07
24,24,24,24,24,24
0.47852,0.47852,0.47852,0.47852,0.47852,0.47852
2,2,2,2,2,2
0.0031382,0.0031382,0.0031382,0.0031382,0.0031382,0.0031382
1.8904e+07,1.8904e+07,1.8904e+07,1.8904e+07,1.8904e+07,1.8904e+07
25,25,25,25,25,25
0.47852,0.47852,0.47852,0.47852,0.47852,0.47852
2,2,2,2,2,2
0.0031382,0.0031382,0.0031382,0.0031382,0.0031382,0.0031382
1.8904e+07,1.8904e+07,1.8904e+07,1.8904e+07,1.8904e+07,1.8904e+07
26,26,26,26,26,26
0.47852,0.47852,0.47852,0.47852,0.47852,0.47852
2,2,2,2,2,2
0.0093969,0.0093969,0.0093969,0.0093969,0.0093969,0.0093969
1.8667e+07,1.8667e+07,1.8667e+07,1.8667e+07,1.8667e+07,1.8667e+07
27,27,27,27,27,27
0.47852,0.47852,0.47852,0.47852,0.47852,0.47852
2,2,2,2,2,2
0.012525,0.012525,0.012525,0.012525,0.012525,0.012525
1.8548e+07,1.8548e+07,1.8548e+07,1.8548e+07,1.8548e+07,1.8548e+07
28,28,28,28,28,28
0.47852,0.47852,0.47852,0.47852,0.47852,0.47852
2,2,2,2,2,2
0.015654,0.015654,0.015654,0.015654,0.015654,0.015654
1.8429e+07,1.8429e+07,1.8429e+07,1.8429e+07,1.8429e+07,1.8429e+07
29,29,29,29,29,29
0.47852,0.47852,0.47852,0.47852,0.47852,0.47852
2,2,2,2,2,2
0.015654,0.015654,0.015654,0.015654,0.015654,0.015654
1.8429e+07,1.8429e+07,1.8429e+07,1.8429e+07,1.8429e+07,1.8429e+07
30,30,30,30,30,30
0.47852,0.47852,0.47852,0.47852,0.47852,0.47852
2,2,2,2,2,2
0.018769,0.018769,0.018769,0.018769,0.018769,0.018769
1.831e+07,1.831e+07,1.831e+07,1.831e+07,1.831e+07,1.831e+07
31,31,31,31,31,31
0.47852,0.47852,0.47852,0.47852,0.47852,0.47852
2,2,2,2,2,2
0.018769,0.018769,0.018769,0.018769,0.018769,0.018769
1.831e+07,1.831e+07,1.831e+07,1.831e+07,1.831e+07,1.831e+07
32,32,32,32,32,32
0.47852,0.47852,0.47852,0.47852,0.47852,0.47852
2,2,2,2,2,2
0.018769,0.018769,0.018769,0.018769,0.018769,0.018769
1.831e+07,1.831e+07,1.831e+07,1.831e+07,1.831e+07,1.831e+07
33,33,33,33,33,33
0.47852,0.47852,0.47852,0.47852,0.47852,0.47852
2,2,2,2,2,2
0.018769,0.018769,0.018769,0.018769,0.018769,0.018769
1.831e+07,1.831e+07,1.831e+07,1.831e+07,1.831e+07,1.831e+07
34,34,34,34,34,34
0.47852,0.47852,0.47852,0.47852,0.47852,0.47852
2,2,2,2,2,2
0.01877,0.01877,0.01877,0.01877,0.01877,0.01877
1.831e+07,1.831e+07,1.831e+07,1.831e+07,1.831e+07,1.831e+07
35,35,35,35,35,35
0.47852,0.47852,0.47852,0.47852,0.47852,0.47852
2,2,2,2,2,2
0.01877,0.01877,0.01877,0.01877,0.01877,0.01877
1.831e+07,1.831e+07,1.831e+07,1.831e+07,1.831e+07,1.831e+07
36,36,36,36,36,36
0.47852,0.47852,0.47852,0.47852,0.47852,0.47852
2,2,2,2,2,2
0.01877,0.01877,0.01877,0.01877,0.01877,0.01877
1.831e+07,1.831e+07,1.831e+07,1.831e+07,1.831e+07,1.831e+07
37,37,37,37,37,37
0.47852,0.47852,0.47852,0.47852,0.47852,0.47852
2,2,2,2,2,2
0.01877,0.01877,0.01877,0.01877,0.01877,0.01877
1.831e+07,1.831e+07,1.831e+07,1.831e+07,1.831e+07,1.831e+07
38,38,38,38,38,38
0.47852,0.47852,0.47852,0.47852,0.47852,0.47852
2,2,2,2,2,2
0.01877,0.01877,0.01877,0.01877,0.01877,0.01877
1.831e+07,1.831e+07,1.831e+07,1.831e+07,1.831e+07,1.831e+07
39,39,39,39,39,39
0.47852,0.47852,0.47852,0.47852,0.47852,0.47852
2,2,2,2,2,2
0.01877,0.01877,0.01877,0.01877,0.01877,0.01877
1.831e+07,1.831e+07,1.831e+07,1.831e+07,1.831e+07,1.831e+07
40,40,40,40,40,40
0.47852,0.47852,0.47852,0.47852,0.47852,0.47852
2,2,2,2,2,2
0.45897,0.45897,0.45897,0.45897,0.45897,0.45897
0,0,0,0,0,0
-10,-10,-10,-10,-10,-10
0.53711,0.53711,0.53711,0.53711,0.53711,0.53711
2,2,2,2,2,2
0.45461,0.45461,0.45461,0.45461,0.45461,0.45461
0,0,0,0,0,0
-9,-9,-9,-9,-9,-9
0.53711,0.53711,0.53711,0.53711,0.53711,0.53711
2,2,2,2,2,2
0.45007,0.45007,0.45007,0.45007,0.45007,0.45007
0,0,0,0,0,0
-8,-8,-8,-8,-8,-8
0.53711,0.53711,0.53711,0.53711,0.53711,0.53711
2,2,2,2,2,2
0.44542,0.44542,0.44542,0.44542,0.44542,0.44542
0,0,0,0,0,0
-7,-7,-7,-7,-7,-7
0.53711,0.53711,0.53711,0.53711,0.53711,0.53711
2,2,2,2,2,2
0.44071,0.44071,0.44071,0.44071,0.44071,0.44071
0,0,0,0,0,0
-6,-6,-6,-6,-6,-6
0.53711,0.53711,0.53711,0.53711,0.53711,0.53711
2,2,2,2,2,2
0.43583,0.43583,0.43583,0.43583,0.43583,0.43583
0,0,0,0,0,0
-5,-5,-5,-5,-5,-5
0.53711,0.53711,0.53711,0.53711,0.53711,0.53711
2,2,2,2,2,2
0.43088,0.43088,0.43088,0.43088,0.43088,0.43088
0,0,0,0,0,0
-4,-4,-4,-4,-4,-4
0.53711,0.53711,0.53711,0.53711,0.53711,0.53711
2,2,2,2,2,2
0.42561,0.42561,0.42561,0.42561,0.42561,0.42561
0,0,0,0,0,0
-3,-3,-3,-3,-3,-3
0.53711,0.53711,0.53711,0.53711,0.53711,0.53711
2,2,2,2,2,2
0.41999,0.41999,0.41999,0.41999,0.41999,0.41999
0,0,0,0,0,0
-2,-2,-2,-2,-2,-2
0.53711,0.53711,0.53711,0.53711,0.53711,0.53711
2,2,2,2,2,2
0.41366,0.41366,0.41366,0.41366,0.41366,0.41366
0,0,0,0,0,0
-1,-1,-1,-1,-1,-1
0.53711,0.53711,0.53711,0.53711,0.53711,0.53711
2,2,2,2,2,2
0.40736,0.40736,0.40736,0.40736,0.40736,0.40736
0,0,0,0,0,0
0,0,0,0,0,0
0.53711,0.53711,0.53711,0.53711,0.53711,0.53711
2,2,2,2,2,2
0.40133,0.40133,0.40133,0.40133,0.40133,0.40133
0,0,0,0,0,0
1,1,1,1,1,1
0.53711,0.53711,0.53711,0.53711,0.53711,0.53711
2,2,2,2,2,2
0.39523,0.39523,0.39523,0.39523,0.39523,0.39523
2.23e+06,2.23e+06,2.23e+06,2.23e+06,2.23e+06,2.23e+06
2,2,2,2,2,2
0.53711,0.53711,0.53711,0.53711,0.53711,0.53711
2,2,2,2,2,2
0.38898,0.38898,0.38898,0.38898,0.38898,0.38898
4.0665e+06,4.0665e+06,4.0665e+06,4.0665e+06,4.0665e+06,4.0665e+06
3,3,3,3,3,3
0.53711,0.53711,0.53711,0.53711,0.53711,0.53711
2,2,2,2,2,2
0.37605,0.37605,0.37605,0.37605,0.37605,0.37605
5.9029e+06,5.9029e+06,5.9029e+06,5.9029e+06,5.9029e+06,5.9029e+06
4,4,4,4,4,4
0.53711,0.53711,0.53711,0.53711,0.53711,0.53711
2,2,2,2,2,2
0.3463,0.3463,0.3463,0.3463,0.3463,0.3463
6.2964e+06,6.2964e+06,6.2964e+06,6.2964e+06,6.2964e+06,6.2964e+06
5,5,5,5,5,5
0.53711,0.53711,0.53711,0.53711,0.53711,0.53711
2,2,2,2,2,2
0.33192,0.33192,0.33192,0.33192,0.33192,0.33192
8.3953e+06,8.3953e+06,8.3953e+06,8.3953e+06,8.3953e+06,8.3953e+06
6,6,6,6,6,6
0.53711,0.53711,0.53711,0.53711,0.53711,0.53711
2,2,2,2,2,2
0.28958,0.28958,0.28958,0.28958,0.28958,0.28958
1.0494e+07,1.0494e+07,1.0494e+07,1.0494e+07,1.0494e+07,1.0494e+07
7,7,7,7,7,7
0.53711,0.53711,0.53711,0.53711,0.53711,0.53711
2,2,2,2,2,2
0.27157,0.27157,0.27157,0.27157,0.27157,0.27157
1.0494e+07,1.0494e+07,1.0494e+07,1.0494e+07,1.0494e+07,1.0494e+07
8,8,8,8,8,8
0.53711,0.53711,0.53711,0.53711,0.53711,0.53711
2,2,2,2,2,2
0.2517,0.2517,0.2517,0.2517,0.2517,0.2517
1.0494e+07,1.0494e+07,1.0494e+07,1.0494e+07,1.0494e+07,1.0494e+07
9,9,9,9,9,9
0.53711,0.53711,0.53711,0.53711,0.53711,0.53711
2,2,2,2,2,2
0.23829,0.23829,0.23829,0.23829,0.23829,0.23829
1.0494e+07,1.0494e+07,1.0494e+07,1.0494e+07,1.0494e+07,1.0494e+07
10,10,10,10,10,10
0.53711,0.53711,0.53711,0.53711,0.53711,0.53711
2,2,2,2,2,2
0.23482,0.23482,0.23482,0.23482,0.23482,0.23482
1.0494e+07,1.0494e+07,1.0494e+07,1.0494e+07,1.0494e+07,1.0494e+07
11,11,11,11,11,11
0.53711,0.53711,0.53711,0.53711,0.53711,0.53711
2,2,2,2,2,2
0.14996,0.14996,0.14996,0.14996,0.14996,0.14996
1.3511e+07,1.3511e+07,1.3511e+07,1.3511e+07,1.3511e+07,1.3511e+07
12,12,12,12,12,12
0.53711,0.53711,0.53711,0.53711,0.53711,0.53711
2,2,2,2,2,2
0.0031311,0.0031311,0.0031311,0.0031311,0.0031311,0.0031311
2.0595e+07,2.0595e+07,2.0595e+07,2.0595e+07,2.0595e+07,2.0595e+07
13,13,13,13,13,13
0.53711,0.53711,0.53711,0.53711,0.53711,0.53711
2,2,2,2,2,2
0,0,0,0,0,0
2.0988e+07,2.0988e+07,2.0988e+07,2.0988e+07,2.0988e+07,2.0988e+07
14,14,14,14,14,14
0.53711,0.53711,0.53711,0.53711,0.53711,0.53711
2,2,2,2,2,2
0,0,0,0,0,0
2.0988e+07,2.0988e+07,2.0988e+07,2.0988e+07,2.0988e+07,2.0988e+07
15,15,15,15,15,15
0.53711,0.53711,0.53711,0.53711,0.53711,0.53711
2,2,2,2,2,2
0,0,0,0,0,0
2.0988e+07,2.0988e+07,2.0988e+07,2.0988e+07,2.0988e+07,2.0988e+07
16,16,16,16,16,16
0.53711,0.53711,0.53711,0.53711,0.53711,0.53711
2,2,2,2,2,2
0,0,0,0,0,0
2.0988e+07,2.0988e+07,2.0988e+07,2.0988e+07,2.0988e+07,2.0988e+07
17,17,17,17,17,17
0.53711,0.53711,0.53711,0.53711,0.53711,0.53711
2,2,2,2,2,2
0,0,0,0,0,0
2.0988e+07,2.0988e+07,2.0988e+07,2.0988e+07,2.0988e+07,2.0988e+07
18,18,18,18,18,18
0.53711,0.53711,0.53711,0.53711,0.53711,0.53711
2,2,2,2,2,2
0,0,0,0,0,0
2.0988e+07,2.0988e+07,2.0988e+07,2.0988e+07,2.0988e+07,2.0988e+07
19,19,19,19,19,19
0.53711,0.53711,0.53711,0.53711,0.53711,0.53711
2,2,2,2,2,2
0,0,0,0,0,0
2.0988e+07,2.0988e+07,2.0988e+07,2.0988e+07,2.0988e+07,2.0988e+07
20,20,20,20,20,20
0.53711,0.53711,0.53711,0.53711,0.53711,0.53711
2,2,2,2,2,2
0,0,0,0,0,0
2.0988e+07,2.0988e+07,2.0988e+07,2.0988e+07,2.0988e+07,2.0988e+07
21,21,21,21,21,21
0.53711,0.53711,0.53711,0.53711,0.53711,0.53711
2,2,2,2,2,2
0,0,0,0,0,0
2.0988e+07,2.0988e+07,2.0988e+07,2.0988e+07,2.0988e+07,2.0988e+07
22,22,22,22,22,22
0.53711,0.53711,0.53711,0.53711,0.53711,0.53711
2,2,2,2,2,2
0.0031398,0.0031398,0.0031398,0.0031398,0.0031398,0.0031398
2.0857e+07,2.0857e+07,2.0857e+07,2.0857e+07,2.0857e+07,2.0857e+07
23,23,23,23,23,23
0.53711,0.53711,0.53711,0.53711,0.53711,0.53711
2,2,2,2,2,2
0.0031399,0.0031399,0.0031399,0.0031399,0.0031399,0.0031399
2.0857e+07,2.0857e+07,2.0857e+07,2.0857e+07,2.0857e+07,2.0857e+07
24,24,24,24,24,24
0.53711,0.53711,0.53711,0.53711,0.53711,0.53711
2,2,2,2,2,2
0.0062684,0.0062684,0.0062684,0.0062684,0.0062684,0.0062684
2.0726e+07,2.0726e+07,2.0726e+07,2.0726e+07,2.0726e+07,2.0726e+07
25,25,25,25,25,25
0.53711,0.53711,0.53711,0.53711,0.53711,0.53711
2,2,2,2,2,2
0.0062684,0.0062684,0.0062684,0.0062684,0.0062684,0.0062684
2.0726e+07,2.0726e+07,2.0726e+07,2.0726e+07,2.0726e+07,2.0726e+07
26,26,26,26,26,26
0.53711,0.53711,0.53711,0.53711,0.53711,0.53711
2,2,2,2,2,2
0.0093572,0.0093572,0.0093572,0.0093572,0.0093572,0.0093572
2.0595e+07,2.0595e+07,2.0595e+07,2.0595e+07,2.0595e+07,2.0595e+07
27,27,27,27,27,27
0.53711,0.53711,0.53711,0.53711,0.53711,0.53711
2,2,2,2,2,2
0.012506,0.012506,0.012506,0.012506,0.012506,0.012506
2.0463e+07,2.0463e+07,2.0463e+07,2.0463e+07,2.0463e+07,2.0463e+07
28,28,28,28,28,28
0.53711,0.53711,0.53711,0.53711,0.53711,0.53711
2,2,2,2,2,2
0.012506,0.012506,0.012506,0.012506,0.012506,0.012506
2.0463e+07,2.0463e+07,2.0463e+07,2.0463e+07,2.0463e+07,2.0463e+07
29,29,29,29,29,29
0.53711,0.53711,0.53711,0.53711,0.53711,0.53711
2,2,2,2,2,2
0.018789,0.018789,0.018789,0.018789,0.018789,0.018789
2.0201e+07,2.0201e+07,2.0201e+07,2.0201e+07,2.0201e+07,2.0201e+07
30,30,30,30,30,30
0.53711,0.53711,0.53711,0.53711,0.53711,0.53711
2,2,2,2,2,2
0.018789,0.018789,0.018789,0.018789,0.018789,0.018789
2.0201e+07,2.0201e+07,2.0201e+07,2.0201e+07,2.0201e+07,2.0201e+07
31,31,31,31,31,31
0.53711,0.53711,0.53711,0.53711,0.53711,0.53711
2,2,2,2,2,2
0.018789,0.018789,0.018789,0.018789,0.018789,0.018789
2.0201e+07,2.0201e+07,2.0201e+07,2.0201e+07,2.0201e+07,2.0201e+07
32,32,32,32,32,32
0.53711,0.53711,0.53711,0.53711,0.53711,0.53711
2,2,2,2,2,2
0.018789,0.018789,0.018789,0.018789,0.018789,0.018789
2.0201e+07,2.0201e+07,2.0201e+07,2.0201e+07,2.0201e+07,2.0201e+07
33,33,33,33,33,33
0.53711,0.53711,0.53711,0.53711,0.53711,0.53711
2,2,2,2,2,2
0.018789,0.018789,0.018789,0.018789,0.018789,0.018789
2.0201e+07,2.0201e+07,2.0201e+07,2.0201e+07,2.0201e+07,2.0201e+07
34,34,34,34,34,34
0.53711,0.53711,0.53711,0.53711,0.53711,0.53711
2,2,2,2,2,2
0.018789,0.018789,0.018789,0.018789,0.018789,0.018789
2.0201e+07,2.0201e+07,2.0201e+07,2.0201e+07,2.0201e+07,2.0201e+07
35,35,35,35,35,35
0.53711,0.53711,0.53711,0.53711,0.53711,0.53711
2,2,2,2,2,2
0.018789,0.018789,0.018789,0.018789,0.018789,0.018789
2.0201e+07,2.0201e+07,2.0201e+07,2.0201e+07,2.0201e+07,2.0201e+07
36,36,36,36,36,36
0.53711,0.53711,0.53711,0.53711,0.53711,0.53711
2,2,2,2,2,2
0.018789,0.018789,0.018789,0.018789,0.018789,0.018789
2.0201e+07,2.0201e+07,2.0201e+07,2.0201e+07,2.0201e+07,2.0201e+07
37,37,37,37,37,37
0.53711,0.53711,0.53711,0.53711,0.53711,0.53711
2,2,2,2,2,2
0.018789,0.018789,0.018789,0.018789,0.018789,0.018789
2.0201e+07,2.0201e+07,2.0201e+07,2.0201e+07,2.0201e+07,2.0201e+07
38,38,38,38,38,38
0.53711,0.53711,0.53711,0.53711,0.53711,0.53711
2,2,2,2,2,2
0.018789,0.018789,0.018789,0.018789,0.018789,0.018789
2.0201e+07,2.0201e+07,2.0201e+07,2.0201e+07,2.0201e+07,2.0201e+07
39,39,39,39,39,39
0.53711,0.53711,0.53711,0.53711,0.53711,0.53711
2,2,2,2,2,2
0.018789,0.018789,0.018789,0.018789,0.018789,0.018789
2.0201e+07,2.0201e+07,2.0201e+07,2.0201e+07,2.0201e+07,2.0201e+07
40,40,40,40,40,40
0.53711,0.53711,0.53711,0.53711,0.53711,0.53711
2,2,2,2,2,2
0.46192,0.46192,0.46192,0.46192,0.46192,0.46192
0,0,0,0,0,0
-10,-10,-10,-10,-10,-10
0.60547,0.60547,0.60547,0.60547,0.60547,0.60547
2,2,2,2,2,2
0.45769,0.45769,0.45769,0.45769,0.45769,0.45769
0,0,0,0,0,0
-9,-9,-9,-9,-9,-9
0.60547,0.60547,0.60547,0.60547,0.60547,0.60547
2,2,2,2,2,2
0.45333,0.45333,0.45333,0.45333,0.45333,0.45333
0,0,0,0,0,0
-8,-8,-8,-8,-8,-8
0.60547,0.60547,0.60547,0.60547,0.60547,0.60547
2,2,2,2,2,2
0.44884,0.44884,0.44884,0.44884,0.44884,0.44884
0,0,0,0,0,0
-7,-7,-7,-7,-7,-7
0.60547,0.60547,0.60547,0.60547,0.60547,0.60547
2,2,2,2,2,2
0.4442,0.4442,0.4442,0.4442,0.4442,0.4442
0,0,0,0,0,0
-6,-6,-6,-6,-6,-6
0.60547,0.60547,0.60547,0.60547,0.60547,0.60547
2,2,2,2,2,2
0.43946,0.43946,0.43946,0.43946,0.43946,0.43946
0,0,0,0,0,0
-5,-5,-5,-5,-5,-5
0.60547,0.60547,0.60547,0.60547,0.60547,0.60547
2,2,2,2,2,2
0.43467,0.43467,0.43467,0.43467,0.43467,0.43467
0,0,0,0,0,0
-4,-4,-4,-4,-4,-4
0.60547,0.60547,0.60547,0.60547,0.60547,0.60547
2,2,2,2,2,2
0.42969,0.42969,0.42969,0.42969,0.42969,0.42969
0,0,0,0,0,0
-3,-3,-3,-3,-3,-3
0.60547,0.60547,0.60547,0.60547,0.60547,0.60547
2,2,2,2,2,2
0.42433,0.42433,0.42433,0.42433,0.42433,0.42433
0,0,0,0,0,0
-2,-2,-2,-2,-2,-2
0.60547,0.60547,0.60547,0.60547,0.60547,0.60547
2,2,2,2,2,2
0.41854,0.41854,0.41854,0.41854,0.41854,0.41854
0,0,0,0,0,0
-1,-1,-1,-1,-1,-1
0.60547,0.60547,0.60547,0.60547,0.60547,0.60547
2,2,2,2,2,2
0.41246,0.41246,0.41246,0.41246,0.41246,0.41246
0,0,0,0,0,0
0,0,0,0,0,0
0.60547,0.60547,0.60547,0.60547,0.60547,0.60547
2,2,2,2,2,2
0.40635,0.40635,0.40635,0.40635,0.40635,0.40635
0,0,0,0,0,0
1,1,1,1,1,1
0.60547,0.60547,0.60547,0.60547,0.60547,0.60547
2,2,2,2,2,2
0.40045,0.40045,0.40045,0.40045,0.40045,0.40045
0,0,0,0,0,0
2,2,2,2,2,2
0.60547,0.60547,0.60547,0.60547,0.60547,0.60547
2,2,2,2,2,2
0.39464,0.39464,0.39464,0.39464,0.39464,0.39464
3.1838e+06,3.1838e+06,3.1838e+06,3.1838e+06,3.1838e+06,3.1838e+06
3,3,3,3,3,3
0.60547,0.60547,0.60547,0.60547,0.60547,0.60547
2,2,2,2,2,2
0.38876,0.38876,0.38876,0.38876,0.38876,0.38876
4.8515e+06,4.8515e+06,4.8515e+06,4.8515e+06,4.8515e+06,4.8515e+06
4,4,4,4,4,4
0.60547,0.60547,0.60547,0.60547,0.60547,0.60547
2,2,2,2,2,2
0.39141,0.39141,0.39141,0.39141,0.39141,0.39141
6.6708e+06,6.6708e+06,6.6708e+06,6.6708e+06,6.6708e+06,6.6708e+06
5,5,5,5,5,5
0.60547,0.60547,0.60547,0.60547,0.60547,0.60547
2,2,2,2,2,2
0.34806,0.34806,0.34806,0.34806,0.34806,0.34806
7.2772e+06,7.2772e+06,7.2772e+06,7.2772e+06,7.2772e+06,7.2772e+06
6,6,6,6,6,6
0.60547,0.60547,0.60547,0.60547,0.60547,0.60547
2,2,2,2,2,2
0.32419,0.32419,0.32419,0.32419,0.32419,0.32419
1.0158e+07,1.0158e+07,1.0158e+07,1.0158e+07,1.0158e+07,1.0158e+07
7,7,7,7,7,7
0.60547,0.60547,0.60547,0.60547,0.60547,0.60547
2,2,2,2,2,2
0.29812,0.29812,0.29812,0.29812,0.29812,0.29812
1.2129e+07,1.2129e+07,1.2129e+07,1.2129e+07,1.2129e+07,1.2129e+07
8,8,8,8,8,8
0.60547,0.60547,0.60547,0.60547,0.60547,0.60547
2,2,2,2,2,2
0.28657,0.28657,0.28657,0.28657,0.28657,0.28657
1.2129e+07,1.2129e+07,1.2129e+07,1.2129e+07,1.2129e+07,1.2129e+07
9,9,9,9,9,9
0.60547,0.60547,0.60547,0.60547,0.60547,0.60547
2,2,2,2,2,2
0.27277,0.27277,0.27277,0.27277,0.27277,0.27277
1.2129e+07,1.2129e+07,1.2129e+07,1.2129e+07,1.2129e+07,1.2129e+07
10,10,10,10,10,10
0.60547,0.60547,0.60547,0.60547,0.60547,0.60547
2,2,2,2,2,2
0.25656,0.25656,0.25656,0.25656,0.25656,0.25656
1.2129e+07,1.2129e+07,1.2129e+07,1.2129e+07,1.2129e+07,1.2129e+07
11,11,11,11,11,11
0.60547,0.60547,0.60547,0.60547,0.60547,0.60547
2,2,2,2,2,2
0.24131,0.24131,0.24131,0.24131,0.24131,0.24131
1.2129e+07,1.2129e+07,1.2129e+07,1.2129e+07,1.2129e+07,1.2129e+07
12,12,12,12,12,12
0.60547,0.60547,0.60547,0.60547,0.60547,0.60547
2,2,2,2,2,2
0.235,0.235,0.235,0.235,0.235,0.235
1.2129e+07,1.2129e+07,1.2129e+07,1.2129e+07,1.2129e+07,1.2129e+07
13,13,13,13,13,13
0.60547,0.60547,0.60547,0.60547,0.60547,0.60547
2,2,2,2,2,2
0.21251,0.21251,0.21251,0.21251,0.21251,0.21251
1.2887e+07,1.2887e+07,1.2887e+07,1.2887e+07,1.2887e+07,1.2887e+07
14,14,14,14,14,14
0.60547,0.60547,0.60547,0.60547,0.60547,0.60547
2,2,2,2,2,2
0.018752,0.018752,0.018752,0.018752,0.018752,0.018752
2.2286e+07,2.2286e+07,2.2286e+07,2.2286e+07,2.2286e+07,2.2286e+07
15,15,15,15,15,15
0.60547,0.60547,0.60547,0.60547,0.60547,0.60547
2,2,2,2,2,2
0,0,0,0,0,0
2.4257e+07,2.4257e+07,2.4257e+07,2.4257e+07,2.4257e+07,2.4257e+07
16,16,16,16,16,16
0.60547,0.60547,0.60547,0.60547,0.60547,0.60547
2,2,2,2,2,2
0,0,0,0,0,0
2.4257e+07,2.4257e+07,2.4257e+07,2.4257e+07,2.4257e+07,2.4257e+07
17,17,17,17,17,17
0.60547,0.60547,0.60547,0.60547,0.60547,0.60547
2,2,2,2,2,2
0,0,0,0,0,0
2.4257e+07,2.4257e+07,2.4257e+07,2.4257e+07,2.4257e+07,2.4257e+07
18,18,18,18,18,18
0.60547,0.60547,0.60547,0.60547,0.60547,0.60547
2,2,2,2,2,2
0,0,0,0,0,0
2.4257e+07,2.4257e+07,2.4257e+07,2.4257e+07,2.4257e+07,2.4257e+07
19,19,19,19,19,19
0.60547,0.60547,0.60547,0.60547,0.60547,0.60547
2,2,2,2,2,2
0,0,0,0,0,0
2.4257e+07,2.4257e+07,2.4257e+07,2.4257e+07,2.4257e+07,2.4257e+07
20,20,20,20,20,20
0.60547,0.60547,0.60547,0.60547,0.60547,0.60547
2,2,2,2,2,2
0,0,0,0,0,0
2.4257e+07,2.4257e+07,2.4257e+07,2.4257e+07,2.4257e+07,2.4257e+07
21,21,21,21,21,21
0.60547,0.60547,0.60547,0.60547,0.60547,0.60547
2,2,2,2,2,2
0,0,0,0,0,0
2.4257e+07,2.4257e+07,2.4257e+07,2.4257e+07,2.4257e+07,2.4257e+07
22,22,22,22,22,22
0.60547,0.60547,0.60547,0.60547,0.60547,0.60547
2,2,2,2,2,2
0.0031205,0.0031205,0.0031205,0.0031205,0.0031205,0.0031205
2.4106e+07,2.4106e+07,2.4106e+07,2.4106e+07,2.4106e+07,2.4106e+07
23,23,23,23,23,23
0.60547,0.60547,0.60547,0.60547,0.60547,0.60547
2,2,2,2,2,2
0.0031205,0.0031205,0.0031205,0.0031205,0.0031205,0.0031205
2.4106e+07,2.4106e+07,2.4106e+07,2.4106e+07,2.4106e+07,2.4106e+07
24,24,24,24,24,24
0.60547,0.60547,0.60547,0.60547,0.60547,0.60547
2,2,2,2,2,2
0.0062455,0.0062455,0.0062455,0.0062455,0.0062455,0.0062455
2.3954e+07,2.3954e+07,2.3954e+07,2.3954e+07,2.3954e+07,2.3954e+07
25,25,25,25,25,25
0.60547,0.60547,0.60547,0.60547,0.60547,0.60547
2,2,2,2,2,2
0.0062456,0.0062456,0.0062456,0.0062456,0.0062456,0.0062456
2.3954e+07,2.3954e+07,2.3954e+07,2.3954e+07,2.3954e+07,2.3954e+07
26,26,26,26,26,26
0.60547,0.60547,0.60547,0.60547,0.60547,0.60547
2,2,2,2,2,2
0.0093676,0.0093676,0.0093676,0.0093676,0.0093676,0.0093676
2.3802e+07,2.3802e+07,2.3802e+07,2.3802e+07,2.3802e+07,2.3802e+07
27,27,27,27,27,27
0.60547,0.60547,0.60547,0.60547,0.60547,0.60547
2,2,2,2,2,2
0.0093676,0.0093676,0.0093676,0.0093676,0.0093676,0.0093676
2.3802e+07,2.3802e+07,2.3802e+07,2.3802e+07,2.3802e+07,2.3802e+07
28,28,28,28,28,28
0.60547,0.60547,0.60547,0.60547,0.60547,0.60547
2,2,2,2,2,2
0.012491,0.012491,0.012491,0.012491,0.012491,0.012491
2.3651e+07,2.3651e+07,2.3651e+07,2.3651e+07,2.3651e+07,2.3651e+07
29,29,29,29,29,29
0.60547,0.60547,0.60547,0.60547,0.60547,0.60547
2,2,2,2,2,2
0.012491,0.012491,0.012491,0.012491,0.012491,0.012491
2.3651e+07,2.3651e+07,2.3651e+07,2.3651e+07,2.3651e+07,2.3651e+07
30,30,30,30,30,30
0.60547,0.60547,0.60547,0.60547,0.60547,0.60547
2,2,2,2,2,2
0.015606,0.015606,0.015606,0.015606,0.015606,0.015606
2.3499e+07,2.3499e+07,2.3499e+07,2.3499e+07,2.3499e+07,2.3499e+07
31,31,31,31,31,31
0.60547,0.60547,0.60547,0.60547,0.60547,0.60547
2,2,2,2,2,2
0.018725,0.018725,0.018725,0.018725,0.018725,0.018725
2.3348e+07,2.3348e+07,2.3348e+07,2.3348e+07,2.3348e+07,2.3348e+07
32,32,32,32,32,32
0.60547,0.60547,0.60547,0.60547,0.60547,0.60547
2,2,2,2,2,2
0.018725,0.018725,0.018725,0.018725,0.018725,0.018725
2.3348e+07,2.3348e+07,2.3348e+07,2.3348e+07,2.3348e+07,2.3348e+07
33,33,33,33,33,33
0.60547,0.60547,0.60547,0.60547,0.60547,0.60547
2,2,2,2,2,2
0.018725,0.018725,0.018725,0.018725,0.018725,0.018725
2.3348e+07,2.3348e+07,2.3348e+07,2.3348e+07,2.3348e+07,2.3348e+07
34,34,34,34,34,34
0.60547,0.60547,0.60547,0.60547,0.60547,0.60547
2,2,2,2,2,2
0.018725,0.018725,0.018725,0.018725,0.018725,0.018725
2.3348e+07,2.3348e+07,2.3348e+07,2.3348e+07,2.3348e+07,2.3348e+07
35,35,35,35,35,35
0.60547,0.60547,0.60547,0.60547,0.60547,0.60547
2,2,2,2,2,2
0.018725,0.018725,0.018725,0.018725,0.018725,0.018725
2.3348e+07,2.3348e+07,2.3348e+07,2.3348e+07,2.3348e+07,2.3348e+07
36,36,36,36,36,36
0.60547,0.60547,0.60547,0.60547,0.60547,0.60547
2,2,2,2,2,2
0.018725,0.018725,0.018725,0.018725,0.018725,0.018725
2.3348e+07,2.3348e+07,2.3348e+07,2.3348e+07,2.3348e+07,2.3348e+07
37,37,37,37,37,37
0.60547,0.60547,0.60547,0.60547,0.60547,0.60547
2,2,2,2,2,2
0.018725,0.018725,0.018725,0.018725,0.018725,0.018725
2.3348e+07,2.3348e+07,2.3348e+07,2.3348e+07,2.3348e+07,2.3348e+07
38,38,38,38,38,38
0.60547,0.60547,0.60547,0.60547,0.60547,0.60547
2,2,2,2,2,2
0.018725,0.018725,0.018725,0.018725,0.018725,0.018725
2.3348e+07,2.3348e+07,2.3348e+07,2.3348e+07,2.3348e+07,2.3348e+07
39,39,39,39,39,39
0.60547,0.60547,0.60547,0.60547,0.60547,0.60547
2,2,2,2,2,2
0.018725,0.018725,0.018725,0.018725,0.018725,0.018725
2.3348e+07,2.3348e+07,2.3348e+07,2.3348e+07,2.3348e+07,2.3348e+07
40,40,40,40,40,40
0.60547,0.60547,0.60547,0.60547,0.60547,0.60547
2,2,2,2,2,2
0.46453,0.46453,0.46453,0.46453,0.46453,0.46453
0,0,0,0,0,0
-10,-10,-10,-10,-10,-10
0.70313,0.70313,0.70313,0.70313,0.70313,0.70313
2,2,2,2,2,2
0.46051,0.46051,0.46051,0.46051,0.46051,0.46051
0,0,0,0,0,0
-9,-9,-9,-9,-9,-9
0.70313,0.70313,0.70313,0.70313,0.70313,0.70313
2,2,2,2,2,2
0.45622,0.45622,0.45622,0.45622,0.45622,0.45622
0,0,0,0,0,0
-8,-8,-8,-8,-8,-8
0.70313,0.70313,0.70313,0.70313,0.70313,0.70313
2,2,2,2,2,2
0.45177,0.45177,0.45177,0.45177,0.45177,0.45177
0,0,0,0,0,0
-7,-7,-7,-7,-7,-7
0.70313,0.70313,0.70313,0.70313,0.70313,0.70313
2,2,2,2,2,2
0.44728,0.44728,0.44728,0.44728,0.44728,0.44728
0,0,0,0,0,0
-6,-6,-6,-6,-6,-6
0.70313,0.70313,0.70313,0.70313,0.70313,0.70313
2,2,2,2,2,2
0.44266,0.44266,0.44266,0.44266,0.44266,0.44266
0,0,0,0,0,0
-5,-5,-5,-5,-5,-5
0.70313,0.70313,0.70313,0.70313,0.70313,0.70313
2,2,2,2,2,2
0.43789,0.43789,0.43789,0.43789,0.43789,0.43789
0,0,0,0,0,0
-4,-4,-4,-4,-4,-4
0.70313,0.70313,0.70313,0.70313,0.70313,0.70313
2,2,2,2,2,2
0.43295,0.43295,0.43295,0.43295,0.43295,0.43295
0,0,0,0,0,0
-3,-3,-3,-3,-3,-3
0.70313,0.70313,0.70313,0.70313,0.70313,0.70313
2,2,2,2,2,2
0.42785,0.42785,0.42785,0.42785,0.42785,0.42785
0,0,0,0,0,0
-2,-2,-2,-2,-2,-2
0.70313,0.70313,0.70313,0.70313,0.70313,0.70313
2,2,2,2,2,2
0.42235,0.42235,0.42235,0.42235,0.42235,0.42235
0,0,0,0,0,0
-1,-1,-1,-1,-1,-1
0.70313,0.70313,0.70313,0.70313,0.70313,0.70313
2,2,2,2,2,2
0.41645,0.41645,0.41645,0.41645,0.41645,0.41645
0,0,0,0,0,0
0,0,0,0,0,0
0.70313,0.70313,0.70313,0.70313,0.70313,0.70313
2,2,2,2,2,2
0.4103,0.4103,0.4103,0.4103,0.4103,0.4103
0,0,0,0,0,0
1,1,1,1,1,1
0.70313,0.70313,0.70313,0.70313,0.70313,0.70313
2,2,2,2,2,2
0.40406,0.40406,0.40406,0.40406,0.40406,0.40406
0,0,0,0,0,0
2,2,2,2,2,2
0.70313,0.70313,0.70313,0.70313,0.70313,0.70313
2,2,2,2,2,2
0.39813,0.39813,0.39813,0.39813,0.39813,0.39813
0,0,0,0,0,0
3,3,3,3,3,3
0.70313,0.70313,0.70313,0.70313,0.70313,0.70313
2,2,2,2,2,2
0.39212,0.39212,0.39212,0.39212,0.39212,0.39212
4.9931e+06,4.9931e+06,4.9931e+06,4.9931e+06,4.9931e+06,4.9931e+06
4,4,4,4,4,4
0.70313,0.70313,0.70313,0.70313,0.70313,0.70313
2,2,2,2,2,2
0.38634,0.38634,0.38634,0.38634,0.38634,0.38634
5.5096e+06,5.5096e+06,5.5096e+06,5.5096e+06,5.5096e+06,5.5096e+06
5,5,5,5,5,5
0.70313,0.70313,0.70313,0.70313,0.70313,0.70313
2,2,2,2,2,2
0.35922,0.35922,0.35922,0.35922,0.35922,0.35922
8.0923e+06,8.0923e+06,8.0923e+06,8.0923e+06,8.0923e+06,8.0923e+06
6,6,6,6,6,6
0.70313,0.70313,0.70313,0.70313,0.70313,0.70313
2,2,2,2,2,2
0.35496,0.35496,0.35496,0.35496,0.35496,0.35496
8.2644e+06,8.2644e+06,8.2644e+06,8.2644e+06,8.2644e+06,8.2644e+06
7,7,7,7,7,7
0.70313,0.70313,0.70313,0.70313,0.70313,0.70313
2,2,2,2,2,2
0.30647,0.30647,0.30647,0.30647,0.30647,0.30647
1.3774e+07,1.3774e+07,1.3774e+07,1.3774e+07,1.3774e+07,1.3774e+07
8,8,8,8,8,8
0.70313,0.70313,0.70313,0.70313,0.70313,0.70313
2,2,2,2,2,2
0.2981,0.2981,0.2981,0.2981,0.2981,0.2981
1.3774e+07,1.3774e+07,1.3774e+07,1.3774e+07,1.3774e+07,1.3774e+07
9,9,9,9,9,9
0.70313,0.70313,0.70313,0.70313,0.70313,0.70313
2,2,2,2,2,2
0.2893,0.2893,0.2893,0.2893,0.2893,0.2893
1.3774e+07,1.3774e+07,1.3774e+07,1.3774e+07,1.3774e+07,1.3774e+07
10,10,10,10,10,10
0.70313,0.70313,0.70313,0.70313,0.70313,0.70313
2,2,2,2,2,2
0.27945,0.27945,0.27945,0.27945,0.27945,0.27945
1.3774e+07,1.3774e+07,1.3774e+07,1.3774e+07,1.3774e+07,1.3774e+07
11,11,11,11,11,11
0.70313,0.70313,0.70313,0.70313,0.70313,0.70313
2,2,2,2,2,2
0.26816,0.26816,0.26816,0.26816,0.26816,0.26816
1.3774e+07,1.3774e+07,1.3774e+07,1.3774e+07,1.3774e+07,1.3774e+07
12,12,12,12,12,12
0.70313,0.70313,0.70313,0.70313,0.70313,0.70313
2,2,2,2,2,2
0.25552,0.25552,0.25552,0.25552,0.25552,0.25552
1.3774e+07,1.3774e+07,1.3774e+07,1.3774e+07,1.3774e+07,1.3774e+07
13,13,13,13,13,13
0.70313,0.70313,0.70313,0.70313,0.70313,0.70313
2,2,2,2,2,2
0.24362,0.24362,0.24362,0.24362,0.24362,0.24362
1.3774e+07,1.3774e+07,1.3774e+07,1.3774e+07,1.3774e+07,1.3774e+07
14,14,14,14,14,14
0.70313,0.70313,0.70313,0.70313,0.70313,0.70313
2,2,2,2,2,2
0.23641,0.23641,0.23641,0.23641,0.23641,0.23641
1.3774e+07,1.3774e+07,1.3774e+07,1.3774e+07,1.3774e+07,1.3774e+07
15,15,15,15,15,15
0.70313,0.70313,0.70313,0.70313,0.70313,0.70313
2,2,2,2,2,2
0.23458,0.23458,0.23458,0.23458,0.23458,0.23458
1.3774e+07,1.3774e+07,1.3774e+07,1.3774e+07,1.3774e+07,1.3774e+07
16,16,16,16,16,16
0.70313,0.70313,0.70313,0.70313,0.70313,0.70313
2,2,2,2,2,2
0.14061,0.14061,0.14061,0.14061,0.14061,0.14061
1.8251e+07,1.8251e+07,1.8251e+07,1.8251e+07,1.8251e+07,1.8251e+07
17,17,17,17,17,17
0.70313,0.70313,0.70313,0.70313,0.70313,0.70313
2,2,2,2,2,2
0.0031159,0.0031159,0.0031159,0.0031159,0.0031159,0.0031159
2.7376e+07,2.7376e+07,2.7376e+07,2.7376e+07,2.7376e+07,2.7376e+07
18,18,18,18,18,18
0.70313,0.70313,0.70313,0.70313,0.70313,0.70313
2,2,2,2,2,2
0.0031159,0.0031159,0.0031159,0.0031159,0.0031159,0.0031159
2.7376e+07,2.7376e+07,2.7376e+07,2.7376e+07,2.7376e+07,2.7376e+07
19,19,19,19,19,19
0.70313,0.70313,0.70313,0.70313,0.70313,0.70313
2,2,2,2,2,2
0,0,0,0,0,0
2.7548e+07,2.7548e+07,2.7548e+07,2.7548e+07,2.7548e+07,2.7548e+07
20,20,20,20,20,20
0.70313,0.70313,0.70313,0.70313,0.70313,0.70313
2,2,2,2,2,2
0,0,0,0,0,0
2.7548e+07,2.7548e+07,2.7548e+07,2.7548e+07,2.7548e+07,2.7548e+07
21,21,21,21,21,21
0.70313,0.70313,0.70313,0.70313,0.70313,0.70313
2,2,2,2,2,2
0,0,0,0,0,0
2.7548e+07,2.7548e+07,2.7548e+07,2.7548e+07,2.7548e+07,2.7548e+07
22,22,22,22,22,22
0.70313,0.70313,0.70313,0.70313,0.70313,0.70313
2,2,2,2,2,2
0.0031159,0.0031159,0.0031159,0.0031159,0.0031159,0.0031159
2.7376e+07,2.7376e+07,2.7376e+07,2.7376e+07,2.7376e+07,2.7376e+07
23,23,23,23,23,23
0.70313,0.70313,0.70313,0.70313,0.70313,0.70313
2,2,2,2,2,2
0.0031159,0.0031159,0.0031159,0.0031159,0.0031159,0.0031159
2.7376e+07,2.7376e+07,2.7376e+07,2.7376e+07,2.7376e+07,2.7376e+07
24,24,24,24,24,24
0.70313,0.70313,0.70313,0.70313,0.70313,0.70313
2,2,2,2,2,2
0.0031159,0.0031159,0.0031159,0.0031159,0.0031159,0.0031159
2.7376e+07,2.7376e+07,2.7376e+07,2.7376e+07,2.7376e+07,2.7376e+07
25,25,25,25,25,25
0.70313,0.70313,0.70313,0.70313,0.70313,0.70313
2,2,2,2,2,2
0.0062572,0.0062572,0.0062572,0.0062572,0.0062572,0.0062572
2.7204e+07,2.7204e+07,2.7204e+07,2.7204e+07,2.7204e+07,2.7204e+07
26,26,26,26,26,26
0.70313,0.70313,0.70313,0.70313,0.70313,0.70313
2,2,2,2,2,2
0.012491,0.012491,0.012491,0.012491,0.012491,0.012491
2.6859e+07,2.6859e+07,2.6859e+07,2.6859e+07,2.6859e+07,2.6859e+07
27,27,27,27,27,27
0.70313,0.70313,0.70313,0.70313,0.70313,0.70313
2,2,2,2,2,2
0.012491,0.012491,0.012491,0.012491,0.012491,0.012491
2.6859e+07,2.6859e+07,2.6859e+07,2.6859e+07,2.6859e+07,2.6859e+07
28,28,28,28,28,28
0.70313,0.70313,0.70313,0.70313,0.70313,0.70313
2,2,2,2,2,2
0.012491,0.012491,0.012491,0.012491,0.012491,0.012491
2.6859e+07,2.6859e+07,2.6859e+07,2.6859e+07,2.6859e+07,2.6859e+07
29,29,29,29,29,29
0.70313,0.70313,0.70313,0.70313,0.70313,0.70313
2,2,2,2,2,2
0.015617,0.015617,0.015617,0.015617,0.015617,0.015617
2.6687e+07,2.6687e+07,2.6687e+07,2.6687e+07,2.6687e+07,2.6687e+07
30,30,30,30,30,30
0.70313,0.70313,0.70313,0.70313,0.70313,0.70313
2,2,2,2,2,2
0.018754,0.018754,0.018754,0.018754,0.018754,0.018754
2.6515e+07,2.6515e+07,2.6515e+07,2.6515e+07,2.6515e+07,2.6515e+07
31,31,31,31,31,31
0.70313,0.70313,0.70313,0.70313,0.70313,0.70313
2,2,2,2,2,2
0.018754,0.018754,0.018754,0.018754,0.018754,0.018754
2.6515e+07,2.6515e+07,2.6515e+07,2.6515e+07,2.6515e+07,2.6515e+07
32,32,32,32,32,32
0.70313,0.70313,0.70313,0.70313,0.70313,0.70313
2,2,2,2,2,2
0.018754,0.018754,0.018754,0.018754,0.018754,0.018754
2.6515e+07,2.6515e+07,2.6515e+07,2.6515e+07,2.6515e+07,2.6515e+07
33,33,33,33,33,33
0.70313,0.70313,0.70313,0.70313,0.70313,0.70313
2,2,2,2,2,2
0.018754,0.018754,0.018754,0.018754,0.018754,0.018754
2.6515e+07,2.6515e+07,2.6515e+07,2.6515e+07,2.6515e+07,2.6515e+07
34,34,34,34,34,34
0.70313,0.70313,0.70313,0.70313,0.70313,0.70313
2,2,2,2,2,2
0.018754,0.018754,0.018754,0.018754,0.018754,0.018754
2.6515e+07,2.6515e+07,2.6515e+07,2.6515e+07,2.6515e+07,2.6515e+07
35,35,35,35,35,35
0.70313,0.70313,0.70313,0.70313,0.70313,0.70313
2,2,2,2,2,2
0.018754,0.018754,0.018754,0.018754,0.018754,0.018754
2.6515e+07,2.6515e+07,2.6515e+07,2.6515e+07,2.6515e+07,2.6515e+07
36,36,36,36,36,36
0.70313,0.70313,0.70313,0.70313,0.70313,0.70313
2,2,2,2,2,2
0.018754,0.018754,0.018754,0.018754,0.018754,0.018754
2.6515e+07,2.6515e+07,2.6515e+07,2.6515e+07,2.6515e+07,2.6515e+07
37,37,37,37,37,37
0.70313,0.70313,0.70313,0.70313,0.70313,0.70313
2,2,2,2,2,2
0.018754,0.018754,0.018754,0.018754,0.018754,0.018754
2.6515e+07,2.6515e+07,2.6515e+07,2.6515e+07,2.6515e+07,2.6515e+07
38,38,38,38,38,38
0.70313,0.70313,0.70313,0.70313,0.70313,0.70313
2,2,2,2,2,2
0.018754,0.018754,0.018754,0.018754,0.018754,0.018754
2.6515e+07,2.6515e+07,2.6515e+07,2.6515e+07,2.6515e+07,2.6515e+07
39,39,39,39,39,39
0.70313,0.70313,0.70313,0.70313,0.70313,0.70313
2,2,2,2,2,2
0.018754,0.018754,0.018754,0.018754,0.018754,0.018754
2.6515e+07,2.6515e+07,2.6515e+07,2.6515e+07,2.6515e+07,2.6515e+07
40,40,40,40,40,40
0.70313,0.70313,0.70313,0.70313,0.70313,0.70313
2,2,2,2,2,2
0.46783,0.46783,0.46783,0.46783,0.46783,0.46783
0,0,0,0,0,0
-10,-10,-10,-10,-10,-10
0.80078,0.80078,0.80078,0.80078,0.80078,0.80078
2,2,2,2,2,2
0.46391,0.46391,0.46391,0.46391,0.46391,0.46391
0,0,0,0,0,0
-9,-9,-9,-9,-9,-9
0.80078,0.80078,0.80078,0.80078,0.80078,0.80078
2,2,2,2,2,2
0.45972,0.45972,0.45972,0.45972,0.45972,0.45972
0,0,0,0,0,0
-8,-8,-8,-8,-8,-8
0.80078,0.80078,0.80078,0.80078,0.80078,0.80078
2,2,2,2,2,2
0.45541,0.45541,0.45541,0.45541,0.45541,0.45541
0,0,0,0,0,0
-7,-7,-7,-7,-7,-7
0.80078,0.80078,0.80078,0.80078,0.80078,0.80078
2,2,2,2,2,2
0.45092,0.45092,0.45092,0.45092,0.45092,0.45092
0,0,0,0,0,0
-6,-6,-6,-6,-6,-6
0.80078,0.80078,0.80078,0.80078,0.80078,0.80078
2,2,2,2,2,2
0.44634,0.44634,0.44634,0.44634,0.44634,0.44634
0,0,0,0,0,0
-5,-5,-5,-5,-5,-5
0.80078,0.80078,0.80078,0.80078,0.80078,0.80078
2,2,2,2,2,2
0.44164,0.44164,0.44164,0.44164,0.44164,0.44164
0,0,0,0,0,0
-4,-4,-4,-4,-4,-4
0.80078,0.80078,0.80078,0.80078,0.80078,0.80078
2,2,2,2,2,2
0.4368,0.4368,0.4368,0.4368,0.4368,0.4368
0,0,0,0,0,0
-3,-3,-3,-3,-3,-3
0.80078,0.80078,0.80078,0.80078,0.80078,0.80078
2,2,2,2,2,2
0.43181,0.43181,0.43181,0.43181,0.43181,0.43181
0,0,0,0,0,0
-2,-2,-2,-2,-2,-2
0.80078,0.80078,0.80078,0.80078,0.80078,0.80078
2,2,2,2,2,2
0.42655,0.42655,0.42655,0.42655,0.42655,0.42655
0,0,0,0,0,0
-1,-1,-1,-1,-1,-1
0.80078,0.80078,0.80078,0.80078,0.80078,0.80078
2,2,2,2,2,2
0.42094,0.42094,0.42094,0.42094,0.42094,0.42094
0,0,0,0,0,0
0,0,0,0,0,0
0.80078,0.80078,0.80078,0.80078,0.80078,0.80078
2,2,2,2,2,2
0.41502,0.41502,0.41502,0.41502,0.41502,0.41502
0,0,0,0,0,0
1,1,1,1,1,1
0.80078,0.80078,0.80078,0.80078,0.80078,0.80078
2,2,2,2,2,2
0.40884,0.40884,0.40884,0.40884,0.40884,0.40884
0,0,0,0,0,0
2,2,2,2,2,2
0.80078,0.80078,0.80078,0.80078,0.80078,0.80078
2,2,2,2,2,2
0.40289,0.40289,0.40289,0.40289,0.40289,0.40289
0,0,0,0,0,0
3,3,3,3,3,3
0.80078,0.80078,0.80078,0.80078,0.80078,0.80078
2,2,2,2,2,2
0.39709,0.39709,0.39709,0.39709,0.39709,0.39709
0,0,0,0,0,0
4,4,4,4,4,4
0.80078,0.80078,0.80078,0.80078,0.80078,0.80078
2,2,2,2,2,2
0.39131,0.39131,0.39131,0.39131,0.39131,0.39131
5.7065e+06,5.7065e+06,5.7065e+06,5.7065e+06,5.7065e+06,5.7065e+06
5,5,5,5,5,5
0.80078,0.80078,0.80078,0.80078,0.80078,0.80078
2,2,2,2,2,2
0.38562,0.38562,0.38562,0.38562,0.38562,0.38562
6.2968e+06,6.2968e+06,6.2968e+06,6.2968e+06,6.2968e+06,6.2968e+06
6,6,6,6,6,6
0.80078,0.80078,0.80078,0.80078,0.80078,0.80078
2,2,2,2,2,2
0.3784,0.3784,0.3784,0.3784,0.3784,0.3784
8.2646e+06,8.2646e+06,8.2646e+06,8.2646e+06,8.2646e+06,8.2646e+06
7,7,7,7,7,7
0.80078,0.80078,0.80078,0.80078,0.80078,0.80078
2,2,2,2,2,2
0.345,0.345,0.345,0.345,0.345,0.345
9.4452e+06,9.4452e+06,9.4452e+06,9.4452e+06,9.4452e+06,9.4452e+06
8,8,8,8,8,8
0.80078,0.80078,0.80078,0.80078,0.80078,0.80078
2,2,2,2,2,2
0.31615,0.31615,0.31615,0.31615,0.31615,0.31615
1.4758e+07,1.4758e+07,1.4758e+07,1.4758e+07,1.4758e+07,1.4758e+07
9,9,9,9,9,9
0.80078,0.80078,0.80078,0.80078,0.80078,0.80078
2,2,2,2,2,2
0.29997,0.29997,0.29997,0.29997,0.29997,0.29997
1.5742e+07,1.5742e+07,1.5742e+07,1.5742e+07,1.5742e+07,1.5742e+07
10,10,10,10,10,10
0.80078,0.80078,0.80078,0.80078,0.80078,0.80078
2,2,2,2,2,2
0.29334,0.29334,0.29334,0.29334,0.29334,0.29334
1.5742e+07,1.5742e+07,1.5742e+07,1.5742e+07,1.5742e+07,1.5742e+07
11,11,11,11,11,11
0.80078,0.80078,0.80078,0.80078,0.80078,0.80078
2,2,2,2,2,2
0.28684,0.28684,0.28684,0.28684,0.28684,0.28684
1.5742e+07,1.5742e+07,1.5742e+07,1.5742e+07,1.5742e+07,1.5742e+07
12,12,12,12,12,12
0.80078,0.80078,0.80078,0.80078,0.80078,0.80078
2,2,2,2,2,2
0.28012,0.28012,0.28012,0.28012,0.28012,0.28012
1.5742e+07,1.5742e+07,1.5742e+07,1.5742e+07,1.5742e+07,1.5742e+07
13,13,13,13,13,13
0.80078,0.80078,0.80078,0.80078,0.80078,0.80078
2,2,2,2,2,2
0.27274,0.27274,0.27274,0.27274,0.27274,0.27274
1.5742e+07,1.5742e+07,1.5742e+07,1.5742e+07,1.5742e+07,1.5742e+07
14,14,14,14,14,14
0.80078,0.80078,0.80078,0.80078,0.80078,0.80078
2,2,2,2,2,2
0.26396,0.26396,0.26396,0.26396,0.26396,0.26396
1.5742e+07,1.5742e+07,1.5742e+07,1.5742e+07,1.5742e+07,1.5742e+07
15,15,15,15,15,15
0.80078,0.80078,0.80078,0.80078,0.80078,0.80078
2,2,2,2,2,2
0.2533,0.2533,0.2533,0.2533,0.2533,0.2533
1.5742e+07,1.5742e+07,1.5742e+07,1.5742e+07,1.5742e+07,1.5742e+07
16,16,16,16,16,16
0.80078,0.80078,0.80078,0.80078,0.80078,0.80078
2,2,2,2,2,2
0.24243,0.24243,0.24243,0.24243,0.24243,0.24243
1.5742e+07,1.5742e+07,1.5742e+07,1.5742e+07,1.5742e+07,1.5742e+07
17,17,17,17,17,17
0.80078,0.80078,0.80078,0.80078,0.80078,0.80078
2,2,2,2,2,2
0.23595,0.23595,0.23595,0.23595,0.23595,0.23595
1.5742e+07,1.5742e+07,1.5742e+07,1.5742e+07,1.5742e+07,1.5742e+07
18,18,18,18,18,18
0.80078,0.80078,0.80078,0.80078,0.80078,0.80078
2,2,2,2,2,2
0.24693,0.24693,0.24693,0.24693,0.24693,0.24693
1.5742e+07,1.5742e+07,1.5742e+07,1.5742e+07,1.5742e+07,1.5742e+07
19,19,19,19,19,19
0.80078,0.80078,0.80078,0.80078,0.80078,0.80078
2,2,2,2,2,2
0.11572,0.11572,0.11572,0.11572,0.11572,0.11572
2.2039e+07,2.2039e+07,2.2039e+07,2.2039e+07,2.2039e+07,2.2039e+07
20,20,20,20,20,20
0.80078,0.80078,0.80078,0.80078,0.80078,0.80078
2,2,2,2,2,2
0.015674,0.015674,0.015674,0.015674,0.015674,0.015674
3.0304e+07,3.0304e+07,3.0304e+07,3.0304e+07,3.0304e+07,3.0304e+07
21,21,21,21,21,21
0.80078,0.80078,0.80078,0.80078,0.80078,0.80078
2,2,2,2,2,2
0.0094067,0.0094067,0.0094067,0.0094067,0.0094067,0.0094067
3.0894e+07,3.0894e+07,3.0894e+07,3.0894e+07,3.0894e+07,3.0894e+07
22,22,22,22,22,22
0.80078,0.80078,0.80078,0.80078,0.80078,0.80078
2,2,2,2,2,2
0.0094066,0.0094066,0.0094066,0.0094066,0.0094066,0.0094066
3.0894e+07,3.0894e+07,3.0894e+07,3.0894e+07,3.0894e+07,3.0894e+07
23,23,23,23,23,23
0.80078,0.80078,0.80078,0.80078,0.80078,0.80078
2,2,2,2,2,2
0.0094066,0.0094066,0.0094066,0.0094066,0.0094066,0.0094066
3.0894e+07,3.0894e+07,3.0894e+07,3.0894e+07,3.0894e+07,3.0894e+07
24,24,24,24,24,24
0.80078,0.80078,0.80078,0.80078,0.80078,0.80078
2,2,2,2,2,2
0.012532,0.012532,0.012532,0.012532,0.012532,0.012532
3.0697e+07,3.0697e+07,3.0697e+07,3.0697e+07,3.0697e+07,3.0697e+07
25,25,25,25,25,25
0.80078,0.80078,0.80078,0.80078,0.80078,0.80078
2,2,2,2,2,2
0.012532,0.012532,0.012532,0.012532,0.012532,0.012532
3.0697e+07,3.0697e+07,3.0697e+07,3.0697e+07,3.0697e+07,3.0697e+07
26,26,26,26,26,26
0.80078,0.80078,0.80078,0.80078,0.80078,0.80078
2,2,2,2,2,2
0.012532,0.012532,0.012532,0.012532,0.012532,0.012532
3.0697e+07,3.0697e+07,3.0697e+07,3.0697e+07,3.0697e+07,3.0697e+07
27,27,27,27,27,27
0.80078,0.80078,0.80078,0.80078,0.80078,0.80078
2,2,2,2,2,2
0.018764,0.018764,0.018764,0.018764,0.018764,0.018764
3.0304e+07,3.0304e+07,3.0304e+07,3.0304e+07,3.0304e+07,3.0304e+07
28,28,28,28,28,28
0.80078,0.80078,0.80078,0.80078,0.80078,0.80078
2,2,2,2,2,2
0.018764,0.018764,0.018764,0.018764,0.018764,0.018764
3.0304e+07,3.0304e+07,3.0304e+07,3.0304e+07,3.0304e+07,3.0304e+07
29,29,29,29,29,29
0.80078,0.80078,0.80078,0.80078,0.80078,0.80078
2,2,2,2,2,2
0.021887,0.021887,0.021887,0.021887,0.021887,0.021887
3.0107e+07,3.0107e+07,3.0107e+07,3.0107e+07,3.0107e+07,3.0107e+07
30,30,30,30,30,30
0.80078,0.80078,0.80078,0.80078,0.80078,0.80078
2,2,2,2,2,2
0.025014,0.025014,0.025014,0.025014,0.025014,0.025014
2.991e+07,2.991e+07,2.991e+07,2.991e+07,2.991e+07,2.991e+07
31,31,31,31,31,31
0.80078,0.80078,0.80078,0.80078,0.80078,0.80078
2,2,2,2,2,2
0.025014,0.025014,0.025014,0.025014,0.025014,0.025014
2.991e+07,2.991e+07,2.991e+07,2.991e+07,2.991e+07,2.991e+07
32,32,32,32,32,32
0.80078,0.80078,0.80078,0.80078,0.80078,0.80078
2,2,2,2,2,2
0.025014,0.025014,0.025014,0.025014,0.025014,0.025014
2.991e+07,2.991e+07,2.991e+07,2.991e+07,2.991e+07,2.991e+07
33,33,33,33,33,33
0.80078,0.80078,0.80078,0.80078,0.80078,0.80078
2,2,2,2,2,2
0.025014,0.025014,0.025014,0.025014,0.025014,0.025014
2.991e+07,2.991e+07,2.991e+07,2.991e+07,2.991e+07,2.991e+07
34,34,34,34,34,34
0.80078,0.80078,0.80078,0.80078,0.80078,0.80078
2,2,2,2,2,2
0.025014,0.025014,0.025014,0.025014,0.025014,0.025014
2.991e+07,2.991e+07,2.991e+07,2.991e+07,2.991e+07,2.991e+07
35,35,35,35,35,35
0.80078,0.80078,0.80078,0.80078,0.80078,0.80078
2,2,2,2,2,2
0.025014,0.025014,0.025014,0.025014,0.025014,0.025014
2.991e+07,2.991e+07,2.991e+07,2.991e+07,2.991e+07,2.991e+07
36,36,36,36,36,36
0.80078,0.80078,0.80078,0.80078,0.80078,0.80078
2,2,2,2,2,2
0.025014,0.025014,0.025014,0.025014,0.025014,0.025014
2.991e+07,2.991e+07,2.991e+07,2.991e+07,2.991e+07,2.991e+07
37,37,37,37,37,37
0.80078,0.80078,0.80078,0.80078,0.80078,0.80078
2,2,2,2,2,2
0.025014,0.025014,0.025014,0.025014,0.025014,0.025014
2.991e+07,2.991e+07,2.991e+07,2.991e+07,2.991e+07,2.991e+07
38,38,38,38,38,38
0.80078,0.80078,0.80078,0.80078,0.80078,0.80078
2,2,2,2,2,2
0.025014,0.025014,0.025014,0.025014,0.025014,0.025014
2.991e+07,2.991e+07,2.991e+07,2.991e+07,2.991e+07,2.991e+07
39,39,39,39,39,39
0.80078,0.80078,0.80078,0.80078,0.80078,0.80078
2,2,2,2,2,2
0.025014,0.025014,0.025014,0.025014,0.025014,0.025014
2.991e+07,2.991e+07,2.991e+07,2.991e+07,2.991e+07,2.991e+07
40,40,40,40,40,40
0.80078,0.80078,0.80078,0.80078,0.80078,0.80078
2,2,2,2,2,2
