0.49546,0.49546,0.49546,0.49546,0.49546,0.49546
0,0,0,0,0,0
-20,-20,-20,-20,-20,-20
0.11719,0.11719,0.11719,0.11719,0.11719,0.11719
2,2,2,2,2,2
0.49415,0.49415,0.49415,0.49415,0.49415,0.49415
0,0,0,0,0,0
-19,-19,-19,-19,-19,-19
0.11719,0.11719,0.11719,0.11719,0.11719,0.11719
2,2,2,2,2,2
0.49161,0.49161,0.49161,0.49161,0.49161,0.49161
0,0,0,0,0,0
-18,-18,-18,-18,-18,-18
0.11719,0.11719,0.11719,0.11719,0.11719,0.11719
2,2,2,2,2,2
0.48494,0.48494,0.48494,0.48494,0.48494,0.48494
0,0,0,0,0,0
-17,-17,-17,-17,-17,-17
0.11719,0.11719,0.11719,0.11719,0.11719,0.11719
2,2,2,2,2,2
0.47994,0.47994,0.47994,0.47994,0.47994,0.47994
0,0,0,0,0,0
-16,-16,-16,-16,-16,-16
0.11719,0.11719,0.11719,0.11719,0.11719,0.11719
2,2,2,2,2,2
0.47276,0.47276,0.47276,0.47276,0.47276,0.47276
0,0,0,0,0,0
-15,-15,-15,-15,-15,-15
0.11719,0.11719,0.11719,0.11719,0.11719,0.11719
2,2,2,2,2,2
0.4646,0.4646,0.4646,0.4646,0.4646,0.4646
0,0,0,0,0,0
-14,-14,-14,-14,-14,-14
0.11719,0.11719,0.11719,0.11719,0.11719,0.11719
2,2,2,2,2,2
0.45575,0.45575,0.45575,0.45575,0.45575,0.45575
0,0,0,0,0,0
-13,-13,-13,-13,-13,-13
0.11719,0.11719,0.11719,0.11719,0.11719,0.11719
2,2,2,2,2,2
0.4454,0.4454,0.4454,0.4454,0.4454,0.4454
0,0,0,0,0,0
-12,-12,-12,-12,-12,-12
0.11719,0.11719,0.11719,0.11719,0.11719,0.11719
2,2,2,2,2,2
0.43333,0.43333,0.43333,0.43333,0.43333,0.43333
0,0,0,0,0,0
-11,-11,-11,-11,-11,-11
0.11719,0.11719,0.11719,0.11719,0.11719,0.11719
2,2,2,2,2,2
0.41737,0.41737,0.41737,0.41737,0.41737,0.41737
20,20,20,20,20,20
-10,-10,-10,-10,-10,-10
0.11719,0.11719,0.11719,0.11719,0.11719,0.11719
2,2,2,2,2,2
0.3869,0.3869,0.3869,0.3869,0.3869,0.3869
27.5,27.5,27.5,27.5,27.5,27.5
-9,-9,-9,-9,-9,-9
0.11719,0.11719,0.11719,0.11719,0.11719,0.11719
2,2,2,2,2,2
0.31673,0.31673,0.31673,0.31673,0.31673,0.31673
40,40,40,40,40,40
-8,-8,-8,-8,-8,-8
0.11719,0.11719,0.11719,0.11719,0.11719,0.11719
2,2,2,2,2,2
0.24018,0.24018,0.24018,0.24018,0.24018,0.24018
40,40,40,40,40,40
-7,-7,-7,-7,-7,-7
0.11719,0.11719,0.11719,0.11719,0.11719,0.11719
2,2,2,2,2,2
0.1142,0.1142,0.1142,0.1142,0.1142,0.1142
60,60,60,60,60,60
-6,-6,-6,-6,-6,-6
0.11719,0.11719,0.11719,0.11719,0.11719,0.11719
2,2,2,2,2,2
0,0,0,0,0,0
100,100,100,100,100,100
-5,-5,-5,-5,-5,-5
0.11719,0.11719,0.11719,0.11719,0.11719,0.11719
2,2,2,2,2,2
0,0,0,0,0,0
100,100,100,100,100,100
-4,-4,-4,-4,-4,-4
0.11719,0.11719,0.11719,0.11719,0.11719,0.11719
2,2,2,2,2,2
0,0,0,0,0,0
100,100,100,100,100,100
-3,-3,-3,-3,-3,-3
0.11719,0.11719,0.11719,0.11719,0.11719,0.11719
2,2,2,2,2,2
0,0,0,0,0,0
100,100,100,100,100,100
-2,-2,-2,-2,-2,-2
0.11719,0.11719,0.11719,0.11719,0.11719,0.11719
2,2,2,2,2,2
0,0,0,0,0,0
100,100,100,100,100,100
-1,-1,-1,-1,-1,-1
0.11719,0.11719,0.11719,0.11719,0.11719,0.11719
2,2,2,2,2,2
0,0,0,0,0,0
100,100,100,100,100,100
0,0,0,0,0,0
0.11719,0.11719,0.11719,0.11719,0.11719,0.11719
2,2,2,2,2,2
0,0,0,0,0,0
100,100,100,100,100,100
1,1,1,1,1,1
0.11719,0.11719,0.11719,0.11719,0.11719,0.11719
2,2,2,2,2,2
0,0,0,0,0,0
100,100,100,100,100,100
2,2,2,2,2,2
0.11719,0.11719,0.11719,0.11719,0.11719,0.11719
2,2,2,2,2,2
0,0,0,0,0,0
100,100,100,100,100,100
3,3,3,3,3,3
0.11719,0.11719,0.11719,0.11719,0.11719,0.11719
2,2,2,2,2,2
0,0,0,0,0,0
100,100,100,100,100,100
4,4,4,4,4,4
0.11719,0.11719,0.11719,0.11719,0.11719,0.11719
2,2,2,2,2,2
0,0,0,0,0,0
100,100,100,100,100,100
5,5,5,5,5,5
0.11719,0.11719,0.11719,0.11719,0.11719,0.11719
2,2,2,2,2,2
0,0,0,0,0,0
100,100,100,100,100,100
6,6,6,6,6,6
0.11719,0.11719,0.11719,0.11719,0.11719,0.11719
2,2,2,2,2,2
0,0,0,0,0,0
100,100,100,100,100,100
7,7,7,7,7,7
0.11719,0.11719,0.11719,0.11719,0.11719,0.11719
2,2,2,2,2,2
0,0,0,0,0,0
100,100,100,100,100,100
8,8,8,8,8,8
0.11719,0.11719,0.11719,0.11719,0.11719,0.11719
2,2,2,2,2,2
0,0,0,0,0,0
100,100,100,100,100,100
9,9,9,9,9,9
0.11719,0.11719,0.11719,0.11719,0.11719,0.11719
2,2,2,2,2,2
0,0,0,0,0,0
100,100,100,100,100,100
10,10,10,10,10,10
0.11719,0.11719,0.11719,0.11719,0.11719,0.11719
2,2,2,2,2,2
0,0,0,0,0,0
100,100,100,100,100,100
11,11,11,11,11,11
0.11719,0.11719,0.11719,0.11719,0.11719,0.11719
2,2,2,2,2,2
0,0,0,0,0,0
100,100,100,100,100,100
12,12,12,12,12,12
0.11719,0.11719,0.11719,0.11719,0.11719,0.11719
2,2,2,2,2,2
0,0,0,0,0,0
100,100,100,100,100,100
13,13,13,13,13,13
0.11719,0.11719,0.11719,0.11719,0.11719,0.11719
2,2,2,2,2,2
0,0,0,0,0,0
100,100,100,100,100,100
14,14,14,14,14,14
0.11719,0.11719,0.11719,0.11719,0.11719,0.11719
2,2,2,2,2,2
0,0,0,0,0,0
100,100,100,100,100,100
15,15,15,15,15,15
0.11719,0.11719,0.11719,0.11719,0.11719,0.11719
2,2,2,2,2,2
0,0,0,0,0,0
100,100,100,100,100,100
16,16,16,16,16,16
0.11719,0.11719,0.11719,0.11719,0.11719,0.11719
2,2,2,2,2,2
0,0,0,0,0,0
100,100,100,100,100,100
17,17,17,17,17,17
0.11719,0.11719,0.11719,0.11719,0.11719,0.11719
2,2,2,2,2,2
0,0,0,0,0,0
100,100,100,100,100,100
18,18,18,18,18,18
0.11719,0.11719,0.11719,0.11719,0.11719,0.11719
2,2,2,2,2,2
0,0,0,0,0,0
100,100,100,100,100,100
19,19,19,19,19,19
0.11719,0.11719,0.11719,0.11719,0.11719,0.11719
2,2,2,2,2,2
0,0,0,0,0,0
100,100,100,100,100,100
20,20,20,20,20,20
0.11719,0.11719,0.11719,0.11719,0.11719,0.11719
2,2,2,2,2,2
0.48161,0.48161,0.48161,0.48161,0.48161,0.48161
0,0,0,0,0,0
-20,-20,-20,-20,-20,-20
0.23438,0.23438,0.23438,0.23438,0.23438,0.23438
2,2,2,2,2,2
0.47873,0.47873,0.47873,0.47873,0.47873,0.47873
0,0,0,0,0,0
-19,-19,-19,-19,-19,-19
0.23438,0.23438,0.23438,0.23438,0.23438,0.23438
2,2,2,2,2,2
0.46928,0.46928,0.46928,0.46928,0.46928,0.46928
0,0,0,0,0,0
-18,-18,-18,-18,-18,-18
0.23438,0.23438,0.23438,0.23438,0.23438,0.23438
2,2,2,2,2,2
0.46431,0.46431,0.46431,0.46431,0.46431,0.46431
0,0,0,0,0,0
-17,-17,-17,-17,-17,-17
0.23438,0.23438,0.23438,0.23438,0.23438,0.23438
2,2,2,2,2,2
0.45751,0.45751,0.45751,0.45751,0.45751,0.45751
0,0,0,0,0,0
-16,-16,-16,-16,-16,-16
0.23438,0.23438,0.23438,0.23438,0.23438,0.23438
2,2,2,2,2,2
0.45181,0.45181,0.45181,0.45181,0.45181,0.45181
0,0,0,0,0,0
-15,-15,-15,-15,-15,-15
0.23438,0.23438,0.23438,0.23438,0.23438,0.23438
2,2,2,2,2,2
0.44539,0.44539,0.44539,0.44539,0.44539,0.44539
0,0,0,0,0,0
-14,-14,-14,-14,-14,-14
0.23438,0.23438,0.23438,0.23438,0.23438,0.23438
2,2,2,2,2,2
0.4386,0.4386,0.4386,0.4386,0.4386,0.4386
0,0,0,0,0,0
-13,-13,-13,-13,-13,-13
0.23438,0.23438,0.23438,0.23438,0.23438,0.23438
2,2,2,2,2,2
0.43127,0.43127,0.43127,0.43127,0.43127,0.43127
0,0,0,0,0,0
-12,-12,-12,-12,-12,-12
0.23438,0.23438,0.23438,0.23438,0.23438,0.23438
2,2,2,2,2,2
0.42372,0.42372,0.42372,0.42372,0.42372,0.42372
0,0,0,0,0,0
-11,-11,-11,-11,-11,-11
0.23438,0.23438,0.23438,0.23438,0.23438,0.23438
2,2,2,2,2,2
0.41547,0.41547,0.41547,0.41547,0.41547,0.41547
0,0,0,0,0,0
-10,-10,-10,-10,-10,-10
0.23438,0.23438,0.23438,0.23438,0.23438,0.23438
2,2,2,2,2,2
0.40635,0.40635,0.40635,0.40635,0.40635,0.40635
0,0,0,0,0,0
-9,-9,-9,-9,-9,-9
0.23438,0.23438,0.23438,0.23438,0.23438,0.23438
2,2,2,2,2,2
0.39612,0.39612,0.39612,0.39612,0.39612,0.39612
2.5,2.5,2.5,2.5,2.5,2.5
-8,-8,-8,-8,-8,-8
0.23438,0.23438,0.23438,0.23438,0.23438,0.23438
2,2,2,2,2,2
0.38325,0.38325,0.38325,0.38325,0.38325,0.38325
20,20,20,20,20,20
-7,-7,-7,-7,-7,-7
0.23438,0.23438,0.23438,0.23438,0.23438,0.23438
2,2,2,2,2,2
0.34184,0.34184,0.34184,0.34184,0.34184,0.34184
40,40,40,40,40,40
-6,-6,-6,-6,-6,-6
0.23438,0.23438,0.23438,0.23438,0.23438,0.23438
2,2,2,2,2,2
0.28834,0.28834,0.28834,0.28834,0.28834,0.28834
40,40,40,40,40,40
-5,-5,-5,-5,-5,-5
0.23438,0.23438,0.23438,0.23438,0.23438,0.23438
2,2,2,2,2,2
0.24759,0.24759,0.24759,0.24759,0.24759,0.24759
40,40,40,40,40,40
-4,-4,-4,-4,-4,-4
0.23438,0.23438,0.23438,0.23438,0.23438,0.23438
2,2,2,2,2,2
0.19756,0.19756,0.19756,0.19756,0.19756,0.19756
40,40,40,40,40,40
-3,-3,-3,-3,-3,-3
0.23438,0.23438,0.23438,0.23438,0.23438,0.23438
2,2,2,2,2,2
0.075201,0.075201,0.075201,0.075201,0.075201,0.075201
80,80,80,80,80,80
-2,-2,-2,-2,-2,-2
0.23438,0.23438,0.23438,0.23438,0.23438,0.23438
2,2,2,2,2,2
0,0,0,0,0,0
100,100,100,100,100,100
-1,-1,-1,-1,-1,-1
0.23438,0.23438,0.23438,0.23438,0.23438,0.23438
2,2,2,2,2,2
0,0,0,0,0,0
100,100,100,100,100,100
0,0,0,0,0,0
0.23438,0.23438,0.23438,0.23438,0.23438,0.23438
2,2,2,2,2,2
0,0,0,0,0,0
100,100,100,100,100,100
1,1,1,1,1,1
0.23438,0.23438,0.23438,0.23438,0.23438,0.23438
2,2,2,2,2,2
0,0,0,0,0,0
100,100,100,100,100,100
2,2,2,2,2,2
0.23438,0.23438,0.23438,0.23438,0.23438,0.23438
2,2,2,2,2,2
0,0,0,0,0,0
100,100,100,100,100,100
3,3,3,3,3,3
0.23438,0.23438,0.23438,0.23438,0.23438,0.23438
2,2,2,2,2,2
0,0,0,0,0,0
100,100,100,100,100,100
4,4,4,4,4,4
0.23438,0.23438,0.23438,0.23438,0.23438,0.23438
2,2,2,2,2,2
0,0,0,0,0,0
100,100,100,100,100,100
5,5,5,5,5,5
0.23438,0.23438,0.23438,0.23438,0.23438,0.23438
2,2,2,2,2,2
0,0,0,0,0,0
100,100,100,100,100,100
6,6,6,6,6,6
0.23438,0.23438,0.23438,0.23438,0.23438,0.23438
2,2,2,2,2,2
0,0,0,0,0,0
100,100,100,100,100,100
7,7,7,7,7,7
0.23438,0.23438,0.23438,0.23438,0.23438,0.23438
2,2,2,2,2,2
0,0,0,0,0,0
100,100,100,100,100,100
8,8,8,8,8,8
0.23438,0.23438,0.23438,0.23438,0.23438,0.23438
2,2,2,2,2,2
0,0,0,0,0,0
100,100,100,100,100,100
9,9,9,9,9,9
0.23438,0.23438,0.23438,0.23438,0.23438,0.23438
2,2,2,2,2,2
0,0,0,0,0,0
100,100,100,100,100,100
10,10,10,10,10,10
0.23438,0.23438,0.23438,0.23438,0.23438,0.23438
2,2,2,2,2,2
0,0,0,0,0,0
100,100,100,100,100,100
11,11,11,11,11,11
0.23438,0.23438,0.23438,0.23438,0.23438,0.23438
2,2,2,2,2,2
0,0,0,0,0,0
100,100,100,100,100,100
12,12,12,12,12,12
0.23438,0.23438,0.23438,0.23438,0.23438,0.23438
2,2,2,2,2,2
0,0,0,0,0,0
100,100,100,100,100,100
13,13,13,13,13,13
0.23438,0.23438,0.23438,0.23438,0.23438,0.23438
2,2,2,2,2,2
0,0,0,0,0,0
100,100,100,100,100,100
14,14,14,14,14,14
0.23438,0.23438,0.23438,0.23438,0.23438,0.23438
2,2,2,2,2,2
0,0,0,0,0,0
100,100,100,100,100,100
15,15,15,15,15,15
0.23438,0.23438,0.23438,0.23438,0.23438,0.23438
2,2,2,2,2,2
0,0,0,0,0,0
100,100,100,100,100,100
16,16,16,16,16,16
0.23438,0.23438,0.23438,0.23438,0.23438,0.23438
2,2,2,2,2,2
0,0,0,0,0,0
100,100,100,100,100,100
17,17,17,17,17,17
0.23438,0.23438,0.23438,0.23438,0.23438,0.23438
2,2,2,2,2,2
0,0,0,0,0,0
100,100,100,100,100,100
18,18,18,18,18,18
0.23438,0.23438,0.23438,0.23438,0.23438,0.23438
2,2,2,2,2,2
0,0,0,0,0,0
100,100,100,100,100,100
19,19,19,19,19,19
0.23438,0.23438,0.23438,0.23438,0.23438,0.23438
2,2,2,2,2,2
0,0,0,0,0,0
100,100,100,100,100,100
20,20,20,20,20,20
0.23438,0.23438,0.23438,0.23438,0.23438,0.23438
2,2,2,2,2,2
0.48309,0.48309,0.48309,0.48309,0.48309,0.48309
0,0,0,0,0,0
-20,-20,-20,-20,-20,-20
0.29297,0.29297,0.29297,0.29297,0.29297,0.29297
2,2,2,2,2,2
0.47976,0.47976,0.47976,0.47976,0.47976,0.47976
0,0,0,0,0,0
-19,-19,-19,-19,-19,-19
0.29297,0.29297,0.29297,0.29297,0.29297,0.29297
2,2,2,2,2,2
0.47062,0.47062,0.47062,0.47062,0.47062,0.47062
0,0,0,0,0,0
-18,-18,-18,-18,-18,-18
0.29297,0.29297,0.29297,0.29297,0.29297,0.29297
2,2,2,2,2,2
0.46506,0.46506,0.46506,0.46506,0.46506,0.46506
0,0,0,0,0,0
-17,-17,-17,-17,-17,-17
0.29297,0.29297,0.29297,0.29297,0.29297,0.29297
2,2,2,2,2,2
0.45711,0.45711,0.45711,0.45711,0.45711,0.45711
0,0,0,0,0,0
-16,-16,-16,-16,-16,-16
0.29297,0.29297,0.29297,0.29297,0.29297,0.29297
2,2,2,2,2,2
0.44922,0.44922,0.44922,0.44922,0.44922,0.44922
0,0,0,0,0,0
-15,-15,-15,-15,-15,-15
0.29297,0.29297,0.29297,0.29297,0.29297,0.29297
2,2,2,2,2,2
0.44204,0.44204,0.44204,0.44204,0.44204,0.44204
0,0,0,0,0,0
-14,-14,-14,-14,-14,-14
0.29297,0.29297,0.29297,0.29297,0.29297,0.29297
2,2,2,2,2,2
0.43458,0.43458,0.43458,0.43458,0.43458,0.43458
0,0,0,0,0,0
-13,-13,-13,-13,-13,-13
0.29297,0.29297,0.29297,0.29297,0.29297,0.29297
2,2,2,2,2,2
0.42661,0.42661,0.42661,0.42661,0.42661,0.42661
0,0,0,0,0,0
-12,-12,-12,-12,-12,-12
0.29297,0.29297,0.29297,0.29297,0.29297,0.29297
2,2,2,2,2,2
0.41813,0.41813,0.41813,0.41813,0.41813,0.41813
0,0,0,0,0,0
-11,-11,-11,-11,-11,-11
0.29297,0.29297,0.29297,0.29297,0.29297,0.29297
2,2,2,2,2,2
0.40921,0.40921,0.40921,0.40921,0.40921,0.40921
0,0,0,0,0,0
-10,-10,-10,-10,-10,-10
0.29297,0.29297,0.29297,0.29297,0.29297,0.29297
2,2,2,2,2,2
0.39978,0.39978,0.39978,0.39978,0.39978,0.39978
0,0,0,0,0,0
-9,-9,-9,-9,-9,-9
0.29297,0.29297,0.29297,0.29297,0.29297,0.29297
2,2,2,2,2,2
0.39052,0.39052,0.39052,0.39052,0.39052,0.39052
0,0,0,0,0,0
-8,-8,-8,-8,-8,-8
0.29297,0.29297,0.29297,0.29297,0.29297,0.29297
2,2,2,2,2,2
0.38027,0.38027,0.38027,0.38027,0.38027,0.38027
2.5,2.5,2.5,2.5,2.5,2.5
-7,-7,-7,-7,-7,-7
0.29297,0.29297,0.29297,0.29297,0.29297,0.29297
2,2,2,2,2,2
0.36831,0.36831,0.36831,0.36831,0.36831,0.36831
20,20,20,20,20,20
-6,-6,-6,-6,-6,-6
0.29297,0.29297,0.29297,0.29297,0.29297,0.29297
2,2,2,2,2,2
0.34687,0.34687,0.34687,0.34687,0.34687,0.34687
22.5,22.5,22.5,22.5,22.5,22.5
-5,-5,-5,-5,-5,-5
0.29297,0.29297,0.29297,0.29297,0.29297,0.29297
2,2,2,2,2,2
0.26882,0.26882,0.26882,0.26882,0.26882,0.26882
40,40,40,40,40,40
-4,-4,-4,-4,-4,-4
0.29297,0.29297,0.29297,0.29297,0.29297,0.29297
2,2,2,2,2,2
0.24252,0.24252,0.24252,0.24252,0.24252,0.24252
40,40,40,40,40,40
-3,-3,-3,-3,-3,-3
0.29297,0.29297,0.29297,0.29297,0.29297,0.29297
2,2,2,2,2,2
0.20977,0.20977,0.20977,0.20977,0.20977,0.20977
40,40,40,40,40,40
-2,-2,-2,-2,-2,-2
0.29297,0.29297,0.29297,0.29297,0.29297,0.29297
2,2,2,2,2,2
0.18844,0.18844,0.18844,0.18844,0.18844,0.18844
45,45,45,45,45,45
-1,-1,-1,-1,-1,-1
0.29297,0.29297,0.29297,0.29297,0.29297,0.29297
2,2,2,2,2,2
0.025059,0.025059,0.025059,0.025059,0.025059,0.025059
95,95,95,95,95,95
0,0,0,0,0,0
0.29297,0.29297,0.29297,0.29297,0.29297,0.29297
2,2,2,2,2,2
0,0,0,0,0,0
100,100,100,100,100,100
1,1,1,1,1,1
0.29297,0.29297,0.29297,0.29297,0.29297,0.29297
2,2,2,2,2,2
0,0,0,0,0,0
100,100,100,100,100,100
2,2,2,2,2,2
0.29297,0.29297,0.29297,0.29297,0.29297,0.29297
2,2,2,2,2,2
0,0,0,0,0,0
100,100,100,100,100,100
3,3,3,3,3,3
0.29297,0.29297,0.29297,0.29297,0.29297,0.29297
2,2,2,2,2,2
0,0,0,0,0,0
100,100,100,100,100,100
4,4,4,4,4,4
0.29297,0.29297,0.29297,0.29297,0.29297,0.29297
2,2,2,2,2,2
0,0,0,0,0,0
100,100,100,100,100,100
5,5,5,5,5,5
0.29297,0.29297,0.29297,0.29297,0.29297,0.29297
2,2,2,2,2,2
0,0,0,0,0,0
100,100,100,100,100,100
6,6,6,6,6,6
0.29297,0.29297,0.29297,0.29297,0.29297,0.29297
2,2,2,2,2,2
0,0,0,0,0,0
100,100,100,100,100,100
7,7,7,7,7,7
0.29297,0.29297,0.29297,0.29297,0.29297,0.29297
2,2,2,2,2,2
0,0,0,0,0,0
100,100,100,100,100,100
8,8,8,8,8,8
0.29297,0.29297,0.29297,0.29297,0.29297,0.29297
2,2,2,2,2,2
0,0,0,0,0,0
100,100,100,100,100,100
9,9,9,9,9,9
0.29297,0.29297,0.29297,0.29297,0.29297,0.29297
2,2,2,2,2,2
0,0,0,0,0,0
100,100,100,100,100,100
10,10,10,10,10,10
0.29297,0.29297,0.29297,0.29297,0.29297,0.29297
2,2,2,2,2,2
0,0,0,0,0,0
100,100,100,100,100,100
11,11,11,11,11,11
0.29297,0.29297,0.29297,0.29297,0.29297,0.29297
2,2,2,2,2,2
0,0,0,0,0,0
100,100,100,100,100,100
12,12,12,12,12,12
0.29297,0.29297,0.29297,0.29297,0.29297,0.29297
2,2,2,2,2,2
0,0,0,0,0,0
100,100,100,100,100,100
13,13,13,13,13,13
0.29297,0.29297,0.29297,0.29297,0.29297,0.29297
2,2,2,2,2,2
0,0,0,0,0,0
100,100,100,100,100,100
14,14,14,14,14,14
0.29297,0.29297,0.29297,0.29297,0.29297,0.29297
2,2,2,2,2,2
0,0,0,0,0,0
100,100,100,100,100,100
15,15,15,15,15,15
0.29297,0.29297,0.29297,0.29297,0.29297,0.29297
2,2,2,2,2,2
0,0,0,0,0,0
100,100,100,100,100,100
16,16,16,16,16,16
0.29297,0.29297,0.29297,0.29297,0.29297,0.29297
2,2,2,2,2,2
0,0,0,0,0,0
100,100,100,100,100,100
17,17,17,17,17,17
0.29297,0.29297,0.29297,0.29297,0.29297,0.29297
2,2,2,2,2,2
0,0,0,0,0,0
100,100,100,100,100,100
18,18,18,18,18,18
0.29297,0.29297,0.29297,0.29297,0.29297,0.29297
2,2,2,2,2,2
0,0,0,0,0,0
100,100,100,100,100,100
19,19,19,19,19,19
0.29297,0.29297,0.29297,0.29297,0.29297,0.29297
2,2,2,2,2,2
0,0,0,0,0,0
100,100,100,100,100,100
20,20,20,20,20,20
0.29297,0.29297,0.29297,0.29297,0.29297,0.29297
2,2,2,2,2,2
0.48279,0.48279,0.48279,0.48279,0.48279,0.48279
0,0,0,0,0,0
-20,-20,-20,-20,-20,-20
0.38086,0.38086,0.38086,0.38086,0.38086,0.38086
2,2,2,2,2,2
0.47915,0.47915,0.47915,0.47915,0.47915,0.47915
0,0,0,0,0,0
-19,-19,-19,-19,-19,-19
0.38086,0.38086,0.38086,0.38086,0.38086,0.38086
2,2,2,2,2,2
0.47045,0.47045,0.47045,0.47045,0.47045,0.47045
0,0,0,0,0,0
-18,-18,-18,-18,-18,-18
0.38086,0.38086,0.38086,0.38086,0.38086,0.38086
2,2,2,2,2,2
0.47774,0.47774,0.47774,0.47774,0.47774,0.47774
0,0,0,0,0,0
-17,-17,-17,-17,-17,-17
0.38086,0.38086,0.38086,0.38086,0.38086,0.38086
2,2,2,2,2,2
0.45348,0.45348,0.45348,0.45348,0.45348,0.45348
0,0,0,0,0,0
-16,-16,-16,-16,-16,-16
0.38086,0.38086,0.38086,0.38086,0.38086,0.38086
2,2,2,2,2,2
0.4465,0.4465,0.4465,0.4465,0.4465,0.4465
0,0,0,0,0,0
-15,-15,-15,-15,-15,-15
0.38086,0.38086,0.38086,0.38086,0.38086,0.38086
2,2,2,2,2,2
0.43932,0.43932,0.43932,0.43932,0.43932,0.43932
0,0,0,0,0,0
-14,-14,-14,-14,-14,-14
0.38086,0.38086,0.38086,0.38086,0.38086,0.38086
2,2,2,2,2,2
0.43182,0.43182,0.43182,0.43182,0.43182,0.43182
0,0,0,0,0,0
-13,-13,-13,-13,-13,-13
0.38086,0.38086,0.38086,0.38086,0.38086,0.38086
2,2,2,2,2,2
0.42394,0.42394,0.42394,0.42394,0.42394,0.42394
0,0,0,0,0,0
-12,-12,-12,-12,-12,-12
0.38086,0.38086,0.38086,0.38086,0.38086,0.38086
2,2,2,2,2,2
0.41576,0.41576,0.41576,0.41576,0.41576,0.41576
0,0,0,0,0,0
-11,-11,-11,-11,-11,-11
0.38086,0.38086,0.38086,0.38086,0.38086,0.38086
2,2,2,2,2,2
0.40745,0.40745,0.40745,0.40745,0.40745,0.40745
0,0,0,0,0,0
-10,-10,-10,-10,-10,-10
0.38086,0.38086,0.38086,0.38086,0.38086,0.38086
2,2,2,2,2,2
0.39903,0.39903,0.39903,0.39903,0.39903,0.39903
0,0,0,0,0,0
-9,-9,-9,-9,-9,-9
0.38086,0.38086,0.38086,0.38086,0.38086,0.38086
2,2,2,2,2,2
0.39057,0.39057,0.39057,0.39057,0.39057,0.39057
0,0,0,0,0,0
-8,-8,-8,-8,-8,-8
0.38086,0.38086,0.38086,0.38086,0.38086,0.38086
2,2,2,2,2,2
0.38207,0.38207,0.38207,0.38207,0.38207,0.38207
0,0,0,0,0,0
-7,-7,-7,-7,-7,-7
0.38086,0.38086,0.38086,0.38086,0.38086,0.38086
2,2,2,2,2,2
0.3735,0.3735,0.3735,0.3735,0.3735,0.3735
0,0,0,0,0,0
-6,-6,-6,-6,-6,-6
0.38086,0.38086,0.38086,0.38086,0.38086,0.38086
2,2,2,2,2,2
0.36404,0.36404,0.36404,0.36404,0.36404,0.36404
20,20,20,20,20,20
-5,-5,-5,-5,-5,-5
0.38086,0.38086,0.38086,0.38086,0.38086,0.38086
2,2,2,2,2,2
0.35291,0.35291,0.35291,0.35291,0.35291,0.35291
20,20,20,20,20,20
-4,-4,-4,-4,-4,-4
0.38086,0.38086,0.38086,0.38086,0.38086,0.38086
2,2,2,2,2,2
0.28011,0.28011,0.28011,0.28011,0.28011,0.28011
40,40,40,40,40,40
-3,-3,-3,-3,-3,-3
0.38086,0.38086,0.38086,0.38086,0.38086,0.38086
2,2,2,2,2,2
0.25654,0.25654,0.25654,0.25654,0.25654,0.25654
40,40,40,40,40,40
-2,-2,-2,-2,-2,-2
0.38086,0.38086,0.38086,0.38086,0.38086,0.38086
2,2,2,2,2,2
0.23333,0.23333,0.23333,0.23333,0.23333,0.23333
40,40,40,40,40,40
-1,-1,-1,-1,-1,-1
0.38086,0.38086,0.38086,0.38086,0.38086,0.38086
2,2,2,2,2,2
0.20467,0.20467,0.20467,0.20467,0.20467,0.20467
40,40,40,40,40,40
0,0,0,0,0,0
0.38086,0.38086,0.38086,0.38086,0.38086,0.38086
2,2,2,2,2,2
0.18982,0.18982,0.18982,0.18982,0.18982,0.18982
40,40,40,40,40,40
1,1,1,1,1,1
0.38086,0.38086,0.38086,0.38086,0.38086,0.38086
2,2,2,2,2,2
0.024936,0.024936,0.024936,0.024936,0.024936,0.024936
95,95,95,95,95,95
2,2,2,2,2,2
0.38086,0.38086,0.38086,0.38086,0.38086,0.38086
2,2,2,2,2,2
0,0,0,0,0,0
100,100,100,100,100,100
3,3,3,3,3,3
0.38086,0.38086,0.38086,0.38086,0.38086,0.38086
2,2,2,2,2,2
0,0,0,0,0,0
100,100,100,100,100,100
4,4,4,4,4,4
0.38086,0.38086,0.38086,0.38086,0.38086,0.38086
2,2,2,2,2,2
0,0,0,0,0,0
100,100,100,100,100,100
5,5,5,5,5,5
0.38086,0.38086,0.38086,0.38086,0.38086,0.38086
2,2,2,2,2,2
0,0,0,0,0,0
100,100,100,100,100,100
6,6,6,6,6,6
0.38086,0.38086,0.38086,0.38086,0.38086,0.38086
2,2,2,2,2,2
0,0,0,0,0,0
100,100,100,100,100,100
7,7,7,7,7,7
0.38086,0.38086,0.38086,0.38086,0.38086,0.38086
2,2,2,2,2,2
0,0,0,0,0,0
100,100,100,100,100,100
8,8,8,8,8,8
0.38086,0.38086,0.38086,0.38086,0.38086,0.38086
2,2,2,2,2,2
0,0,0,0,0,0
100,100,100,100,100,100
9,9,9,9,9,9
0.38086,0.38086,0.38086,0.38086,0.38086,0.38086
2,2,2,2,2,2
0,0,0,0,0,0
100,100,100,100,100,100
10,10,10,10,10,10
0.38086,0.38086,0.38086,0.38086,0.38086,0.38086
2,2,2,2,2,2
0,0,0,0,0,0
100,100,100,100,100,100
11,11,11,11,11,11
0.38086,0.38086,0.38086,0.38086,0.38086,0.38086
2,2,2,2,2,2
0,0,0,0,0,0
100,100,100,100,100,100
12,12,12,12,12,12
0.38086,0.38086,0.38086,0.38086,0.38086,0.38086
2,2,2,2,2,2
0,0,0,0,0,0
100,100,100,100,100,100
13,13,13,13,13,13
0.38086,0.38086,0.38086,0.38086,0.38086,0.38086
2,2,2,2,2,2
0,0,0,0,0,0
100,100,100,100,100,100
14,14,14,14,14,14
0.38086,0.38086,0.38086,0.38086,0.38086,0.38086
2,2,2,2,2,2
0,0,0,0,0,0
100,100,100,100,100,100
15,15,15,15,15,15
0.38086,0.38086,0.38086,0.38086,0.38086,0.38086
2,2,2,2,2,2
0,0,0,0,0,0
100,100,100,100,100,100
16,16,16,16,16,16
0.38086,0.38086,0.38086,0.38086,0.38086,0.38086
2,2,2,2,2,2
0,0,0,0,0,0
100,100,100,100,100,100
17,17,17,17,17,17
0.38086,0.38086,0.38086,0.38086,0.38086,0.38086
2,2,2,2,2,2
0,0,0,0,0,0
100,100,100,100,100,100
18,18,18,18,18,18
0.38086,0.38086,0.38086,0.38086,0.38086,0.38086
2,2,2,2,2,2
0,0,0,0,0,0
100,100,100,100,100,100
19,19,19,19,19,19
0.38086,0.38086,0.38086,0.38086,0.38086,0.38086
2,2,2,2,2,2
0,0,0,0,0,0
100,100,100,100,100,100
20,20,20,20,20,20
0.38086,0.38086,0.38086,0.38086,0.38086,0.38086
2,2,2,2,2,2
0.48517,0.48517,0.48517,0.48517,0.48517,0.48517
0,0,0,0,0,0
-20,-20,-20,-20,-20,-20
0.47852,0.47852,0.47852,0.47852,0.47852,0.47852
2,2,2,2,2,2
0.48203,0.48203,0.48203,0.48203,0.48203,0.48203
0,0,0,0,0,0
-19,-19,-19,-19,-19,-19
0.47852,0.47852,0.47852,0.47852,0.47852,0.47852
2,2,2,2,2,2
0.47219,0.47219,0.47219,0.47219,0.47219,0.47219
0,0,0,0,0,0
-18,-18,-18,-18,-18,-18
0.47852,0.47852,0.47852,0.47852,0.47852,0.47852
2,2,2,2,2,2
0.46726,0.46726,0.46726,0.46726,0.46726,0.46726
0,0,0,0,0,0
-17,-17,-17,-17,-17,-17
0.47852,0.47852,0.47852,0.47852,0.47852,0.47852
2,2,2,2,2,2
0.46179,0.46179,0.46179,0.46179,0.46179,0.46179
0,0,0,0,0,0
-16,-16,-16,-16,-16,-16
0.47852,0.47852,0.47852,0.47852,0.47852,0.47852
2,2,2,2,2,2
0.4552,0.4552,0.4552,0.4552,0.4552,0.4552
0,0,0,0,0,0
-15,-15,-15,-15,-15,-15
0.47852,0.47852,0.47852,0.47852,0.47852,0.47852
2,2,2,2,2,2
0.44881,0.44881,0.44881,0.44881,0.44881,0.44881
0,0,0,0,0,0
-14,-14,-14,-14,-14,-14
0.47852,0.47852,0.47852,0.47852,0.47852,0.47852
2,2,2,2,2,2
0.44164,0.44164,0.44164,0.44164,0.44164,0.44164
0,0,0,0,0,0
-13,-13,-13,-13,-13,-13
0.47852,0.47852,0.47852,0.47852,0.47852,0.47852
2,2,2,2,2,2
0.43473,0.43473,0.43473,0.43473,0.43473,0.43473
0,0,0,0,0,0
-12,-12,-12,-12,-12,-12
0.47852,0.47852,0.47852,0.47852,0.47852,0.47852
2,2,2,2,2,2
0.42733,0.42733,0.42733,0.42733,0.42733,0.42733
0,0,0,0,0,0
-11,-11,-11,-11,-11,-11
0.47852,0.47852,0.47852,0.47852,0.47852,0.47852
2,2,2,2,2,2
0.41972,0.41972,0.41972,0.41972,0.41972,0.41972
0,0,0,0,0,0
-10,-10,-10,-10,-10,-10
0.47852,0.47852,0.47852,0.47852,0.47852,0.47852
2,2,2,2,2,2
0.4117,0.4117,0.4117,0.4117,0.4117,0.4117
0,0,0,0,0,0
-9,-9,-9,-9,-9,-9
0.47852,0.47852,0.47852,0.47852,0.47852,0.47852
2,2,2,2,2,2
0.40374,0.40374,0.40374,0.40374,0.40374,0.40374
0,0,0,0,0,0
-8,-8,-8,-8,-8,-8
0.47852,0.47852,0.47852,0.47852,0.47852,0.47852
2,2,2,2,2,2
0.39569,0.39569,0.39569,0.39569,0.39569,0.39569
0,0,0,0,0,0
-7,-7,-7,-7,-7,-7
0.47852,0.47852,0.47852,0.47852,0.47852,0.47852
2,2,2,2,2,2
0.38726,0.38726,0.38726,0.38726,0.38726,0.38726
0,0,0,0,0,0
-6,-6,-6,-6,-6,-6
0.47852,0.47852,0.47852,0.47852,0.47852,0.47852
2,2,2,2,2,2
0.37925,0.37925,0.37925,0.37925,0.37925,0.37925
0,0,0,0,0,0
-5,-5,-5,-5,-5,-5
0.47852,0.47852,0.47852,0.47852,0.47852,0.47852
2,2,2,2,2,2
0.37037,0.37037,0.37037,0.37037,0.37037,0.37037
20,20,20,20,20,20
-4,-4,-4,-4,-4,-4
0.47852,0.47852,0.47852,0.47852,0.47852,0.47852
2,2,2,2,2,2
0.36053,0.36053,0.36053,0.36053,0.36053,0.36053
20,20,20,20,20,20
-3,-3,-3,-3,-3,-3
0.47852,0.47852,0.47852,0.47852,0.47852,0.47852
2,2,2,2,2,2
0.34376,0.34376,0.34376,0.34376,0.34376,0.34376
25,25,25,25,25,25
-2,-2,-2,-2,-2,-2
0.47852,0.47852,0.47852,0.47852,0.47852,0.47852
2,2,2,2,2,2
0.27161,0.27161,0.27161,0.27161,0.27161,0.27161
40,40,40,40,40,40
-1,-1,-1,-1,-1,-1
0.47852,0.47852,0.47852,0.47852,0.47852,0.47852
2,2,2,2,2,2
0.25877,0.25877,0.25877,0.25877,0.25877,0.25877
40,40,40,40,40,40
0,0,0,0,0,0
0.47852,0.47852,0.47852,0.47852,0.47852,0.47852
2,2,2,2,2,2
0.24277,0.24277,0.24277,0.24277,0.24277,0.24277
40,40,40,40,40,40
1,1,1,1,1,1
0.47852,0.47852,0.47852,0.47852,0.47852,0.47852
2,2,2,2,2,2
0.21663,0.21663,0.21663,0.21663,0.21663,0.21663
40,40,40,40,40,40
2,2,2,2,2,2
0.47852,0.47852,0.47852,0.47852,0.47852,0.47852
2,2,2,2,2,2
0.19126,0.19126,0.19126,0.19126,0.19126,0.19126
40,40,40,40,40,40
3,3,3,3,3,3
0.47852,0.47852,0.47852,0.47852,0.47852,0.47852
2,2,2,2,2,2
0.025309,0.025309,0.025309,0.025309,0.025309,0.025309
95,95,95,95,95,95
4,4,4,4,4,4
0.47852,0.47852,0.47852,0.47852,0.47852,0.47852
2,2,2,2,2,2
0,0,0,0,0,0
100,100,100,100,100,100
5,5,5,5,5,5
0.47852,0.47852,0.47852,0.47852,0.47852,0.47852
2,2,2,2,2,2
0,0,0,0,0,0
100,100,100,100,100,100
6,6,6,6,6,6
0.47852,0.47852,0.47852,0.47852,0.47852,0.47852
2,2,2,2,2,2
0,0,0,0,0,0
100,100,100,100,100,100
7,7,7,7,7,7
0.47852,0.47852,0.47852,0.47852,0.47852,0.47852
2,2,2,2,2,2
0,0,0,0,0,0
100,100,100,100,100,100
8,8,8,8,8,8
0.47852,0.47852,0.47852,0.47852,0.47852,0.47852
2,2,2,2,2,2
0,0,0,0,0,0
100,100,100,100,100,100
9,9,9,9,9,9
0.47852,0.47852,0.47852,0.47852,0.47852,0.47852
2,2,2,2,2,2
0,0,0,0,0,0
100,100,100,100,100,100
10,10,10,10,10,10
0.47852,0.47852,0.47852,0.47852,0.47852,0.47852
2,2,2,2,2,2
0,0,0,0,0,0
100,100,100,100,100,100
11,11,11,11,11,11
0.47852,0.47852,0.47852,0.47852,0.47852,0.47852
2,2,2,2,2,2
0,0,0,0,0,0
100,100,100,100,100,100
12,12,12,12,12,12
0.47852,0.47852,0.47852,0.47852,0.47852,0.47852
2,2,2,2,2,2
0,0,0,0,0,0
100,100,100,100,100,100
13,13,13,13,13,13
0.47852,0.47852,0.47852,0.47852,0.47852,0.47852
2,2,2,2,2,2
0,0,0,0,0,0
100,100,100,100,100,100
14,14,14,14,14,14
0.47852,0.47852,0.47852,0.47852,0.47852,0.47852
2,2,2,2,2,2
0,0,0,0,0,0
100,100,100,100,100,100
15,15,15,15,15,15
0.47852,0.47852,0.47852,0.47852,0.47852,0.47852
2,2,2,2,2,2
0,0,0,0,0,0
100,100,100,100,100,100
16,16,16,16,16,16
0.47852,0.47852,0.47852,0.47852,0.47852,0.47852
2,2,2,2,2,2
0,0,0,0,0,0
100,100,100,100,100,100
17,17,17,17,17,17
0.47852,0.47852,0.47852,0.47852,0.47852,0.47852
2,2,2,2,2,2
0,0,0,0,0,0
100,100,100,100,100,100
18,18,18,18,18,18
0.47852,0.47852,0.47852,0.47852,0.47852,0.47852
2,2,2,2,2,2
0,0,0,0,0,0
100,100,100,100,100,100
19,19,19,19,19,19
0.47852,0.47852,0.47852,0.47852,0.47852,0.47852
2,2,2,2,2,2
0,0,0,0,0,0
100,100,100,100,100,100
20,20,20,20,20,20
0.47852,0.47852,0.47852,0.47852,0.47852,0.47852
2,2,2,2,2,2
0.48574,0.48574,0.48574,0.48574,0.48574,0.48574
0,0,0,0,0,0
-20,-20,-20,-20,-20,-20
0.53711,0.53711,0.53711,0.53711,0.53711,0.53711
2,2,2,2,2,2
0.48345,0.48345,0.48345,0.48345,0.48345,0.48345
0,0,0,0,0,0
-19,-19,-19,-19,-19,-19
0.53711,0.53711,0.53711,0.53711,0.53711,0.53711
2,2,2,2,2,2
0.478,0.478,0.478,0.478,0.478,0.478
0,0,0,0,0,0
-18,-18,-18,-18,-18,-18
0.53711,0.53711,0.53711,0.53711,0.53711,0.53711
2,2,2,2,2,2
0.47072,0.47072,0.47072,0.47072,0.47072,0.47072
0,0,0,0,0,0
-17,-17,-17,-17,-17,-17
0.53711,0.53711,0.53711,0.53711,0.53711,0.53711
2,2,2,2,2,2
0.46413,0.46413,0.46413,0.46413,0.46413,0.46413
0,0,0,0,0,0
-16,-16,-16,-16,-16,-16
0.53711,0.53711,0.53711,0.53711,0.53711,0.53711
2,2,2,2,2,2
0.45877,0.45877,0.45877,0.45877,0.45877,0.45877
0,0,0,0,0,0
-15,-15,-15,-15,-15,-15
0.53711,0.53711,0.53711,0.53711,0.53711,0.53711
2,2,2,2,2,2
0.45262,0.45262,0.45262,0.45262,0.45262,0.45262
0,0,0,0,0,0
-14,-14,-14,-14,-14,-14
0.53711,0.53711,0.53711,0.53711,0.53711,0.53711
2,2,2,2,2,2
0.44623,0.44623,0.44623,0.44623,0.44623,0.44623
0,0,0,0,0,0
-13,-13,-13,-13,-13,-13
0.53711,0.53711,0.53711,0.53711,0.53711,0.53711
2,2,2,2,2,2
0.43937,0.43937,0.43937,0.43937,0.43937,0.43937
0,0,0,0,0,0
-12,-12,-12,-12,-12,-12
0.53711,0.53711,0.53711,0.53711,0.53711,0.53711
2,2,2,2,2,2
0.43222,0.43222,0.43222,0.43222,0.43222,0.43222
0,0,0,0,0,0
-11,-11,-11,-11,-11,-11
0.53711,0.53711,0.53711,0.53711,0.53711,0.53711
2,2,2,2,2,2
0.42478,0.42478,0.42478,0.42478,0.42478,0.42478
0,0,0,0,0,0
-10,-10,-10,-10,-10,-10
0.53711,0.53711,0.53711,0.53711,0.53711,0.53711
2,2,2,2,2,2
0.41733,0.41733,0.41733,0.41733,0.41733,0.41733
0,0,0,0,0,0
-9,-9,-9,-9,-9,-9
0.53711,0.53711,0.53711,0.53711,0.53711,0.53711
2,2,2,2,2,2
0.40936,0.40936,0.40936,0.40936,0.40936,0.40936
0,0,0,0,0,0
-8,-8,-8,-8,-8,-8
0.53711,0.53711,0.53711,0.53711,0.53711,0.53711
2,2,2,2,2,2
0.40164,0.40164,0.40164,0.40164,0.40164,0.40164
0,0,0,0,0,0
-7,-7,-7,-7,-7,-7
0.53711,0.53711,0.53711,0.53711,0.53711,0.53711
2,2,2,2,2,2
0.39387,0.39387,0.39387,0.39387,0.39387,0.39387
0,0,0,0,0,0
-6,-6,-6,-6,-6,-6
0.53711,0.53711,0.53711,0.53711,0.53711,0.53711
2,2,2,2,2,2
0.38573,0.38573,0.38573,0.38573,0.38573,0.38573
0,0,0,0,0,0
-5,-5,-5,-5,-5,-5
0.53711,0.53711,0.53711,0.53711,0.53711,0.53711
2,2,2,2,2,2
0.3777,0.3777,0.3777,0.3777,0.3777,0.3777
0,0,0,0,0,0
-4,-4,-4,-4,-4,-4
0.53711,0.53711,0.53711,0.53711,0.53711,0.53711
2,2,2,2,2,2
0.36906,0.36906,0.36906,0.36906,0.36906,0.36906
20,20,20,20,20,20
-3,-3,-3,-3,-3,-3
0.53711,0.53711,0.53711,0.53711,0.53711,0.53711
2,2,2,2,2,2
0.36013,0.36013,0.36013,0.36013,0.36013,0.36013
20,20,20,20,20,20
-2,-2,-2,-2,-2,-2
0.53711,0.53711,0.53711,0.53711,0.53711,0.53711
2,2,2,2,2,2
0.30018,0.30018,0.30018,0.30018,0.30018,0.30018
40,40,40,40,40,40
-1,-1,-1,-1,-1,-1
0.53711,0.53711,0.53711,0.53711,0.53711,0.53711
2,2,2,2,2,2
0.27361,0.27361,0.27361,0.27361,0.27361,0.27361
40,40,40,40,40,40
0,0,0,0,0,0
0.53711,0.53711,0.53711,0.53711,0.53711,0.53711
2,2,2,2,2,2
0.25976,0.25976,0.25976,0.25976,0.25976,0.25976
40,40,40,40,40,40
1,1,1,1,1,1
0.53711,0.53711,0.53711,0.53711,0.53711,0.53711
2,2,2,2,2,2
0.23995,0.23995,0.23995,0.23995,0.23995,0.23995
40,40,40,40,40,40
2,2,2,2,2,2
0.53711,0.53711,0.53711,0.53711,0.53711,0.53711
2,2,2,2,2,2
0.21392,0.21392,0.21392,0.21392,0.21392,0.21392
40,40,40,40,40,40
3,3,3,3,3,3
0.53711,0.53711,0.53711,0.53711,0.53711,0.53711
2,2,2,2,2,2
0.19188,0.19188,0.19188,0.19188,0.19188,0.19188
40,40,40,40,40,40
4,4,4,4,4,4
0.53711,0.53711,0.53711,0.53711,0.53711,0.53711
2,2,2,2,2,2
0.025583,0.025583,0.025583,0.025583,0.025583,0.025583
95,95,95,95,95,95
5,5,5,5,5,5
0.53711,0.53711,0.53711,0.53711,0.53711,0.53711
2,2,2,2,2,2
0,0,0,0,0,0
100,100,100,100,100,100
6,6,6,6,6,6
0.53711,0.53711,0.53711,0.53711,0.53711,0.53711
2,2,2,2,2,2
0,0,0,0,0,0
100,100,100,100,100,100
7,7,7,7,7,7
0.53711,0.53711,0.53711,0.53711,0.53711,0.53711
2,2,2,2,2,2
0,0,0,0,0,0
100,100,100,100,100,100
8,8,8,8,8,8
0.53711,0.53711,0.53711,0.53711,0.53711,0.53711
2,2,2,2,2,2
0,0,0,0,0,0
100,100,100,100,100,100
9,9,9,9,9,9
0.53711,0.53711,0.53711,0.53711,0.53711,0.53711
2,2,2,2,2,2
0,0,0,0,0,0
100,100,100,100,100,100
10,10,10,10,10,10
0.53711,0.53711,0.53711,0.53711,0.53711,0.53711
2,2,2,2,2,2
0,0,0,0,0,0
100,100,100,100,100,100
11,11,11,11,11,11
0.53711,0.53711,0.53711,0.53711,0.53711,0.53711
2,2,2,2,2,2
0,0,0,0,0,0
100,100,100,100,100,100
12,12,12,12,12,12
0.53711,0.53711,0.53711,0.53711,0.53711,0.53711
2,2,2,2,2,2
0,0,0,0,0,0
100,100,100,100,100,100
13,13,13,13,13,13
0.53711,0.53711,0.53711,0.53711,0.53711,0.53711
2,2,2,2,2,2
0,0,0,0,0,0
100,100,100,100,100,100
14,14,14,14,14,14
0.53711,0.53711,0.53711,0.53711,0.53711,0.53711
2,2,2,2,2,2
0,0,0,0,0,0
100,100,100,100,100,100
15,15,15,15,15,15
0.53711,0.53711,0.53711,0.53711,0.53711,0.53711
2,2,2,2,2,2
0,0,0,0,0,0
100,100,100,100,100,100
16,16,16,16,16,16
0.53711,0.53711,0.53711,0.53711,0.53711,0.53711
2,2,2,2,2,2
0,0,0,0,0,0
100,100,100,100,100,100
17,17,17,17,17,17
0.53711,0.53711,0.53711,0.53711,0.53711,0.53711
2,2,2,2,2,2
0,0,0,0,0,0
100,100,100,100,100,100
18,18,18,18,18,18
0.53711,0.53711,0.53711,0.53711,0.53711,0.53711
2,2,2,2,2,2
0,0,0,0,0,0
100,100,100,100,100,100
19,19,19,19,19,19
0.53711,0.53711,0.53711,0.53711,0.53711,0.53711
2,2,2,2,2,2
0,0,0,0,0,0
100,100,100,100,100,100
20,20,20,20,20,20
0.53711,0.53711,0.53711,0.53711,0.53711,0.53711
2,2,2,2,2,2
0.48658,0.48658,0.48658,0.48658,0.48658,0.48658
0,0,0,0,0,0
-20,-20,-20,-20,-20,-20
0.58594,0.58594,0.58594,0.58594,0.58594,0.58594
2,2,2,2,2,2
0.48443,0.48443,0.48443,0.48443,0.48443,0.48443
0,0,0,0,0,0
-19,-19,-19,-19,-19,-19
0.58594,0.58594,0.58594,0.58594,0.58594,0.58594
2,2,2,2,2,2
0.4799,0.4799,0.4799,0.4799,0.4799,0.4799
0,0,0,0,0,0
-18,-18,-18,-18,-18,-18
0.58594,0.58594,0.58594,0.58594,0.58594,0.58594
2,2,2,2,2,2
0.47492,0.47492,0.47492,0.47492,0.47492,0.47492
0,0,0,0,0,0
-17,-17,-17,-17,-17,-17
0.58594,0.58594,0.58594,0.58594,0.58594,0.58594
2,2,2,2,2,2
0.4668,0.4668,0.4668,0.4668,0.4668,0.4668
0,0,0,0,0,0
-16,-16,-16,-16,-16,-16
0.58594,0.58594,0.58594,0.58594,0.58594,0.58594
2,2,2,2,2,2
0.46192,0.46192,0.46192,0.46192,0.46192,0.46192
0,0,0,0,0,0
-15,-15,-15,-15,-15,-15
0.58594,0.58594,0.58594,0.58594,0.58594,0.58594
2,2,2,2,2,2
0.45639,0.45639,0.45639,0.45639,0.45639,0.45639
0,0,0,0,0,0
-14,-14,-14,-14,-14,-14
0.58594,0.58594,0.58594,0.58594,0.58594,0.58594
2,2,2,2,2,2
0.45044,0.45044,0.45044,0.45044,0.45044,0.45044
0,0,0,0,0,0
-13,-13,-13,-13,-13,-13
0.58594,0.58594,0.58594,0.58594,0.58594,0.58594
2,2,2,2,2,2
0.44388,0.44388,0.44388,0.44388,0.44388,0.44388
0,0,0,0,0,0
-12,-12,-12,-12,-12,-12
0.58594,0.58594,0.58594,0.58594,0.58594,0.58594
2,2,2,2,2,2
0.43681,0.43681,0.43681,0.43681,0.43681,0.43681
0,0,0,0,0,0
-11,-11,-11,-11,-11,-11
0.58594,0.58594,0.58594,0.58594,0.58594,0.58594
2,2,2,2,2,2
0.42967,0.42967,0.42967,0.42967,0.42967,0.42967
0,0,0,0,0,0
-10,-10,-10,-10,-10,-10
0.58594,0.58594,0.58594,0.58594,0.58594,0.58594
2,2,2,2,2,2
0.42212,0.42212,0.42212,0.42212,0.42212,0.42212
0,0,0,0,0,0
-9,-9,-9,-9,-9,-9
0.58594,0.58594,0.58594,0.58594,0.58594,0.58594
2,2,2,2,2,2
0.4143,0.4143,0.4143,0.4143,0.4143,0.4143
0,0,0,0,0,0
-8,-8,-8,-8,-8,-8
0.58594,0.58594,0.58594,0.58594,0.58594,0.58594
2,2,2,2,2,2
0.40636,0.40636,0.40636,0.40636,0.40636,0.40636
0,0,0,0,0,0
-7,-7,-7,-7,-7,-7
0.58594,0.58594,0.58594,0.58594,0.58594,0.58594
2,2,2,2,2,2
0.39821,0.39821,0.39821,0.39821,0.39821,0.39821
0,0,0,0,0,0
-6,-6,-6,-6,-6,-6
0.58594,0.58594,0.58594,0.58594,0.58594,0.58594
2,2,2,2,2,2
0.39045,0.39045,0.39045,0.39045,0.39045,0.39045
0,0,0,0,0,0
-5,-5,-5,-5,-5,-5
0.58594,0.58594,0.58594,0.58594,0.58594,0.58594
2,2,2,2,2,2
0.38247,0.38247,0.38247,0.38247,0.38247,0.38247
0,0,0,0,0,0
-4,-4,-4,-4,-4,-4
0.58594,0.58594,0.58594,0.58594,0.58594,0.58594
2,2,2,2,2,2
0.37407,0.37407,0.37407,0.37407,0.37407,0.37407
0,0,0,0,0,0
-3,-3,-3,-3,-3,-3
0.58594,0.58594,0.58594,0.58594,0.58594,0.58594
2,2,2,2,2,2
0.36558,0.36558,0.36558,0.36558,0.36558,0.36558
20,20,20,20,20,20
-2,-2,-2,-2,-2,-2
0.58594,0.58594,0.58594,0.58594,0.58594,0.58594
2,2,2,2,2,2
0.35709,0.35709,0.35709,0.35709,0.35709,0.35709
20,20,20,20,20,20
-1,-1,-1,-1,-1,-1
0.58594,0.58594,0.58594,0.58594,0.58594,0.58594
2,2,2,2,2,2
0.28185,0.28185,0.28185,0.28185,0.28185,0.28185
40,40,40,40,40,40
0,0,0,0,0,0
0.58594,0.58594,0.58594,0.58594,0.58594,0.58594
2,2,2,2,2,2
0.27169,0.27169,0.27169,0.27169,0.27169,0.27169
40,40,40,40,40,40
1,1,1,1,1,1
0.58594,0.58594,0.58594,0.58594,0.58594,0.58594
2,2,2,2,2,2
0.25878,0.25878,0.25878,0.25878,0.25878,0.25878
40,40,40,40,40,40
2,2,2,2,2,2
0.58594,0.58594,0.58594,0.58594,0.58594,0.58594
2,2,2,2,2,2
0.24193,0.24193,0.24193,0.24193,0.24193,0.24193
40,40,40,40,40,40
3,3,3,3,3,3
0.58594,0.58594,0.58594,0.58594,0.58594,0.58594
2,2,2,2,2,2
0.21644,0.21644,0.21644,0.21644,0.21644,0.21644
40,40,40,40,40,40
4,4,4,4,4,4
0.58594,0.58594,0.58594,0.58594,0.58594,0.58594
2,2,2,2,2,2
0.19223,0.19223,0.19223,0.19223,0.19223,0.19223
40,40,40,40,40,40
5,5,5,5,5,5
0.58594,0.58594,0.58594,0.58594,0.58594,0.58594
2,2,2,2,2,2
0.02583,0.02583,0.02583,0.02583,0.02583,0.02583
95,95,95,95,95,95
6,6,6,6,6,6
0.58594,0.58594,0.58594,0.58594,0.58594,0.58594
2,2,2,2,2,2
0.012441,0.012441,0.012441,0.012441,0.012441,0.012441
97.5,97.5,97.5,97.5,97.5,97.5
7,7,7,7,7,7
0.58594,0.58594,0.58594,0.58594,0.58594,0.58594
2,2,2,2,2,2
0,0,0,0,0,0
100,100,100,100,100,100
8,8,8,8,8,8
0.58594,0.58594,0.58594,0.58594,0.58594,0.58594
2,2,2,2,2,2
0,0,0,0,0,0
100,100,100,100,100,100
9,9,9,9,9,9
0.58594,0.58594,0.58594,0.58594,0.58594,0.58594
2,2,2,2,2,2
0,0,0,0,0,0
100,100,100,100,100,100
10,10,10,10,10,10
0.58594,0.58594,0.58594,0.58594,0.58594,0.58594
2,2,2,2,2,2
0,0,0,0,0,0
100,100,100,100,100,100
11,11,11,11,11,11
0.58594,0.58594,0.58594,0.58594,0.58594,0.58594
2,2,2,2,2,2
0,0,0,0,0,0
100,100,100,100,100,100
12,12,12,12,12,12
0.58594,0.58594,0.58594,0.58594,0.58594,0.58594
2,2,2,2,2,2
0,0,0,0,0,0
100,100,100,100,100,100
13,13,13,13,13,13
0.58594,0.58594,0.58594,0.58594,0.58594,0.58594
2,2,2,2,2,2
0,0,0,0,0,0
100,100,100,100,100,100
14,14,14,14,14,14
0.58594,0.58594,0.58594,0.58594,0.58594,0.58594
2,2,2,2,2,2
0,0,0,0,0,0
100,100,100,100,100,100
15,15,15,15,15,15
0.58594,0.58594,0.58594,0.58594,0.58594,0.58594
2,2,2,2,2,2
0,0,0,0,0,0
100,100,100,100,100,100
16,16,16,16,16,16
0.58594,0.58594,0.58594,0.58594,0.58594,0.58594
2,2,2,2,2,2
0,0,0,0,0,0
100,100,100,100,100,100
17,17,17,17,17,17
0.58594,0.58594,0.58594,0.58594,0.58594,0.58594
2,2,2,2,2,2
0,0,0,0,0,0
100,100,100,100,100,100
18,18,18,18,18,18
0.58594,0.58594,0.58594,0.58594,0.58594,0.58594
2,2,2,2,2,2
0,0,0,0,0,0
100,100,100,100,100,100
19,19,19,19,19,19
0.58594,0.58594,0.58594,0.58594,0.58594,0.58594
2,2,2,2,2,2
0,0,0,0,0,0
100,100,100,100,100,100
20,20,20,20,20,20
0.58594,0.58594,0.58594,0.58594,0.58594,0.58594
2,2,2,2,2,2
0.48822,0.48822,0.48822,0.48822,0.48822,0.48822
0,0,0,0,0,0
-20,-20,-20,-20,-20,-20
0.64453,0.64453,0.64453,0.64453,0.64453,0.64453
2,2,2,2,2,2
0.48626,0.48626,0.48626,0.48626,0.48626,0.48626
0,0,0,0,0,0
-19,-19,-19,-19,-19,-19
0.64453,0.64453,0.64453,0.64453,0.64453,0.64453
2,2,2,2,2,2
0.47699,0.47699,0.47699,0.47699,0.47699,0.47699
0,0,0,0,0,0
-18,-18,-18,-18,-18,-18
0.64453,0.64453,0.64453,0.64453,0.64453,0.64453
2,2,2,2,2,2
0.47316,0.47316,0.47316,0.47316,0.47316,0.47316
0,0,0,0,0,0
-17,-17,-17,-17,-17,-17
0.64453,0.64453,0.64453,0.64453,0.64453,0.64453
2,2,2,2,2,2
0.46884,0.46884,0.46884,0.46884,0.46884,0.46884
0,0,0,0,0,0
-16,-16,-16,-16,-16,-16
0.64453,0.64453,0.64453,0.64453,0.64453,0.64453
2,2,2,2,2,2
0.46404,0.46404,0.46404,0.46404,0.46404,0.46404
0,0,0,0,0,0
-15,-15,-15,-15,-15,-15
0.64453,0.64453,0.64453,0.64453,0.64453,0.64453
2,2,2,2,2,2
0.45863,0.45863,0.45863,0.45863,0.45863,0.45863
0,0,0,0,0,0
-14,-14,-14,-14,-14,-14
0.64453,0.64453,0.64453,0.64453,0.64453,0.64453
2,2,2,2,2,2
0.45278,0.45278,0.45278,0.45278,0.45278,0.45278
0,0,0,0,0,0
-13,-13,-13,-13,-13,-13
0.64453,0.64453,0.64453,0.64453,0.64453,0.64453
2,2,2,2,2,2
0.44646,0.44646,0.44646,0.44646,0.44646,0.44646
0,0,0,0,0,0
-12,-12,-12,-12,-12,-12
0.64453,0.64453,0.64453,0.64453,0.64453,0.64453
2,2,2,2,2,2
0.43976,0.43976,0.43976,0.43976,0.43976,0.43976
0,0,0,0,0,0
-11,-11,-11,-11,-11,-11
0.64453,0.64453,0.64453,0.64453,0.64453,0.64453
2,2,2,2,2,2
0.43238,0.43238,0.43238,0.43238,0.43238,0.43238
0,0,0,0,0,0
-10,-10,-10,-10,-10,-10
0.64453,0.64453,0.64453,0.64453,0.64453,0.64453
2,2,2,2,2,2
0.42494,0.42494,0.42494,0.42494,0.42494,0.42494
0,0,0,0,0,0
-9,-9,-9,-9,-9,-9
0.64453,0.64453,0.64453,0.64453,0.64453,0.64453
2,2,2,2,2,2
0.41728,0.41728,0.41728,0.41728,0.41728,0.41728
0,0,0,0,0,0
-8,-8,-8,-8,-8,-8
0.64453,0.64453,0.64453,0.64453,0.64453,0.64453
2,2,2,2,2,2
0.40944,0.40944,0.40944,0.40944,0.40944,0.40944
0,0,0,0,0,0
-7,-7,-7,-7,-7,-7
0.64453,0.64453,0.64453,0.64453,0.64453,0.64453
2,2,2,2,2,2
0.40146,0.40146,0.40146,0.40146,0.40146,0.40146
0,0,0,0,0,0
-6,-6,-6,-6,-6,-6
0.64453,0.64453,0.64453,0.64453,0.64453,0.64453
2,2,2,2,2,2
0.3933,0.3933,0.3933,0.3933,0.3933,0.3933
0,0,0,0,0,0
-5,-5,-5,-5,-5,-5
0.64453,0.64453,0.64453,0.64453,0.64453,0.64453
2,2,2,2,2,2
0.38534,0.38534,0.38534,0.38534,0.38534,0.38534
0,0,0,0,0,0
-4,-4,-4,-4,-4,-4
0.64453,0.64453,0.64453,0.64453,0.64453,0.64453
2,2,2,2,2,2
0.37768,0.37768,0.37768,0.37768,0.37768,0.37768
0,0,0,0,0,0
-3,-3,-3,-3,-3,-3
0.64453,0.64453,0.64453,0.64453,0.64453,0.64453
2,2,2,2,2,2
0.36987,0.36987,0.36987,0.36987,0.36987,0.36987
12.5,12.5,12.5,12.5,12.5,12.5
-2,-2,-2,-2,-2,-2
0.64453,0.64453,0.64453,0.64453,0.64453,0.64453
2,2,2,2,2,2
0.36061,0.36061,0.36061,0.36061,0.36061,0.36061
20,20,20,20,20,20
-1,-1,-1,-1,-1,-1
0.64453,0.64453,0.64453,0.64453,0.64453,0.64453
2,2,2,2,2,2
0.35403,0.35403,0.35403,0.35403,0.35403,0.35403
22.5,22.5,22.5,22.5,22.5,22.5
0,0,0,0,0,0
0.64453,0.64453,0.64453,0.64453,0.64453,0.64453
2,2,2,2,2,2
0.28649,0.28649,0.28649,0.28649,0.28649,0.28649
40,40,40,40,40,40
1,1,1,1,1,1
0.64453,0.64453,0.64453,0.64453,0.64453,0.64453
2,2,2,2,2,2
0.26689,0.26689,0.26689,0.26689,0.26689,0.26689
40,40,40,40,40,40
2,2,2,2,2,2
0.64453,0.64453,0.64453,0.64453,0.64453,0.64453
2,2,2,2,2,2
0.25528,0.25528,0.25528,0.25528,0.25528,0.25528
40,40,40,40,40,40
3,3,3,3,3,3
0.64453,0.64453,0.64453,0.64453,0.64453,0.64453
2,2,2,2,2,2
0.24072,0.24072,0.24072,0.24072,0.24072,0.24072
40,40,40,40,40,40
4,4,4,4,4,4
0.64453,0.64453,0.64453,0.64453,0.64453,0.64453
2,2,2,2,2,2
0.21784,0.21784,0.21784,0.21784,0.21784,0.21784
40,40,40,40,40,40
5,5,5,5,5,5
0.64453,0.64453,0.64453,0.64453,0.64453,0.64453
2,2,2,2,2,2
0.19188,0.19188,0.19188,0.19188,0.19188,0.19188
40,40,40,40,40,40
6,6,6,6,6,6
0.64453,0.64453,0.64453,0.64453,0.64453,0.64453
2,2,2,2,2,2
0.026528,0.026528,0.026528,0.026528,0.026528,0.026528
95,95,95,95,95,95
7,7,7,7,7,7
0.64453,0.64453,0.64453,0.64453,0.64453,0.64453
2,2,2,2,2,2
0.025019,0.025019,0.025019,0.025019,0.025019,0.025019
95,95,95,95,95,95
8,8,8,8,8,8
0.64453,0.64453,0.64453,0.64453,0.64453,0.64453
2,2,2,2,2,2
0,0,0,0,0,0
100,100,100,100,100,100
9,9,9,9,9,9
0.64453,0.64453,0.64453,0.64453,0.64453,0.64453
2,2,2,2,2,2
0,0,0,0,0,0
100,100,100,100,100,100
10,10,10,10,10,10
0.64453,0.64453,0.64453,0.64453,0.64453,0.64453
2,2,2,2,2,2
0,0,0,0,0,0
100,100,100,100,100,100
11,11,11,11,11,11
0.64453,0.64453,0.64453,0.64453,0.64453,0.64453
2,2,2,2,2,2
0,0,0,0,0,0
100,100,100,100,100,100
12,12,12,12,12,12
0.64453,0.64453,0.64453,0.64453,0.64453,0.64453
2,2,2,2,2,2
0,0,0,0,0,0
100,100,100,100,100,100
13,13,13,13,13,13
0.64453,0.64453,0.64453,0.64453,0.64453,0.64453
2,2,2,2,2,2
0,0,0,0,0,0
100,100,100,100,100,100
14,14,14,14,14,14
0.64453,0.64453,0.64453,0.64453,0.64453,0.64453
2,2,2,2,2,2
0,0,0,0,0,0
100,100,100,100,100,100
15,15,15,15,15,15
0.64453,0.64453,0.64453,0.64453,0.64453,0.64453
2,2,2,2,2,2
0,0,0,0,0,0
100,100,100,100,100,100
16,16,16,16,16,16
0.64453,0.64453,0.64453,0.64453,0.64453,0.64453
2,2,2,2,2,2
0,0,0,0,0,0
100,100,100,100,100,100
17,17,17,17,17,17
0.64453,0.64453,0.64453,0.64453,0.64453,0.64453
2,2,2,2,2,2
0,0,0,0,0,0
100,100,100,100,100,100
18,18,18,18,18,18
0.64453,0.64453,0.64453,0.64453,0.64453,0.64453
2,2,2,2,2,2
0,0,0,0,0,0
100,100,100,100,100,100
19,19,19,19,19,19
0.64453,0.64453,0.64453,0.64453,0.64453,0.64453
2,2,2,2,2,2
0,0,0,0,0,0
100,100,100,100,100,100
20,20,20,20,20,20
0.64453,0.64453,0.64453,0.64453,0.64453,0.64453
2,2,2,2,2,2
0.48997,0.48997,0.48997,0.48997,0.48997,0.48997
0,0,0,0,0,0
-20,-20,-20,-20,-20,-20
0.70313,0.70313,0.70313,0.70313,0.70313,0.70313
2,2,2,2,2,2
0.48765,0.48765,0.48765,0.48765,0.48765,0.48765
0,0,0,0,0,0
-19,-19,-19,-19,-19,-19
0.70313,0.70313,0.70313,0.70313,0.70313,0.70313
2,2,2,2,2,2
0.48525,0.48525,0.48525,0.48525,0.48525,0.48525
0,0,0,0,0,0
-18,-18,-18,-18,-18,-18
0.70313,0.70313,0.70313,0.70313,0.70313,0.70313
2,2,2,2,2,2
0.47885,0.47885,0.47885,0.47885,0.47885,0.47885
0,0,0,0,0,0
-17,-17,-17,-17,-17,-17
0.70313,0.70313,0.70313,0.70313,0.70313,0.70313
2,2,2,2,2,2
0.47236,0.47236,0.47236,0.47236,0.47236,0.47236
0,0,0,0,0,0
-16,-16,-16,-16,-16,-16
0.70313,0.70313,0.70313,0.70313,0.70313,0.70313
2,2,2,2,2,2
0.46757,0.46757,0.46757,0.46757,0.46757,0.46757
0,0,0,0,0,0
-15,-15,-15,-15,-15,-15
0.70313,0.70313,0.70313,0.70313,0.70313,0.70313
2,2,2,2,2,2
0.46242,0.46242,0.46242,0.46242,0.46242,0.46242
0,0,0,0,0,0
-14,-14,-14,-14,-14,-14
0.70313,0.70313,0.70313,0.70313,0.70313,0.70313
2,2,2,2,2,2
0.45702,0.45702,0.45702,0.45702,0.45702,0.45702
0,0,0,0,0,0
-13,-13,-13,-13,-13,-13
0.70313,0.70313,0.70313,0.70313,0.70313,0.70313
2,2,2,2,2,2
0.45089,0.45089,0.45089,0.45089,0.45089,0.45089
0,0,0,0,0,0
-12,-12,-12,-12,-12,-12
0.70313,0.70313,0.70313,0.70313,0.70313,0.70313
2,2,2,2,2,2
0.44412,0.44412,0.44412,0.44412,0.44412,0.44412
0,0,0,0,0,0
-11,-11,-11,-11,-11,-11
0.70313,0.70313,0.70313,0.70313,0.70313,0.70313
2,2,2,2,2,2
0.43699,0.43699,0.43699,0.43699,0.43699,0.43699
0,0,0,0,0,0
-10,-10,-10,-10,-10,-10
0.70313,0.70313,0.70313,0.70313,0.70313,0.70313
2,2,2,2,2,2
0.42947,0.42947,0.42947,0.42947,0.42947,0.42947
0,0,0,0,0,0
-9,-9,-9,-9,-9,-9
0.70313,0.70313,0.70313,0.70313,0.70313,0.70313
2,2,2,2,2,2
0.42156,0.42156,0.42156,0.42156,0.42156,0.42156
0,0,0,0,0,0
-8,-8,-8,-8,-8,-8
0.70313,0.70313,0.70313,0.70313,0.70313,0.70313
2,2,2,2,2,2
0.41362,0.41362,0.41362,0.41362,0.41362,0.41362
0,0,0,0,0,0
-7,-7,-7,-7,-7,-7
0.70313,0.70313,0.70313,0.70313,0.70313,0.70313
2,2,2,2,2,2
0.40541,0.40541,0.40541,0.40541,0.40541,0.40541
0,0,0,0,0,0
-6,-6,-6,-6,-6,-6
0.70313,0.70313,0.70313,0.70313,0.70313,0.70313
2,2,2,2,2,2
0.39729,0.39729,0.39729,0.39729,0.39729,0.39729
0,0,0,0,0,0
-5,-5,-5,-5,-5,-5
0.70313,0.70313,0.70313,0.70313,0.70313,0.70313
2,2,2,2,2,2
0.38938,0.38938,0.38938,0.38938,0.38938,0.38938
0,0,0,0,0,0
-4,-4,-4,-4,-4,-4
0.70313,0.70313,0.70313,0.70313,0.70313,0.70313
2,2,2,2,2,2
0.38171,0.38171,0.38171,0.38171,0.38171,0.38171
0,0,0,0,0,0
-3,-3,-3,-3,-3,-3
0.70313,0.70313,0.70313,0.70313,0.70313,0.70313
2,2,2,2,2,2
0.37445,0.37445,0.37445,0.37445,0.37445,0.37445
0,0,0,0,0,0
-2,-2,-2,-2,-2,-2
0.70313,0.70313,0.70313,0.70313,0.70313,0.70313
2,2,2,2,2,2
0.36599,0.36599,0.36599,0.36599,0.36599,0.36599
20,20,20,20,20,20
-1,-1,-1,-1,-1,-1
0.70313,0.70313,0.70313,0.70313,0.70313,0.70313
2,2,2,2,2,2
0.35826,0.35826,0.35826,0.35826,0.35826,0.35826
20,20,20,20,20,20
0,0,0,0,0,0
0.70313,0.70313,0.70313,0.70313,0.70313,0.70313
2,2,2,2,2,2
0.32651,0.32651,0.32651,0.32651,0.32651,0.32651
32.5,32.5,32.5,32.5,32.5,32.5
1,1,1,1,1,1
0.70313,0.70313,0.70313,0.70313,0.70313,0.70313
2,2,2,2,2,2
0.27365,0.27365,0.27365,0.27365,0.27365,0.27365
40,40,40,40,40,40
2,2,2,2,2,2
0.70313,0.70313,0.70313,0.70313,0.70313,0.70313
2,2,2,2,2,2
0.26332,0.26332,0.26332,0.26332,0.26332,0.26332
40,40,40,40,40,40
3,3,3,3,3,3
0.70313,0.70313,0.70313,0.70313,0.70313,0.70313
2,2,2,2,2,2
0.25225,0.25225,0.25225,0.25225,0.25225,0.25225
40,40,40,40,40,40
4,4,4,4,4,4
0.70313,0.70313,0.70313,0.70313,0.70313,0.70313
2,2,2,2,2,2
0.239,0.239,0.239,0.239,0.239,0.239
40,40,40,40,40,40
5,5,5,5,5,5
0.70313,0.70313,0.70313,0.70313,0.70313,0.70313
2,2,2,2,2,2
0.21962,0.21962,0.21962,0.21962,0.21962,0.21962
40,40,40,40,40,40
6,6,6,6,6,6
0.70313,0.70313,0.70313,0.70313,0.70313,0.70313
2,2,2,2,2,2
0.19506,0.19506,0.19506,0.19506,0.19506,0.19506
40,40,40,40,40,40
7,7,7,7,7,7
0.70313,0.70313,0.70313,0.70313,0.70313,0.70313
2,2,2,2,2,2
0.07735,0.07735,0.07735,0.07735,0.07735,0.07735
82.5,82.5,82.5,82.5,82.5,82.5
8,8,8,8,8,8
0.70313,0.70313,0.70313,0.70313,0.70313,0.70313
2,2,2,2,2,2
0.02546,0.02546,0.02546,0.02546,0.02546,0.02546
95,95,95,95,95,95
9,9,9,9,9,9
0.70313,0.70313,0.70313,0.70313,0.70313,0.70313
2,2,2,2,2,2
0,0,0,0,0,0
100,100,100,100,100,100
10,10,10,10,10,10
0.70313,0.70313,0.70313,0.70313,0.70313,0.70313
2,2,2,2,2,2
0,0,0,0,0,0
100,100,100,100,100,100
11,11,11,11,11,11
0.70313,0.70313,0.70313,0.70313,0.70313,0.70313
2,2,2,2,2,2
0,0,0,0,0,0
100,100,100,100,100,100
12,12,12,12,12,12
0.70313,0.70313,0.70313,0.70313,0.70313,0.70313
2,2,2,2,2,2
0,0,0,0,0,0
100,100,100,100,100,100
13,13,13,13,13,13
0.70313,0.70313,0.70313,0.70313,0.70313,0.70313
2,2,2,2,2,2
0,0,0,0,0,0
100,100,100,100,100,100
14,14,14,14,14,14
0.70313,0.70313,0.70313,0.70313,0.70313,0.70313
2,2,2,2,2,2
0,0,0,0,0,0
100,100,100,100,100,100
15,15,15,15,15,15
0.70313,0.70313,0.70313,0.70313,0.70313,0.70313
2,2,2,2,2,2
0,0,0,0,0,0
100,100,100,100,100,100
16,16,16,16,16,16
0.70313,0.70313,0.70313,0.70313,0.70313,0.70313
2,2,2,2,2,2
0,0,0,0,0,0
100,100,100,100,100,100
17,17,17,17,17,17
0.70313,0.70313,0.70313,0.70313,0.70313,0.70313
2,2,2,2,2,2
0,0,0,0,0,0
100,100,100,100,100,100
18,18,18,18,18,18
0.70313,0.70313,0.70313,0.70313,0.70313,0.70313
2,2,2,2,2,2
0,0,0,0,0,0
100,100,100,100,100,100
19,19,19,19,19,19
0.70313,0.70313,0.70313,0.70313,0.70313,0.70313
2,2,2,2,2,2
0,0,0,0,0,0
100,100,100,100,100,100
20,20,20,20,20,20
0.70313,0.70313,0.70313,0.70313,0.70313,0.70313
2,2,2,2,2,2
0.49023,0.49023,0.49023,0.49023,0.49023,0.49023
0,0,0,0,0,0
-20,-20,-20,-20,-20,-20
0.75195,0.75195,0.75195,0.75195,0.75195,0.75195
2,2,2,2,2,2
0.48677,0.48677,0.48677,0.48677,0.48677,0.48677
0,0,0,0,0,0
-19,-19,-19,-19,-19,-19
0.75195,0.75195,0.75195,0.75195,0.75195,0.75195
2,2,2,2,2,2
0.48436,0.48436,0.48436,0.48436,0.48436,0.48436
0,0,0,0,0,0
-18,-18,-18,-18,-18,-18
0.75195,0.75195,0.75195,0.75195,0.75195,0.75195
2,2,2,2,2,2
0.47857,0.47857,0.47857,0.47857,0.47857,0.47857
0,0,0,0,0,0
-17,-17,-17,-17,-17,-17
0.75195,0.75195,0.75195,0.75195,0.75195,0.75195
2,2,2,2,2,2
0.47341,0.47341,0.47341,0.47341,0.47341,0.47341
0,0,0,0,0,0
-16,-16,-16,-16,-16,-16
0.75195,0.75195,0.75195,0.75195,0.75195,0.75195
2,2,2,2,2,2
0.46836,0.46836,0.46836,0.46836,0.46836,0.46836
0,0,0,0,0,0
-15,-15,-15,-15,-15,-15
0.75195,0.75195,0.75195,0.75195,0.75195,0.75195
2,2,2,2,2,2
0.46346,0.46346,0.46346,0.46346,0.46346,0.46346
0,0,0,0,0,0
-14,-14,-14,-14,-14,-14
0.75195,0.75195,0.75195,0.75195,0.75195,0.75195
2,2,2,2,2,2
0.4579,0.4579,0.4579,0.4579,0.4579,0.4579
0,0,0,0,0,0
-13,-13,-13,-13,-13,-13
0.75195,0.75195,0.75195,0.75195,0.75195,0.75195
2,2,2,2,2,2
0.45193,0.45193,0.45193,0.45193,0.45193,0.45193
0,0,0,0,0,0
-12,-12,-12,-12,-12,-12
0.75195,0.75195,0.75195,0.75195,0.75195,0.75195
2,2,2,2,2,2
0.4453,0.4453,0.4453,0.4453,0.4453,0.4453
0,0,0,0,0,0
-11,-11,-11,-11,-11,-11
0.75195,0.75195,0.75195,0.75195,0.75195,0.75195
2,2,2,2,2,2
0.43826,0.43826,0.43826,0.43826,0.43826,0.43826
0,0,0,0,0,0
-10,-10,-10,-10,-10,-10
0.75195,0.75195,0.75195,0.75195,0.75195,0.75195
2,2,2,2,2,2
0.43106,0.43106,0.43106,0.43106,0.43106,0.43106
0,0,0,0,0,0
-9,-9,-9,-9,-9,-9
0.75195,0.75195,0.75195,0.75195,0.75195,0.75195
2,2,2,2,2,2
0.42348,0.42348,0.42348,0.42348,0.42348,0.42348
0,0,0,0,0,0
-8,-8,-8,-8,-8,-8
0.75195,0.75195,0.75195,0.75195,0.75195,0.75195
2,2,2,2,2,2
0.41564,0.41564,0.41564,0.41564,0.41564,0.41564
0,0,0,0,0,0
-7,-7,-7,-7,-7,-7
0.75195,0.75195,0.75195,0.75195,0.75195,0.75195
2,2,2,2,2,2
0.4075,0.4075,0.4075,0.4075,0.4075,0.4075
0,0,0,0,0,0
-6,-6,-6,-6,-6,-6
0.75195,0.75195,0.75195,0.75195,0.75195,0.75195
2,2,2,2,2,2
0.39955,0.39955,0.39955,0.39955,0.39955,0.39955
0,0,0,0,0,0
-5,-5,-5,-5,-5,-5
0.75195,0.75195,0.75195,0.75195,0.75195,0.75195
2,2,2,2,2,2
0.39163,0.39163,0.39163,0.39163,0.39163,0.39163
0,0,0,0,0,0
-4,-4,-4,-4,-4,-4
0.75195,0.75195,0.75195,0.75195,0.75195,0.75195
2,2,2,2,2,2
0.38418,0.38418,0.38418,0.38418,0.38418,0.38418
0,0,0,0,0,0
-3,-3,-3,-3,-3,-3
0.75195,0.75195,0.75195,0.75195,0.75195,0.75195
2,2,2,2,2,2
0.37671,0.37671,0.37671,0.37671,0.37671,0.37671
0,0,0,0,0,0
-2,-2,-2,-2,-2,-2
0.75195,0.75195,0.75195,0.75195,0.75195,0.75195
2,2,2,2,2,2
0.36866,0.36866,0.36866,0.36866,0.36866,0.36866
10,10,10,10,10,10
-1,-1,-1,-1,-1,-1
0.75195,0.75195,0.75195,0.75195,0.75195,0.75195
2,2,2,2,2,2
0.36163,0.36163,0.36163,0.36163,0.36163,0.36163
20,20,20,20,20,20
0,0,0,0,0,0
0.75195,0.75195,0.75195,0.75195,0.75195,0.75195
2,2,2,2,2,2
0.35439,0.35439,0.35439,0.35439,0.35439,0.35439
20,20,20,20,20,20
1,1,1,1,1,1
0.75195,0.75195,0.75195,0.75195,0.75195,0.75195
2,2,2,2,2,2
0.29479,0.29479,0.29479,0.29479,0.29479,0.29479
40,40,40,40,40,40
2,2,2,2,2,2
0.75195,0.75195,0.75195,0.75195,0.75195,0.75195
2,2,2,2,2,2
0.268,0.268,0.268,0.268,0.268,0.268
40,40,40,40,40,40
3,3,3,3,3,3
0.75195,0.75195,0.75195,0.75195,0.75195,0.75195
2,2,2,2,2,2
0.25839,0.25839,0.25839,0.25839,0.25839,0.25839
40,40,40,40,40,40
4,4,4,4,4,4
0.75195,0.75195,0.75195,0.75195,0.75195,0.75195
2,2,2,2,2,2
0.24805,0.24805,0.24805,0.24805,0.24805,0.24805
40,40,40,40,40,40
5,5,5,5,5,5
0.75195,0.75195,0.75195,0.75195,0.75195,0.75195
2,2,2,2,2,2
0.23525,0.23525,0.23525,0.23525,0.23525,0.23525
40,40,40,40,40,40
6,6,6,6,6,6
0.75195,0.75195,0.75195,0.75195,0.75195,0.75195
2,2,2,2,2,2
0.21641,0.21641,0.21641,0.21641,0.21641,0.21641
40,40,40,40,40,40
7,7,7,7,7,7
0.75195,0.75195,0.75195,0.75195,0.75195,0.75195
2,2,2,2,2,2
0.19355,0.19355,0.19355,0.19355,0.19355,0.19355
40,40,40,40,40,40
8,8,8,8,8,8
0.75195,0.75195,0.75195,0.75195,0.75195,0.75195
2,2,2,2,2,2
0.064734,0.064734,0.064734,0.064734,0.064734,0.064734
85,85,85,85,85,85
9,9,9,9,9,9
0.75195,0.75195,0.75195,0.75195,0.75195,0.75195
2,2,2,2,2,2
0.025293,0.025293,0.025293,0.025293,0.025293,0.025293
95,95,95,95,95,95
10,10,10,10,10,10
0.75195,0.75195,0.75195,0.75195,0.75195,0.75195
2,2,2,2,2,2
0,0,0,0,0,0
100,100,100,100,100,100
11,11,11,11,11,11
0.75195,0.75195,0.75195,0.75195,0.75195,0.75195
2,2,2,2,2,2
0,0,0,0,0,0
100,100,100,100,100,100
12,12,12,12,12,12
0.75195,0.75195,0.75195,0.75195,0.75195,0.75195
2,2,2,2,2,2
0,0,0,0,0,0
100,100,100,100,100,100
13,13,13,13,13,13
0.75195,0.75195,0.75195,0.75195,0.75195,0.75195
2,2,2,2,2,2
0,0,0,0,0,0
100,100,100,100,100,100
14,14,14,14,14,14
0.75195,0.75195,0.75195,0.75195,0.75195,0.75195
2,2,2,2,2,2
0,0,0,0,0,0
100,100,100,100,100,100
15,15,15,15,15,15
0.75195,0.75195,0.75195,0.75195,0.75195,0.75195
2,2,2,2,2,2
0,0,0,0,0,0
100,100,100,100,100,100
16,16,16,16,16,16
0.75195,0.75195,0.75195,0.75195,0.75195,0.75195
2,2,2,2,2,2
0,0,0,0,0,0
100,100,100,100,100,100
17,17,17,17,17,17
0.75195,0.75195,0.75195,0.75195,0.75195,0.75195
2,2,2,2,2,2
0,0,0,0,0,0
100,100,100,100,100,100
18,18,18,18,18,18
0.75195,0.75195,0.75195,0.75195,0.75195,0.75195
2,2,2,2,2,2
0,0,0,0,0,0
100,100,100,100,100,100
19,19,19,19,19,19
0.75195,0.75195,0.75195,0.75195,0.75195,0.75195
2,2,2,2,2,2
0,0,0,0,0,0
100,100,100,100,100,100
20,20,20,20,20,20
0.75195,0.75195,0.75195,0.75195,0.75195,0.75195
2,2,2,2,2,2
0.4908,0.4908,0.4908,0.4908,0.4908,0.4908
0,0,0,0,0,0
-20,-20,-20,-20,-20,-20
0.80078,0.80078,0.80078,0.80078,0.80078,0.80078
2,2,2,2,2,2
0.48878,0.48878,0.48878,0.48878,0.48878,0.48878
0,0,0,0,0,0
-19,-19,-19,-19,-19,-19
0.80078,0.80078,0.80078,0.80078,0.80078,0.80078
2,2,2,2,2,2
0.48655,0.48655,0.48655,0.48655,0.48655,0.48655
0,0,0,0,0,0
-18,-18,-18,-18,-18,-18
0.80078,0.80078,0.80078,0.80078,0.80078,0.80078
2,2,2,2,2,2
0.47994,0.47994,0.47994,0.47994,0.47994,0.47994
0,0,0,0,0,0
-17,-17,-17,-17,-17,-17
0.80078,0.80078,0.80078,0.80078,0.80078,0.80078
2,2,2,2,2,2
0.47468,0.47468,0.47468,0.47468,0.47468,0.47468
0,0,0,0,0,0
-16,-16,-16,-16,-16,-16
0.80078,0.80078,0.80078,0.80078,0.80078,0.80078
2,2,2,2,2,2
0.47052,0.47052,0.47052,0.47052,0.47052,0.47052
0,0,0,0,0,0
-15,-15,-15,-15,-15,-15
0.80078,0.80078,0.80078,0.80078,0.80078,0.80078
2,2,2,2,2,2
0.46576,0.46576,0.46576,0.46576,0.46576,0.46576
0,0,0,0,0,0
-14,-14,-14,-14,-14,-14
0.80078,0.80078,0.80078,0.80078,0.80078,0.80078
2,2,2,2,2,2
0.46055,0.46055,0.46055,0.46055,0.46055,0.46055
0,0,0,0,0,0
-13,-13,-13,-13,-13,-13
0.80078,0.80078,0.80078,0.80078,0.80078,0.80078
2,2,2,2,2,2
0.45469,0.45469,0.45469,0.45469,0.45469,0.45469
0,0,0,0,0,0
-12,-12,-12,-12,-12,-12
0.80078,0.80078,0.80078,0.80078,0.80078,0.80078
2,2,2,2,2,2
0.44852,0.44852,0.44852,0.44852,0.44852,0.44852
0,0,0,0,0,0
-11,-11,-11,-11,-11,-11
0.80078,0.80078,0.80078,0.80078,0.80078,0.80078
2,2,2,2,2,2
0.44174,0.44174,0.44174,0.44174,0.44174,0.44174
0,0,0,0,0,0
-10,-10,-10,-10,-10,-10
0.80078,0.80078,0.80078,0.80078,0.80078,0.80078
2,2,2,2,2,2
0.43464,0.43464,0.43464,0.43464,0.43464,0.43464
0,0,0,0,0,0
-9,-9,-9,-9,-9,-9
0.80078,0.80078,0.80078,0.80078,0.80078,0.80078
2,2,2,2,2,2
0.42717,0.42717,0.42717,0.42717,0.42717,0.42717
0,0,0,0,0,0
-8,-8,-8,-8,-8,-8
0.80078,0.80078,0.80078,0.80078,0.80078,0.80078
2,2,2,2,2,2
0.41925,0.41925,0.41925,0.41925,0.41925,0.41925
0,0,0,0,0,0
-7,-7,-7,-7,-7,-7
0.80078,0.80078,0.80078,0.80078,0.80078,0.80078
2,2,2,2,2,2
0.41116,0.41116,0.41116,0.41116,0.41116,0.41116
0,0,0,0,0,0
-6,-6,-6,-6,-6,-6
0.80078,0.80078,0.80078,0.80078,0.80078,0.80078
2,2,2,2,2,2
0.40306,0.40306,0.40306,0.40306,0.40306,0.40306
0,0,0,0,0,0
-5,-5,-5,-5,-5,-5
0.80078,0.80078,0.80078,0.80078,0.80078,0.80078
2,2,2,2,2,2
0.3949,0.3949,0.3949,0.3949,0.3949,0.3949
0,0,0,0,0,0
-4,-4,-4,-4,-4,-4
0.80078,0.80078,0.80078,0.80078,0.80078,0.80078
2,2,2,2,2,2
0.38707,0.38707,0.38707,0.38707,0.38707,0.38707
0,0,0,0,0,0
-3,-3,-3,-3,-3,-3
0.80078,0.80078,0.80078,0.80078,0.80078,0.80078
2,2,2,2,2,2
0.38036,0.38036,0.38036,0.38036,0.38036,0.38036
0,0,0,0,0,0
-2,-2,-2,-2,-2,-2
0.80078,0.80078,0.80078,0.80078,0.80078,0.80078
2,2,2,2,2,2
0.37246,0.37246,0.37246,0.37246,0.37246,0.37246
0,0,0,0,0,0
-1,-1,-1,-1,-1,-1
0.80078,0.80078,0.80078,0.80078,0.80078,0.80078
2,2,2,2,2,2
0.36522,0.36522,0.36522,0.36522,0.36522,0.36522
20,20,20,20,20,20
0,0,0,0,0,0
0.80078,0.80078,0.80078,0.80078,0.80078,0.80078
2,2,2,2,2,2
0.35818,0.35818,0.35818,0.35818,0.35818,0.35818
20,20,20,20,20,20
1,1,1,1,1,1
0.80078,0.80078,0.80078,0.80078,0.80078,0.80078
2,2,2,2,2,2
0.34214,0.34214,0.34214,0.34214,0.34214,0.34214
27.5,27.5,27.5,27.5,27.5,27.5
2,2,2,2,2,2
0.80078,0.80078,0.80078,0.80078,0.80078,0.80078
2,2,2,2,2,2
0.27209,0.27209,0.27209,0.27209,0.27209,0.27209
40,40,40,40,40,40
3,3,3,3,3,3
0.80078,0.80078,0.80078,0.80078,0.80078,0.80078
2,2,2,2,2,2
0.26291,0.26291,0.26291,0.26291,0.26291,0.26291
40,40,40,40,40,40
4,4,4,4,4,4
0.80078,0.80078,0.80078,0.80078,0.80078,0.80078
2,2,2,2,2,2
0.25358,0.25358,0.25358,0.25358,0.25358,0.25358
40,40,40,40,40,40
5,5,5,5,5,5
0.80078,0.80078,0.80078,0.80078,0.80078,0.80078
2,2,2,2,2,2
0.24358,0.24358,0.24358,0.24358,0.24358,0.24358
40,40,40,40,40,40
6,6,6,6,6,6
0.80078,0.80078,0.80078,0.80078,0.80078,0.80078
2,2,2,2,2,2
0.23135,0.23135,0.23135,0.23135,0.23135,0.23135
40,40,40,40,40,40
7,7,7,7,7,7
0.80078,0.80078,0.80078,0.80078,0.80078,0.80078
2,2,2,2,2,2
0.2128,0.2128,0.2128,0.2128,0.2128,0.2128
40,40,40,40,40,40
8,8,8,8,8,8
0.80078,0.80078,0.80078,0.80078,0.80078,0.80078
2,2,2,2,2,2
0.19264,0.19264,0.19264,0.19264,0.19264,0.19264
40,40,40,40,40,40
9,9,9,9,9,9
0.80078,0.80078,0.80078,0.80078,0.80078,0.80078
2,2,2,2,2,2
0.027599,0.027599,0.027599,0.027599,0.027599,0.027599
95,95,95,95,95,95
10,10,10,10,10,10
0.80078,0.80078,0.80078,0.80078,0.80078,0.80078
2,2,2,2,2,2
0.025828,0.025828,0.025828,0.025828,0.025828,0.025828
95,95,95,95,95,95
11,11,11,11,11,11
0.80078,0.80078,0.80078,0.80078,0.80078,0.80078
2,2,2,2,2,2
0.0126,0.0126,0.0126,0.0126,0.0126,0.0126
97.5,97.5,97.5,97.5,97.5,97.5
12,12,12,12,12,12
0.80078,0.80078,0.80078,0.80078,0.80078,0.80078
2,2,2,2,2,2
0,0,0,0,0,0
100,100,100,100,100,100
13,13,13,13,13,13
0.80078,0.80078,0.80078,0.80078,0.80078,0.80078
2,2,2,2,2,2
0,0,0,0,0,0
100,100,100,100,100,100
14,14,14,14,14,14
0.80078,0.80078,0.80078,0.80078,0.80078,0.80078
2,2,2,2,2,2
0,0,0,0,0,0
100,100,100,100,100,100
15,15,15,15,15,15
0.80078,0.80078,0.80078,0.80078,0.80078,0.80078
2,2,2,2,2,2
0,0,0,0,0,0
100,100,100,100,100,100
16,16,16,16,16,16
0.80078,0.80078,0.80078,0.80078,0.80078,0.80078
2,2,2,2,2,2
0,0,0,0,0,0
100,100,100,100,100,100
17,17,17,17,17,17
0.80078,0.80078,0.80078,0.80078,0.80078,0.80078
2,2,2,2,2,2
0,0,0,0,0,0
100,100,100,100,100,100
18,18,18,18,18,18
0.80078,0.80078,0.80078,0.80078,0.80078,0.80078
2,2,2,2,2,2
0,0,0,0,0,0
100,100,100,100,100,100
19,19,19,19,19,19
0.80078,0.80078,0.80078,0.80078,0.80078,0.80078
2,2,2,2,2,2
0,0,0,0,0,0
100,100,100,100,100,100
20,20,20,20,20,20
0.80078,0.80078,0.80078,0.80078,0.80078,0.80078
2,2,2,2,2,2
0.49229,0.49229,0.49229,0.49229,0.49229,0.49229
0,0,0,0,0,0
-20,-20,-20,-20,-20,-20
0.84961,0.84961,0.84961,0.84961,0.84961,0.84961
2,2,2,2,2,2
0.49058,0.49058,0.49058,0.49058,0.49058,0.49058
0,0,0,0,0,0
-19,-19,-19,-19,-19,-19
0.84961,0.84961,0.84961,0.84961,0.84961,0.84961
2,2,2,2,2,2
0.48869,0.48869,0.48869,0.48869,0.48869,0.48869
0,0,0,0,0,0
-18,-18,-18,-18,-18,-18
0.84961,0.84961,0.84961,0.84961,0.84961,0.84961
2,2,2,2,2,2
0.4816,0.4816,0.4816,0.4816,0.4816,0.4816
0,0,0,0,0,0
-17,-17,-17,-17,-17,-17
0.84961,0.84961,0.84961,0.84961,0.84961,0.84961
2,2,2,2,2,2
0.47802,0.47802,0.47802,0.47802,0.47802,0.47802
0,0,0,0,0,0
-16,-16,-16,-16,-16,-16
0.84961,0.84961,0.84961,0.84961,0.84961,0.84961
2,2,2,2,2,2
0.47325,0.47325,0.47325,0.47325,0.47325,0.47325
0,0,0,0,0,0
-15,-15,-15,-15,-15,-15
0.84961,0.84961,0.84961,0.84961,0.84961,0.84961
2,2,2,2,2,2
0.46877,0.46877,0.46877,0.46877,0.46877,0.46877
0,0,0,0,0,0
-14,-14,-14,-14,-14,-14
0.84961,0.84961,0.84961,0.84961,0.84961,0.84961
2,2,2,2,2,2
0.46383,0.46383,0.46383,0.46383,0.46383,0.46383
0,0,0,0,0,0
-13,-13,-13,-13,-13,-13
0.84961,0.84961,0.84961,0.84961,0.84961,0.84961
2,2,2,2,2,2
0.45855,0.45855,0.45855,0.45855,0.45855,0.45855
0,0,0,0,0,0
-12,-12,-12,-12,-12,-12
0.84961,0.84961,0.84961,0.84961,0.84961,0.84961
2,2,2,2,2,2
0.45261,0.45261,0.45261,0.45261,0.45261,0.45261
0,0,0,0,0,0
-11,-11,-11,-11,-11,-11
0.84961,0.84961,0.84961,0.84961,0.84961,0.84961
2,2,2,2,2,2
0.4461,0.4461,0.4461,0.4461,0.4461,0.4461
0,0,0,0,0,0
-10,-10,-10,-10,-10,-10
0.84961,0.84961,0.84961,0.84961,0.84961,0.84961
2,2,2,2,2,2
0.43932,0.43932,0.43932,0.43932,0.43932,0.43932
0,0,0,0,0,0
-9,-9,-9,-9,-9,-9
0.84961,0.84961,0.84961,0.84961,0.84961,0.84961
2,2,2,2,2,2
0.43206,0.43206,0.43206,0.43206,0.43206,0.43206
0,0,0,0,0,0
-8,-8,-8,-8,-8,-8
0.84961,0.84961,0.84961,0.84961,0.84961,0.84961
2,2,2,2,2,2
0.42426,0.42426,0.42426,0.42426,0.42426,0.42426
0,0,0,0,0,0
-7,-7,-7,-7,-7,-7
0.84961,0.84961,0.84961,0.84961,0.84961,0.84961
2,2,2,2,2,2
0.41646,0.41646,0.41646,0.41646,0.41646,0.41646
0,0,0,0,0,0
-6,-6,-6,-6,-6,-6
0.84961,0.84961,0.84961,0.84961,0.84961,0.84961
2,2,2,2,2,2
0.40845,0.40845,0.40845,0.40845,0.40845,0.40845
0,0,0,0,0,0
-5,-5,-5,-5,-5,-5
0.84961,0.84961,0.84961,0.84961,0.84961,0.84961
2,2,2,2,2,2
0.40033,0.40033,0.40033,0.40033,0.40033,0.40033
0,0,0,0,0,0
-4,-4,-4,-4,-4,-4
0.84961,0.84961,0.84961,0.84961,0.84961,0.84961
2,2,2,2,2,2
0.39248,0.39248,0.39248,0.39248,0.39248,0.39248
0,0,0,0,0,0
-3,-3,-3,-3,-3,-3
0.84961,0.84961,0.84961,0.84961,0.84961,0.84961
2,2,2,2,2,2
0.38531,0.38531,0.38531,0.38531,0.38531,0.38531
0,0,0,0,0,0
-2,-2,-2,-2,-2,-2
0.84961,0.84961,0.84961,0.84961,0.84961,0.84961
2,2,2,2,2,2
0.37756,0.37756,0.37756,0.37756,0.37756,0.37756
0,0,0,0,0,0
-1,-1,-1,-1,-1,-1
0.84961,0.84961,0.84961,0.84961,0.84961,0.84961
2,2,2,2,2,2
0.37085,0.37085,0.37085,0.37085,0.37085,0.37085
0,0,0,0,0,0
0,0,0,0,0,0
0.84961,0.84961,0.84961,0.84961,0.84961,0.84961
2,2,2,2,2,2
0.36396,0.36396,0.36396,0.36396,0.36396,0.36396
20,20,20,20,20,20
1,1,1,1,1,1
0.84961,0.84961,0.84961,0.84961,0.84961,0.84961
2,2,2,2,2,2
0.35564,0.35564,0.35564,0.35564,0.35564,0.35564
20,20,20,20,20,20
2,2,2,2,2,2
0.84961,0.84961,0.84961,0.84961,0.84961,0.84961
2,2,2,2,2,2
0.29684,0.29684,0.29684,0.29684,0.29684,0.29684
40,40,40,40,40,40
3,3,3,3,3,3
0.84961,0.84961,0.84961,0.84961,0.84961,0.84961
2,2,2,2,2,2
0.27012,0.27012,0.27012,0.27012,0.27012,0.27012
40,40,40,40,40,40
4,4,4,4,4,4
0.84961,0.84961,0.84961,0.84961,0.84961,0.84961
2,2,2,2,2,2
0.26107,0.26107,0.26107,0.26107,0.26107,0.26107
40,40,40,40,40,40
5,5,5,5,5,5
0.84961,0.84961,0.84961,0.84961,0.84961,0.84961
2,2,2,2,2,2
0.25214,0.25214,0.25214,0.25214,0.25214,0.25214
40,40,40,40,40,40
6,6,6,6,6,6
0.84961,0.84961,0.84961,0.84961,0.84961,0.84961
2,2,2,2,2,2
0.24299,0.24299,0.24299,0.24299,0.24299,0.24299
40,40,40,40,40,40
7,7,7,7,7,7
0.84961,0.84961,0.84961,0.84961,0.84961,0.84961
2,2,2,2,2,2
0.23278,0.23278,0.23278,0.23278,0.23278,0.23278
40,40,40,40,40,40
8,8,8,8,8,8
0.84961,0.84961,0.84961,0.84961,0.84961,0.84961
2,2,2,2,2,2
0.21923,0.21923,0.21923,0.21923,0.21923,0.21923
40,40,40,40,40,40
9,9,9,9,9,9
0.84961,0.84961,0.84961,0.84961,0.84961,0.84961
2,2,2,2,2,2
0.19825,0.19825,0.19825,0.19825,0.19825,0.19825
40,40,40,40,40,40
10,10,10,10,10,10
0.84961,0.84961,0.84961,0.84961,0.84961,0.84961
2,2,2,2,2,2
0.14053,0.14053,0.14053,0.14053,0.14053,0.14053
62.5,62.5,62.5,62.5,62.5,62.5
11,11,11,11,11,11
0.84961,0.84961,0.84961,0.84961,0.84961,0.84961
2,2,2,2,2,2
0.027283,0.027283,0.027283,0.027283,0.027283,0.027283
95,95,95,95,95,95
12,12,12,12,12,12
0.84961,0.84961,0.84961,0.84961,0.84961,0.84961
2,2,2,2,2,2
0.026388,0.026388,0.026388,0.026388,0.026388,0.026388
95,95,95,95,95,95
13,13,13,13,13,13
0.84961,0.84961,0.84961,0.84961,0.84961,0.84961
2,2,2,2,2,2
0.025839,0.025839,0.025839,0.025839,0.025839,0.025839
95,95,95,95,95,95
14,14,14,14,14,14
0.84961,0.84961,0.84961,0.84961,0.84961,0.84961
2,2,2,2,2,2
0.025219,0.025219,0.025219,0.025219,0.025219,0.025219
95,95,95,95,95,95
15,15,15,15,15,15
0.84961,0.84961,0.84961,0.84961,0.84961,0.84961
2,2,2,2,2,2
0,0,0,0,0,0
100,100,100,100,100,100
16,16,16,16,16,16
0.84961,0.84961,0.84961,0.84961,0.84961,0.84961
2,2,2,2,2,2
0,0,0,0,0,0
100,100,100,100,100,100
17,17,17,17,17,17
0.84961,0.84961,0.84961,0.84961,0.84961,0.84961
2,2,2,2,2,2
0,0,0,0,0,0
100,100,100,100,100,100
18,18,18,18,18,18
0.84961,0.84961,0.84961,0.84961,0.84961,0.84961
2,2,2,2,2,2
0,0,0,0,0,0
100,100,100,100,100,100
19,19,19,19,19,19
0.84961,0.84961,0.84961,0.84961,0.84961,0.84961
2,2,2,2,2,2
0,0,0,0,0,0
100,100,100,100,100,100
20,20,20,20,20,20
0.84961,0.84961,0.84961,0.84961,0.84961,0.84961
2,2,2,2,2,2
0.49147,0.49147,0.49147,0.49147,0.49147,0.49147
0,0,0,0,0,0
-20,-20,-20,-20,-20,-20
0.89844,0.89844,0.89844,0.89844,0.89844,0.89844
2,2,2,2,2,2
0.49008,0.49008,0.49008,0.49008,0.49008,0.49008
0,0,0,0,0,0
-19,-19,-19,-19,-19,-19
0.89844,0.89844,0.89844,0.89844,0.89844,0.89844
2,2,2,2,2,2
0.48764,0.48764,0.48764,0.48764,0.48764,0.48764
0,0,0,0,0,0
-18,-18,-18,-18,-18,-18
0.89844,0.89844,0.89844,0.89844,0.89844,0.89844
2,2,2,2,2,2
0.48217,0.48217,0.48217,0.48217,0.48217,0.48217
0,0,0,0,0,0
-17,-17,-17,-17,-17,-17
0.89844,0.89844,0.89844,0.89844,0.89844,0.89844
2,2,2,2,2,2
0.47839,0.47839,0.47839,0.47839,0.47839,0.47839
0,0,0,0,0,0
-16,-16,-16,-16,-16,-16
0.89844,0.89844,0.89844,0.89844,0.89844,0.89844
2,2,2,2,2,2
0.47483,0.47483,0.47483,0.47483,0.47483,0.47483
0,0,0,0,0,0
-15,-15,-15,-15,-15,-15
0.89844,0.89844,0.89844,0.89844,0.89844,0.89844
2,2,2,2,2,2
0.47043,0.47043,0.47043,0.47043,0.47043,0.47043
0,0,0,0,0,0
-14,-14,-14,-14,-14,-14
0.89844,0.89844,0.89844,0.89844,0.89844,0.89844
2,2,2,2,2,2
0.46585,0.46585,0.46585,0.46585,0.46585,0.46585
0,0,0,0,0,0
-13,-13,-13,-13,-13,-13
0.89844,0.89844,0.89844,0.89844,0.89844,0.89844
2,2,2,2,2,2
0.4603,0.4603,0.4603,0.4603,0.4603,0.4603
0,0,0,0,0,0
-12,-12,-12,-12,-12,-12
0.89844,0.89844,0.89844,0.89844,0.89844,0.89844
2,2,2,2,2,2
0.45448,0.45448,0.45448,0.45448,0.45448,0.45448
0,0,0,0,0,0
-11,-11,-11,-11,-11,-11
0.89844,0.89844,0.89844,0.89844,0.89844,0.89844
2,2,2,2,2,2
0.44813,0.44813,0.44813,0.44813,0.44813,0.44813
0,0,0,0,0,0
-10,-10,-10,-10,-10,-10
0.89844,0.89844,0.89844,0.89844,0.89844,0.89844
2,2,2,2,2,2
0.44161,0.44161,0.44161,0.44161,0.44161,0.44161
0,0,0,0,0,0
-9,-9,-9,-9,-9,-9
0.89844,0.89844,0.89844,0.89844,0.89844,0.89844
2,2,2,2,2,2
0.43455,0.43455,0.43455,0.43455,0.43455,0.43455
0,0,0,0,0,0
-8,-8,-8,-8,-8,-8
0.89844,0.89844,0.89844,0.89844,0.89844,0.89844
2,2,2,2,2,2
0.42726,0.42726,0.42726,0.42726,0.42726,0.42726
0,0,0,0,0,0
-7,-7,-7,-7,-7,-7
0.89844,0.89844,0.89844,0.89844,0.89844,0.89844
2,2,2,2,2,2
0.41962,0.41962,0.41962,0.41962,0.41962,0.41962
0,0,0,0,0,0
-6,-6,-6,-6,-6,-6
0.89844,0.89844,0.89844,0.89844,0.89844,0.89844
2,2,2,2,2,2
0.41169,0.41169,0.41169,0.41169,0.41169,0.41169
0,0,0,0,0,0
-5,-5,-5,-5,-5,-5
0.89844,0.89844,0.89844,0.89844,0.89844,0.89844
2,2,2,2,2,2
0.40376,0.40376,0.40376,0.40376,0.40376,0.40376
0,0,0,0,0,0
-4,-4,-4,-4,-4,-4
0.89844,0.89844,0.89844,0.89844,0.89844,0.89844
2,2,2,2,2,2
0.39607,0.39607,0.39607,0.39607,0.39607,0.39607
0,0,0,0,0,0
-3,-3,-3,-3,-3,-3
0.89844,0.89844,0.89844,0.89844,0.89844,0.89844
2,2,2,2,2,2
0.38883,0.38883,0.38883,0.38883,0.38883,0.38883
0,0,0,0,0,0
-2,-2,-2,-2,-2,-2
0.89844,0.89844,0.89844,0.89844,0.89844,0.89844
2,2,2,2,2,2
0.38068,0.38068,0.38068,0.38068,0.38068,0.38068
0,0,0,0,0,0
-1,-1,-1,-1,-1,-1
0.89844,0.89844,0.89844,0.89844,0.89844,0.89844
2,2,2,2,2,2
0.37449,0.37449,0.37449,0.37449,0.37449,0.37449
0,0,0,0,0,0
0,0,0,0,0,0
0.89844,0.89844,0.89844,0.89844,0.89844,0.89844
2,2,2,2,2,2
0.36713,0.36713,0.36713,0.36713,0.36713,0.36713
17.5,17.5,17.5,17.5,17.5,17.5
1,1,1,1,1,1
0.89844,0.89844,0.89844,0.89844,0.89844,0.89844
2,2,2,2,2,2
0.3587,0.3587,0.3587,0.3587,0.3587,0.3587
20,20,20,20,20,20
2,2,2,2,2,2
0.89844,0.89844,0.89844,0.89844,0.89844,0.89844
2,2,2,2,2,2
0.35206,0.35206,0.35206,0.35206,0.35206,0.35206
20,20,20,20,20,20
3,3,3,3,3,3
0.89844,0.89844,0.89844,0.89844,0.89844,0.89844
2,2,2,2,2,2
0.28374,0.28374,0.28374,0.28374,0.28374,0.28374
40,40,40,40,40,40
4,4,4,4,4,4
0.89844,0.89844,0.89844,0.89844,0.89844,0.89844
2,2,2,2,2,2
0.26616,0.26616,0.26616,0.26616,0.26616,0.26616
40,40,40,40,40,40
5,5,5,5,5,5
0.89844,0.89844,0.89844,0.89844,0.89844,0.89844
2,2,2,2,2,2
0.25804,0.25804,0.25804,0.25804,0.25804,0.25804
40,40,40,40,40,40
6,6,6,6,6,6
0.89844,0.89844,0.89844,0.89844,0.89844,0.89844
2,2,2,2,2,2
0.24994,0.24994,0.24994,0.24994,0.24994,0.24994
40,40,40,40,40,40
7,7,7,7,7,7
0.89844,0.89844,0.89844,0.89844,0.89844,0.89844
2,2,2,2,2,2
0.24154,0.24154,0.24154,0.24154,0.24154,0.24154
40,40,40,40,40,40
8,8,8,8,8,8
0.89844,0.89844,0.89844,0.89844,0.89844,0.89844
2,2,2,2,2,2
0.23221,0.23221,0.23221,0.23221,0.23221,0.23221
40,40,40,40,40,40
9,9,9,9,9,9
0.89844,0.89844,0.89844,0.89844,0.89844,0.89844
2,2,2,2,2,2
0.21925,0.21925,0.21925,0.21925,0.21925,0.21925
40,40,40,40,40,40
10,10,10,10,10,10
0.89844,0.89844,0.89844,0.89844,0.89844,0.89844
2,2,2,2,2,2
0.19876,0.19876,0.19876,0.19876,0.19876,0.19876
40,40,40,40,40,40
11,11,11,11,11,11
0.89844,0.89844,0.89844,0.89844,0.89844,0.89844
2,2,2,2,2,2
0.090719,0.090719,0.090719,0.090719,0.090719,0.090719
75,75,75,75,75,75
12,12,12,12,12,12
0.89844,0.89844,0.89844,0.89844,0.89844,0.89844
2,2,2,2,2,2
0.04025,0.04025,0.04025,0.04025,0.04025,0.04025
87.5,87.5,87.5,87.5,87.5,87.5
13,13,13,13,13,13
0.89844,0.89844,0.89844,0.89844,0.89844,0.89844
2,2,2,2,2,2
0.027728,0.027728,0.027728,0.027728,0.027728,0.027728
95,95,95,95,95,95
14,14,14,14,14,14
0.89844,0.89844,0.89844,0.89844,0.89844,0.89844
2,2,2,2,2,2
0.027331,0.027331,0.027331,0.027331,0.027331,0.027331
95,95,95,95,95,95
15,15,15,15,15,15
0.89844,0.89844,0.89844,0.89844,0.89844,0.89844
2,2,2,2,2,2
0.027017,0.027017,0.027017,0.027017,0.027017,0.027017
95,95,95,95,95,95
16,16,16,16,16,16
0.89844,0.89844,0.89844,0.89844,0.89844,0.89844
2,2,2,2,2,2
0.026763,0.026763,0.026763,0.026763,0.026763,0.026763
95,95,95,95,95,95
17,17,17,17,17,17
0.89844,0.89844,0.89844,0.89844,0.89844,0.89844
2,2,2,2,2,2
0.026614,0.026614,0.026614,0.026614,0.026614,0.026614
95,95,95,95,95,95
18,18,18,18,18,18
0.89844,0.89844,0.89844,0.89844,0.89844,0.89844
2,2,2,2,2,2
0.026501,0.026501,0.026501,0.026501,0.026501,0.026501
95,95,95,95,95,95
19,19,19,19,19,19
0.89844,0.89844,0.89844,0.89844,0.89844,0.89844
2,2,2,2,2,2
0.026439,0.026439,0.026439,0.026439,0.026439,0.026439
95,95,95,95,95,95
20,20,20,20,20,20
0.89844,0.89844,0.89844,0.89844,0.89844,0.89844
2,2,2,2,2,2
0.49322,0.49322,0.49322,0.49322,0.49322,0.49322
0,0,0,0,0,0
-20,-20,-20,-20,-20,-20
0.95703,0.95703,0.95703,0.95703,0.95703,0.95703
2,2,2,2,2,2
0.4914,0.4914,0.4914,0.4914,0.4914,0.4914
0,0,0,0,0,0
-19,-19,-19,-19,-19,-19
0.95703,0.95703,0.95703,0.95703,0.95703,0.95703
2,2,2,2,2,2
0.48645,0.48645,0.48645,0.48645,0.48645,0.48645
0,0,0,0,0,0
-18,-18,-18,-18,-18,-18
0.95703,0.95703,0.95703,0.95703,0.95703,0.95703
2,2,2,2,2,2
0.4834,0.4834,0.4834,0.4834,0.4834,0.4834
0,0,0,0,0,0
-17,-17,-17,-17,-17,-17
0.95703,0.95703,0.95703,0.95703,0.95703,0.95703
2,2,2,2,2,2
0.4802,0.4802,0.4802,0.4802,0.4802,0.4802
0,0,0,0,0,0
-16,-16,-16,-16,-16,-16
0.95703,0.95703,0.95703,0.95703,0.95703,0.95703
2,2,2,2,2,2
0.47684,0.47684,0.47684,0.47684,0.47684,0.47684
0,0,0,0,0,0
-15,-15,-15,-15,-15,-15
0.95703,0.95703,0.95703,0.95703,0.95703,0.95703
2,2,2,2,2,2
0.47298,0.47298,0.47298,0.47298,0.47298,0.47298
0,0,0,0,0,0
-14,-14,-14,-14,-14,-14
0.95703,0.95703,0.95703,0.95703,0.95703,0.95703
2,2,2,2,2,2
0.46863,0.46863,0.46863,0.46863,0.46863,0.46863
0,0,0,0,0,0
-13,-13,-13,-13,-13,-13
0.95703,0.95703,0.95703,0.95703,0.95703,0.95703
2,2,2,2,2,2
0.46372,0.46372,0.46372,0.46372,0.46372,0.46372
0,0,0,0,0,0
-12,-12,-12,-12,-12,-12
0.95703,0.95703,0.95703,0.95703,0.95703,0.95703
2,2,2,2,2,2
0.45838,0.45838,0.45838,0.45838,0.45838,0.45838
0,0,0,0,0,0
-11,-11,-11,-11,-11,-11
0.95703,0.95703,0.95703,0.95703,0.95703,0.95703
2,2,2,2,2,2
0.45263,0.45263,0.45263,0.45263,0.45263,0.45263
0,0,0,0,0,0
-10,-10,-10,-10,-10,-10
0.95703,0.95703,0.95703,0.95703,0.95703,0.95703
2,2,2,2,2,2
0.44631,0.44631,0.44631,0.44631,0.44631,0.44631
0,0,0,0,0,0
-9,-9,-9,-9,-9,-9
0.95703,0.95703,0.95703,0.95703,0.95703,0.95703
2,2,2,2,2,2
0.43963,0.43963,0.43963,0.43963,0.43963,0.43963
0,0,0,0,0,0
-8,-8,-8,-8,-8,-8
0.95703,0.95703,0.95703,0.95703,0.95703,0.95703
2,2,2,2,2,2
0.4324,0.4324,0.4324,0.4324,0.4324,0.4324
0,0,0,0,0,0
-7,-7,-7,-7,-7,-7
0.95703,0.95703,0.95703,0.95703,0.95703,0.95703
2,2,2,2,2,2
0.42487,0.42487,0.42487,0.42487,0.42487,0.42487
0,0,0,0,0,0
-6,-6,-6,-6,-6,-6
0.95703,0.95703,0.95703,0.95703,0.95703,0.95703
2,2,2,2,2,2
0.41698,0.41698,0.41698,0.41698,0.41698,0.41698
0,0,0,0,0,0
-5,-5,-5,-5,-5,-5
0.95703,0.95703,0.95703,0.95703,0.95703,0.95703
2,2,2,2,2,2
0.40887,0.40887,0.40887,0.40887,0.40887,0.40887
0,0,0,0,0,0
-4,-4,-4,-4,-4,-4
0.95703,0.95703,0.95703,0.95703,0.95703,0.95703
2,2,2,2,2,2
0.40108,0.40108,0.40108,0.40108,0.40108,0.40108
0,0,0,0,0,0
-3,-3,-3,-3,-3,-3
0.95703,0.95703,0.95703,0.95703,0.95703,0.95703
2,2,2,2,2,2
0.39382,0.39382,0.39382,0.39382,0.39382,0.39382
0,0,0,0,0,0
-2,-2,-2,-2,-2,-2
0.95703,0.95703,0.95703,0.95703,0.95703,0.95703
2,2,2,2,2,2
0.38582,0.38582,0.38582,0.38582,0.38582,0.38582
0,0,0,0,0,0
-1,-1,-1,-1,-1,-1
0.95703,0.95703,0.95703,0.95703,0.95703,0.95703
2,2,2,2,2,2
0.37919,0.37919,0.37919,0.37919,0.37919,0.37919
0,0,0,0,0,0
0,0,0,0,0,0
0.95703,0.95703,0.95703,0.95703,0.95703,0.95703
2,2,2,2,2,2
0.37237,0.37237,0.37237,0.37237,0.37237,0.37237
0,0,0,0,0,0
1,1,1,1,1,1
0.95703,0.95703,0.95703,0.95703,0.95703,0.95703
2,2,2,2,2,2
0.36407,0.36407,0.36407,0.36407,0.36407,0.36407
20,20,20,20,20,20
2,2,2,2,2,2
0.95703,0.95703,0.95703,0.95703,0.95703,0.95703
2,2,2,2,2,2
0.35556,0.35556,0.35556,0.35556,0.35556,0.35556
20,20,20,20,20,20
3,3,3,3,3,3
0.95703,0.95703,0.95703,0.95703,0.95703,0.95703
2,2,2,2,2,2
0.32233,0.32233,0.32233,0.32233,0.32233,0.32233
25,25,25,25,25,25
4,4,4,4,4,4
0.95703,0.95703,0.95703,0.95703,0.95703,0.95703
2,2,2,2,2,2
0.26952,0.26952,0.26952,0.26952,0.26952,0.26952
40,40,40,40,40,40
5,5,5,5,5,5
0.95703,0.95703,0.95703,0.95703,0.95703,0.95703
2,2,2,2,2,2
0.26093,0.26093,0.26093,0.26093,0.26093,0.26093
40,40,40,40,40,40
6,6,6,6,6,6
0.95703,0.95703,0.95703,0.95703,0.95703,0.95703
2,2,2,2,2,2
0.25281,0.25281,0.25281,0.25281,0.25281,0.25281
40,40,40,40,40,40
7,7,7,7,7,7
0.95703,0.95703,0.95703,0.95703,0.95703,0.95703
2,2,2,2,2,2
0.24513,0.24513,0.24513,0.24513,0.24513,0.24513
40,40,40,40,40,40
8,8,8,8,8,8
0.95703,0.95703,0.95703,0.95703,0.95703,0.95703
2,2,2,2,2,2
0.23764,0.23764,0.23764,0.23764,0.23764,0.23764
40,40,40,40,40,40
9,9,9,9,9,9
0.95703,0.95703,0.95703,0.95703,0.95703,0.95703
2,2,2,2,2,2
0.23016,0.23016,0.23016,0.23016,0.23016,0.23016
40,40,40,40,40,40
10,10,10,10,10,10
0.95703,0.95703,0.95703,0.95703,0.95703,0.95703
2,2,2,2,2,2
0.22233,0.22233,0.22233,0.22233,0.22233,0.22233
40,40,40,40,40,40
11,11,11,11,11,11
0.95703,0.95703,0.95703,0.95703,0.95703,0.95703
2,2,2,2,2,2
0.2131,0.2131,0.2131,0.2131,0.2131,0.2131
40,40,40,40,40,40
12,12,12,12,12,12
0.95703,0.95703,0.95703,0.95703,0.95703,0.95703
2,2,2,2,2,2
0.1987,0.1987,0.1987,0.1987,0.1987,0.1987
40,40,40,40,40,40
13,13,13,13,13,13
0.95703,0.95703,0.95703,0.95703,0.95703,0.95703
2,2,2,2,2,2
0.19843,0.19843,0.19843,0.19843,0.19843,0.19843
42.5,42.5,42.5,42.5,42.5,42.5
14,14,14,14,14,14
0.95703,0.95703,0.95703,0.95703,0.95703,0.95703
2,2,2,2,2,2
0.15308,0.15308,0.15308,0.15308,0.15308,0.15308
62.5,62.5,62.5,62.5,62.5,62.5
15,15,15,15,15,15
0.95703,0.95703,0.95703,0.95703,0.95703,0.95703
2,2,2,2,2,2
0.027769,0.027769,0.027769,0.027769,0.027769,0.027769
95,95,95,95,95,95
16,16,16,16,16,16
0.95703,0.95703,0.95703,0.95703,0.95703,0.95703
2,2,2,2,2,2
0.02764,0.02764,0.02764,0.02764,0.02764,0.02764
95,95,95,95,95,95
17,17,17,17,17,17
0.95703,0.95703,0.95703,0.95703,0.95703,0.95703
2,2,2,2,2,2
0.027546,0.027546,0.027546,0.027546,0.027546,0.027546
95,95,95,95,95,95
18,18,18,18,18,18
0.95703,0.95703,0.95703,0.95703,0.95703,0.95703
2,2,2,2,2,2
0.027495,0.027495,0.027495,0.027495,0.027495,0.027495
95,95,95,95,95,95
19,19,19,19,19,19
0.95703,0.95703,0.95703,0.95703,0.95703,0.95703
2,2,2,2,2,2
0.027465,0.027465,0.027465,0.027465,0.027465,0.027465
95,95,95,95,95,95
20,20,20,20,20,20
0.95703,0.95703,0.95703,0.95703,0.95703,0.95703
2,2,2,2,2,2
0,0,0,0,0,0
100,100,100,100,100,100
21,21,21,21,21,21
0.11719,0.11719,0.11719,0.11719,0.11719,0.11719
2,2,2,2,2,2
0,0,0,0,0,0
100,100,100,100,100,100
22,22,22,22,22,22
0.11719,0.11719,0.11719,0.11719,0.11719,0.11719
2,2,2,2,2,2
0,0,0,0,0,0
100,100,100,100,100,100
23,23,23,23,23,23
0.11719,0.11719,0.11719,0.11719,0.11719,0.11719
2,2,2,2,2,2
0,0,0,0,0,0
100,100,100,100,100,100
24,24,24,24,24,24
0.11719,0.11719,0.11719,0.11719,0.11719,0.11719
2,2,2,2,2,2
0,0,0,0,0,0
100,100,100,100,100,100
25,25,25,25,25,25
0.11719,0.11719,0.11719,0.11719,0.11719,0.11719
2,2,2,2,2,2
0,0,0,0,0,0
100,100,100,100,100,100
26,26,26,26,26,26
0.11719,0.11719,0.11719,0.11719,0.11719,0.11719
2,2,2,2,2,2
0,0,0,0,0,0
100,100,100,100,100,100
27,27,27,27,27,27
0.11719,0.11719,0.11719,0.11719,0.11719,0.11719
2,2,2,2,2,2
0,0,0,0,0,0
100,100,100,100,100,100
28,28,28,28,28,28
0.11719,0.11719,0.11719,0.11719,0.11719,0.11719
2,2,2,2,2,2
0,0,0,0,0,0
100,100,100,100,100,100
29,29,29,29,29,29
0.11719,0.11719,0.11719,0.11719,0.11719,0.11719
2,2,2,2,2,2
0,0,0,0,0,0
100,100,100,100,100,100
30,30,30,30,30,30
0.11719,0.11719,0.11719,0.11719,0.11719,0.11719
2,2,2,2,2,2
0,0,0,0,0,0
100,100,100,100,100,100
21,21,21,21,21,21
0.23438,0.23438,0.23438,0.23438,0.23438,0.23438
2,2,2,2,2,2
0,0,0,0,0,0
100,100,100,100,100,100
22,22,22,22,22,22
0.23438,0.23438,0.23438,0.23438,0.23438,0.23438
2,2,2,2,2,2
0,0,0,0,0,0
100,100,100,100,100,100
23,23,23,23,23,23
0.23438,0.23438,0.23438,0.23438,0.23438,0.23438
2,2,2,2,2,2
0,0,0,0,0,0
100,100,100,100,100,100
24,24,24,24,24,24
0.23438,0.23438,0.23438,0.23438,0.23438,0.23438
2,2,2,2,2,2
0,0,0,0,0,0
100,100,100,100,100,100
25,25,25,25,25,25
0.23438,0.23438,0.23438,0.23438,0.23438,0.23438
2,2,2,2,2,2
0,0,0,0,0,0
100,100,100,100,100,100
26,26,26,26,26,26
0.23438,0.23438,0.23438,0.23438,0.23438,0.23438
2,2,2,2,2,2
0,0,0,0,0,0
100,100,100,100,100,100
27,27,27,27,27,27
0.23438,0.23438,0.23438,0.23438,0.23438,0.23438
2,2,2,2,2,2
0,0,0,0,0,0
100,100,100,100,100,100
28,28,28,28,28,28
0.23438,0.23438,0.23438,0.23438,0.23438,0.23438
2,2,2,2,2,2
0,0,0,0,0,0
100,100,100,100,100,100
29,29,29,29,29,29
0.23438,0.23438,0.23438,0.23438,0.23438,0.23438
2,2,2,2,2,2
0,0,0,0,0,0
100,100,100,100,100,100
30,30,30,30,30,30
0.23438,0.23438,0.23438,0.23438,0.23438,0.23438
2,2,2,2,2,2
0,0,0,0,0,0
100,100,100,100,100,100
21,21,21,21,21,21
0.29297,0.29297,0.29297,0.29297,0.29297,0.29297
2,2,2,2,2,2
0,0,0,0,0,0
100,100,100,100,100,100
22,22,22,22,22,22
0.29297,0.29297,0.29297,0.29297,0.29297,0.29297
2,2,2,2,2,2
0,0,0,0,0,0
100,100,100,100,100,100
23,23,23,23,23,23
0.29297,0.29297,0.29297,0.29297,0.29297,0.29297
2,2,2,2,2,2
0,0,0,0,0,0
100,100,100,100,100,100
24,24,24,24,24,24
0.29297,0.29297,0.29297,0.29297,0.29297,0.29297
2,2,2,2,2,2
0,0,0,0,0,0
100,100,100,100,100,100
25,25,25,25,25,25
0.29297,0.29297,0.29297,0.29297,0.29297,0.29297
2,2,2,2,2,2
0,0,0,0,0,0
100,100,100,100,100,100
26,26,26,26,26,26
0.29297,0.29297,0.29297,0.29297,0.29297,0.29297
2,2,2,2,2,2
0,0,0,0,0,0
100,100,100,100,100,100
27,27,27,27,27,27
0.29297,0.29297,0.29297,0.29297,0.29297,0.29297
2,2,2,2,2,2
0,0,0,0,0,0
100,100,100,100,100,100
28,28,28,28,28,28
0.29297,0.29297,0.29297,0.29297,0.29297,0.29297
2,2,2,2,2,2
0,0,0,0,0,0
100,100,100,100,100,100
29,29,29,29,29,29
0.29297,0.29297,0.29297,0.29297,0.29297,0.29297
2,2,2,2,2,2
0,0,0,0,0,0
100,100,100,100,100,100
30,30,30,30,30,30
0.29297,0.29297,0.29297,0.29297,0.29297,0.29297
2,2,2,2,2,2
0,0,0,0,0,0
100,100,100,100,100,100
21,21,21,21,21,21
0.38086,0.38086,0.38086,0.38086,0.38086,0.38086
2,2,2,2,2,2
0,0,0,0,0,0
100,100,100,100,100,100
22,22,22,22,22,22
0.38086,0.38086,0.38086,0.38086,0.38086,0.38086
2,2,2,2,2,2
0,0,0,0,0,0
100,100,100,100,100,100
23,23,23,23,23,23
0.38086,0.38086,0.38086,0.38086,0.38086,0.38086
2,2,2,2,2,2
0,0,0,0,0,0
100,100,100,100,100,100
24,24,24,24,24,24
0.38086,0.38086,0.38086,0.38086,0.38086,0.38086
2,2,2,2,2,2
0,0,0,0,0,0
100,100,100,100,100,100
25,25,25,25,25,25
0.38086,0.38086,0.38086,0.38086,0.38086,0.38086
2,2,2,2,2,2
0,0,0,0,0,0
100,100,100,100,100,100
26,26,26,26,26,26
0.38086,0.38086,0.38086,0.38086,0.38086,0.38086
2,2,2,2,2,2
0,0,0,0,0,0
100,100,100,100,100,100
27,27,27,27,27,27
0.38086,0.38086,0.38086,0.38086,0.38086,0.38086
2,2,2,2,2,2
0,0,0,0,0,0
100,100,100,100,100,100
28,28,28,28,28,28
0.38086,0.38086,0.38086,0.38086,0.38086,0.38086
2,2,2,2,2,2
0,0,0,0,0,0
100,100,100,100,100,100
29,29,29,29,29,29
0.38086,0.38086,0.38086,0.38086,0.38086,0.38086
2,2,2,2,2,2
0,0,0,0,0,0
100,100,100,100,100,100
30,30,30,30,30,30
0.38086,0.38086,0.38086,0.38086,0.38086,0.38086
2,2,2,2,2,2
0,0,0,0,0,0
100,100,100,100,100,100
21,21,21,21,21,21
0.47852,0.47852,0.47852,0.47852,0.47852,0.47852
2,2,2,2,2,2
0,0,0,0,0,0
100,100,100,100,100,100
22,22,22,22,22,22
0.47852,0.47852,0.47852,0.47852,0.47852,0.47852
2,2,2,2,2,2
0,0,0,0,0,0
100,100,100,100,100,100
23,23,23,23,23,23
0.47852,0.47852,0.47852,0.47852,0.47852,0.47852
2,2,2,2,2,2
0,0,0,0,0,0
100,100,100,100,100,100
24,24,24,24,24,24
0.47852,0.47852,0.47852,0.47852,0.47852,0.47852
2,2,2,2,2,2
0,0,0,0,0,0
100,100,100,100,100,100
25,25,25,25,25,25
0.47852,0.47852,0.47852,0.47852,0.47852,0.47852
2,2,2,2,2,2
0,0,0,0,0,0
100,100,100,100,100,100
26,26,26,26,26,26
0.47852,0.47852,0.47852,0.47852,0.47852,0.47852
2,2,2,2,2,2
0,0,0,0,0,0
100,100,100,100,100,100
27,27,27,27,27,27
0.47852,0.47852,0.47852,0.47852,0.47852,0.47852
2,2,2,2,2,2
0,0,0,0,0,0
100,100,100,100,100,100
28,28,28,28,28,28
0.47852,0.47852,0.47852,0.47852,0.47852,0.47852
2,2,2,2,2,2
0,0,0,0,0,0
100,100,100,100,100,100
29,29,29,29,29,29
0.47852,0.47852,0.47852,0.47852,0.47852,0.47852
2,2,2,2,2,2
0,0,0,0,0,0
100,100,100,100,100,100
30,30,30,30,30,30
0.47852,0.47852,0.47852,0.47852,0.47852,0.47852
2,2,2,2,2,2
0,0,0,0,0,0
100,100,100,100,100,100
21,21,21,21,21,21
0.53711,0.53711,0.53711,0.53711,0.53711,0.53711
2,2,2,2,2,2
0,0,0,0,0,0
100,100,100,100,100,100
22,22,22,22,22,22
0.53711,0.53711,0.53711,0.53711,0.53711,0.53711
2,2,2,2,2,2
0,0,0,0,0,0
100,100,100,100,100,100
23,23,23,23,23,23
0.53711,0.53711,0.53711,0.53711,0.53711,0.53711
2,2,2,2,2,2
0,0,0,0,0,0
100,100,100,100,100,100
24,24,24,24,24,24
0.53711,0.53711,0.53711,0.53711,0.53711,0.53711
2,2,2,2,2,2
0,0,0,0,0,0
100,100,100,100,100,100
25,25,25,25,25,25
0.53711,0.53711,0.53711,0.53711,0.53711,0.53711
2,2,2,2,2,2
0,0,0,0,0,0
100,100,100,100,100,100
26,26,26,26,26,26
0.53711,0.53711,0.53711,0.53711,0.53711,0.53711
2,2,2,2,2,2
0,0,0,0,0,0
100,100,100,100,100,100
27,27,27,27,27,27
0.53711,0.53711,0.53711,0.53711,0.53711,0.53711
2,2,2,2,2,2
0,0,0,0,0,0
100,100,100,100,100,100
28,28,28,28,28,28
0.53711,0.53711,0.53711,0.53711,0.53711,0.53711
2,2,2,2,2,2
0,0,0,0,0,0
100,100,100,100,100,100
29,29,29,29,29,29
0.53711,0.53711,0.53711,0.53711,0.53711,0.53711
2,2,2,2,2,2
0,0,0,0,0,0
100,100,100,100,100,100
30,30,30,30,30,30
0.53711,0.53711,0.53711,0.53711,0.53711,0.53711
2,2,2,2,2,2
0,0,0,0,0,0
100,100,100,100,100,100
21,21,21,21,21,21
0.58594,0.58594,0.58594,0.58594,0.58594,0.58594
2,2,2,2,2,2
0,0,0,0,0,0
100,100,100,100,100,100
22,22,22,22,22,22
0.58594,0.58594,0.58594,0.58594,0.58594,0.58594
2,2,2,2,2,2
0,0,0,0,0,0
100,100,100,100,100,100
23,23,23,23,23,23
0.58594,0.58594,0.58594,0.58594,0.58594,0.58594
2,2,2,2,2,2
0,0,0,0,0,0
100,100,100,100,100,100
24,24,24,24,24,24
0.58594,0.58594,0.58594,0.58594,0.58594,0.58594
2,2,2,2,2,2
0,0,0,0,0,0
100,100,100,100,100,100
25,25,25,25,25,25
0.58594,0.58594,0.58594,0.58594,0.58594,0.58594
2,2,2,2,2,2
0,0,0,0,0,0
100,100,100,100,100,100
26,26,26,26,26,26
0.58594,0.58594,0.58594,0.58594,0.58594,0.58594
2,2,2,2,2,2
0,0,0,0,0,0
100,100,100,100,100,100
27,27,27,27,27,27
0.58594,0.58594,0.58594,0.58594,0.58594,0.58594
2,2,2,2,2,2
0,0,0,0,0,0
100,100,100,100,100,100
28,28,28,28,28,28
0.58594,0.58594,0.58594,0.58594,0.58594,0.58594
2,2,2,2,2,2
0,0,0,0,0,0
100,100,100,100,100,100
29,29,29,29,29,29
0.58594,0.58594,0.58594,0.58594,0.58594,0.58594
2,2,2,2,2,2
0,0,0,0,0,0
100,100,100,100,100,100
30,30,30,30,30,30
0.58594,0.58594,0.58594,0.58594,0.58594,0.58594
2,2,2,2,2,2
0,0,0,0,0,0
100,100,100,100,100,100
21,21,21,21,21,21
0.64453,0.64453,0.64453,0.64453,0.64453,0.64453
2,2,2,2,2,2
0,0,0,0,0,0
100,100,100,100,100,100
22,22,22,22,22,22
0.64453,0.64453,0.64453,0.64453,0.64453,0.64453
2,2,2,2,2,2
0,0,0,0,0,0
100,100,100,100,100,100
23,23,23,23,23,23
0.64453,0.64453,0.64453,0.64453,0.64453,0.64453
2,2,2,2,2,2
0,0,0,0,0,0
100,100,100,100,100,100
24,24,24,24,24,24
0.64453,0.64453,0.64453,0.64453,0.64453,0.64453
2,2,2,2,2,2
0,0,0,0,0,0
100,100,100,100,100,100
25,25,25,25,25,25
0.64453,0.64453,0.64453,0.64453,0.64453,0.64453
2,2,2,2,2,2
0,0,0,0,0,0
100,100,100,100,100,100
26,26,26,26,26,26
0.64453,0.64453,0.64453,0.64453,0.64453,0.64453
2,2,2,2,2,2
0,0,0,0,0,0
100,100,100,100,100,100
27,27,27,27,27,27
0.64453,0.64453,0.64453,0.64453,0.64453,0.64453
2,2,2,2,2,2
0,0,0,0,0,0
100,100,100,100,100,100
28,28,28,28,28,28
0.64453,0.64453,0.64453,0.64453,0.64453,0.64453
2,2,2,2,2,2
0,0,0,0,0,0
100,100,100,100,100,100
29,29,29,29,29,29
0.64453,0.64453,0.64453,0.64453,0.64453,0.64453
2,2,2,2,2,2
0,0,0,0,0,0
100,100,100,100,100,100
30,30,30,30,30,30
0.64453,0.64453,0.64453,0.64453,0.64453,0.64453
2,2,2,2,2,2
0,0,0,0,0,0
100,100,100,100,100,100
21,21,21,21,21,21
0.70313,0.70313,0.70313,0.70313,0.70313,0.70313
2,2,2,2,2,2
0,0,0,0,0,0
100,100,100,100,100,100
22,22,22,22,22,22
0.70313,0.70313,0.70313,0.70313,0.70313,0.70313
2,2,2,2,2,2
0,0,0,0,0,0
100,100,100,100,100,100
23,23,23,23,23,23
0.70313,0.70313,0.70313,0.70313,0.70313,0.70313
2,2,2,2,2,2
0,0,0,0,0,0
100,100,100,100,100,100
24,24,24,24,24,24
0.70313,0.70313,0.70313,0.70313,0.70313,0.70313
2,2,2,2,2,2
0,0,0,0,0,0
100,100,100,100,100,100
25,25,25,25,25,25
0.70313,0.70313,0.70313,0.70313,0.70313,0.70313
2,2,2,2,2,2
0,0,0,0,0,0
100,100,100,100,100,100
26,26,26,26,26,26
0.70313,0.70313,0.70313,0.70313,0.70313,0.70313
2,2,2,2,2,2
0,0,0,0,0,0
100,100,100,100,100,100
27,27,27,27,27,27
0.70313,0.70313,0.70313,0.70313,0.70313,0.70313
2,2,2,2,2,2
0,0,0,0,0,0
100,100,100,100,100,100
28,28,28,28,28,28
0.70313,0.70313,0.70313,0.70313,0.70313,0.70313
2,2,2,2,2,2
0,0,0,0,0,0
100,100,100,100,100,100
29,29,29,29,29,29
0.70313,0.70313,0.70313,0.70313,0.70313,0.70313
2,2,2,2,2,2
0,0,0,0,0,0
100,100,100,100,100,100
30,30,30,30,30,30
0.70313,0.70313,0.70313,0.70313,0.70313,0.70313
2,2,2,2,2,2
0,0,0,0,0,0
100,100,100,100,100,100
21,21,21,21,21,21
0.75195,0.75195,0.75195,0.75195,0.75195,0.75195
2,2,2,2,2,2
0,0,0,0,0,0
100,100,100,100,100,100
22,22,22,22,22,22
0.75195,0.75195,0.75195,0.75195,0.75195,0.75195
2,2,2,2,2,2
0,0,0,0,0,0
100,100,100,100,100,100
23,23,23,23,23,23
0.75195,0.75195,0.75195,0.75195,0.75195,0.75195
2,2,2,2,2,2
0,0,0,0,0,0
100,100,100,100,100,100
24,24,24,24,24,24
0.75195,0.75195,0.75195,0.75195,0.75195,0.75195
2,2,2,2,2,2
0,0,0,0,0,0
100,100,100,100,100,100
25,25,25,25,25,25
0.75195,0.75195,0.75195,0.75195,0.75195,0.75195
2,2,2,2,2,2
0,0,0,0,0,0
100,100,100,100,100,100
26,26,26,26,26,26
0.75195,0.75195,0.75195,0.75195,0.75195,0.75195
2,2,2,2,2,2
0,0,0,0,0,0
100,100,100,100,100,100
27,27,27,27,27,27
0.75195,0.75195,0.75195,0.75195,0.75195,0.75195
2,2,2,2,2,2
0,0,0,0,0,0
100,100,100,100,100,100
28,28,28,28,28,28
0.75195,0.75195,0.75195,0.75195,0.75195,0.75195
2,2,2,2,2,2
0,0,0,0,0,0
100,100,100,100,100,100
29,29,29,29,29,29
0.75195,0.75195,0.75195,0.75195,0.75195,0.75195
2,2,2,2,2,2
0,0,0,0,0,0
100,100,100,100,100,100
30,30,30,30,30,30
0.75195,0.75195,0.75195,0.75195,0.75195,0.75195
2,2,2,2,2,2
0,0,0,0,0,0
100,100,100,100,100,100
21,21,21,21,21,21
0.80078,0.80078,0.80078,0.80078,0.80078,0.80078
2,2,2,2,2,2
0,0,0,0,0,0
100,100,100,100,100,100
22,22,22,22,22,22
0.80078,0.80078,0.80078,0.80078,0.80078,0.80078
2,2,2,2,2,2
0,0,0,0,0,0
100,100,100,100,100,100
23,23,23,23,23,23
0.80078,0.80078,0.80078,0.80078,0.80078,0.80078
2,2,2,2,2,2
0,0,0,0,0,0
100,100,100,100,100,100
24,24,24,24,24,24
0.80078,0.80078,0.80078,0.80078,0.80078,0.80078
2,2,2,2,2,2
0,0,0,0,0,0
100,100,100,100,100,100
25,25,25,25,25,25
0.80078,0.80078,0.80078,0.80078,0.80078,0.80078
2,2,2,2,2,2
0,0,0,0,0,0
100,100,100,100,100,100
26,26,26,26,26,26
0.80078,0.80078,0.80078,0.80078,0.80078,0.80078
2,2,2,2,2,2
0,0,0,0,0,0
100,100,100,100,100,100
27,27,27,27,27,27
0.80078,0.80078,0.80078,0.80078,0.80078,0.80078
2,2,2,2,2,2
0,0,0,0,0,0
100,100,100,100,100,100
28,28,28,28,28,28
0.80078,0.80078,0.80078,0.80078,0.80078,0.80078
2,2,2,2,2,2
0,0,0,0,0,0
100,100,100,100,100,100
29,29,29,29,29,29
0.80078,0.80078,0.80078,0.80078,0.80078,0.80078
2,2,2,2,2,2
0,0,0,0,0,0
100,100,100,100,100,100
30,30,30,30,30,30
0.80078,0.80078,0.80078,0.80078,0.80078,0.80078
2,2,2,2,2,2
0,0,0,0,0,0
100,100,100,100,100,100
21,21,21,21,21,21
0.84961,0.84961,0.84961,0.84961,0.84961,0.84961
2,2,2,2,2,2
0,0,0,0,0,0
100,100,100,100,100,100
22,22,22,22,22,22
0.84961,0.84961,0.84961,0.84961,0.84961,0.84961
2,2,2,2,2,2
0,0,0,0,0,0
100,100,100,100,100,100
23,23,23,23,23,23
0.84961,0.84961,0.84961,0.84961,0.84961,0.84961
2,2,2,2,2,2
0,0,0,0,0,0
100,100,100,100,100,100
24,24,24,24,24,24
0.84961,0.84961,0.84961,0.84961,0.84961,0.84961
2,2,2,2,2,2
0,0,0,0,0,0
100,100,100,100,100,100
25,25,25,25,25,25
0.84961,0.84961,0.84961,0.84961,0.84961,0.84961
2,2,2,2,2,2
0,0,0,0,0,0
100,100,100,100,100,100
26,26,26,26,26,26
0.84961,0.84961,0.84961,0.84961,0.84961,0.84961
2,2,2,2,2,2
0,0,0,0,0,0
100,100,100,100,100,100
27,27,27,27,27,27
0.84961,0.84961,0.84961,0.84961,0.84961,0.84961
2,2,2,2,2,2
0,0,0,0,0,0
100,100,100,100,100,100
28,28,28,28,28,28
0.84961,0.84961,0.84961,0.84961,0.84961,0.84961
2,2,2,2,2,2
0,0,0,0,0,0
100,100,100,100,100,100
29,29,29,29,29,29
0.84961,0.84961,0.84961,0.84961,0.84961,0.84961
2,2,2,2,2,2
0,0,0,0,0,0
100,100,100,100,100,100
30,30,30,30,30,30
0.84961,0.84961,0.84961,0.84961,0.84961,0.84961
2,2,2,2,2,2
0.026414,0.026414,0.026414,0.026414,0.026414,0.026414
95,95,95,95,95,95
21,21,21,21,21,21
0.89844,0.89844,0.89844,0.89844,0.89844,0.89844
2,2,2,2,2,2
0.026405,0.026405,0.026405,0.026405,0.026405,0.026405
95,95,95,95,95,95
22,22,22,22,22,22
0.89844,0.89844,0.89844,0.89844,0.89844,0.89844
2,2,2,2,2,2
0.026401,0.026401,0.026401,0.026401,0.026401,0.026401
95,95,95,95,95,95
23,23,23,23,23,23
0.89844,0.89844,0.89844,0.89844,0.89844,0.89844
2,2,2,2,2,2
0.026401,0.026401,0.026401,0.026401,0.026401,0.026401
95,95,95,95,95,95
24,24,24,24,24,24
0.89844,0.89844,0.89844,0.89844,0.89844,0.89844
2,2,2,2,2,2
0.026401,0.026401,0.026401,0.026401,0.026401,0.026401
95,95,95,95,95,95
25,25,25,25,25,25
0.89844,0.89844,0.89844,0.89844,0.89844,0.89844
2,2,2,2,2,2
0.026401,0.026401,0.026401,0.026401,0.026401,0.026401
95,95,95,95,95,95
26,26,26,26,26,26
0.89844,0.89844,0.89844,0.89844,0.89844,0.89844
2,2,2,2,2,2
0.026401,0.026401,0.026401,0.026401,0.026401,0.026401
95,95,95,95,95,95
27,27,27,27,27,27
0.89844,0.89844,0.89844,0.89844,0.89844,0.89844
2,2,2,2,2,2
0.026401,0.026401,0.026401,0.026401,0.026401,0.026401
95,95,95,95,95,95
28,28,28,28,28,28
0.89844,0.89844,0.89844,0.89844,0.89844,0.89844
2,2,2,2,2,2
0.026401,0.026401,0.026401,0.026401,0.026401,0.026401
95,95,95,95,95,95
29,29,29,29,29,29
0.89844,0.89844,0.89844,0.89844,0.89844,0.89844
2,2,2,2,2,2
0.026401,0.026401,0.026401,0.026401,0.026401,0.026401
95,95,95,95,95,95
30,30,30,30,30,30
0.89844,0.89844,0.89844,0.89844,0.89844,0.89844
2,2,2,2,2,2
0.027452,0.027452,0.027452,0.027452,0.027452,0.027452
95,95,95,95,95,95
21,21,21,21,21,21
0.95703,0.95703,0.95703,0.95703,0.95703,0.95703
2,2,2,2,2,2
0.027442,0.027442,0.027442,0.027442,0.027442,0.027442
95,95,95,95,95,95
22,22,22,22,22,22
0.95703,0.95703,0.95703,0.95703,0.95703,0.95703
2,2,2,2,2,2
0.02744,0.02744,0.02744,0.02744,0.02744,0.02744
95,95,95,95,95,95
23,23,23,23,23,23
0.95703,0.95703,0.95703,0.95703,0.95703,0.95703
2,2,2,2,2,2
0.02744,0.02744,0.02744,0.02744,0.02744,0.02744
95,95,95,95,95,95
24,24,24,24,24,24
0.95703,0.95703,0.95703,0.95703,0.95703,0.95703
2,2,2,2,2,2
0.02744,0.02744,0.02744,0.02744,0.02744,0.02744
95,95,95,95,95,95
25,25,25,25,25,25
0.95703,0.95703,0.95703,0.95703,0.95703,0.95703
2,2,2,2,2,2
0.02744,0.02744,0.02744,0.02744,0.02744,0.02744
95,95,95,95,95,95
26,26,26,26,26,26
0.95703,0.95703,0.95703,0.95703,0.95703,0.95703
2,2,2,2,2,2
0.02744,0.02744,0.02744,0.02744,0.02744,0.02744
95,95,95,95,95,95
27,27,27,27,27,27
0.95703,0.95703,0.95703,0.95703,0.95703,0.95703
2,2,2,2,2,2
0.02744,0.02744,0.02744,0.02744,0.02744,0.02744
95,95,95,95,95,95
28,28,28,28,28,28
0.95703,0.95703,0.95703,0.95703,0.95703,0.95703
2,2,2,2,2,2
0.02744,0.02744,0.02744,0.02744,0.02744,0.02744
95,95,95,95,95,95
29,29,29,29,29,29
0.95703,0.95703,0.95703,0.95703,0.95703,0.95703
2,2,2,2,2,2
0.02744,0.02744,0.02744,0.02744,0.02744,0.02744
95,95,95,95,95,95
30,30,30,30,30,30
0.95703,0.95703,0.95703,0.95703,0.95703,0.95703
2,2,2,2,2,2
